id,action_type,title,platform,user_id,timestamp,contents_id_content,youtube_streams_id_streams,category_id,module_name
4f34620b-5293-4ef3-b830-80b9a42f6786,view_pdf,Produk Domestik Regional Bruto Kota Malang Menurut Lapangan Usaha 2023,android,user_5_taufik_hidayat_5@example.com,2026-07-03T14:23:03.801348+00:00,b4138e54-6653-472c-ae8b-b01fa86a3b0e,,1,publikasi
ace63793-276c-4edc-8c76-f34ec9eda5b7,view_page,Tingkat Penghunian Kamar Hotel Kota Malang Semester I 2024,android,device_737eae19,2026-07-03T22:14:24.105374+00:00,73f00342-0b53-43b9-bbcf-1a523751ddda,,1,infografis
9018da86-169b-4b48-aa1c-6966ece34e4a,view_page,Harapan Lama Sekolah,android,user_13_lukman_hakim_13@example.com,2026-07-03T22:30:35.943122+00:00,,,4,fitur
da37fdb0-a730-44fd-a7fe-3eaa857075ce,view_page,Produk Domestik Regional Bruto Kota Malang Menurut Lapangan Usaha 2023,android,user_46_nurul_hidayah_46@example.com,2026-07-04T06:46:58.911573+00:00,b4138e54-6653-472c-ae8b-b01fa86a3b0e,,1,publikasi
3a052979-6efa-46a0-a05d-4ebd3201b187,view_pdf,Kota Malang Dalam Angka 2024,android,device_6fe823ba,2026-07-04T08:57:50.182759+00:00,4d21cdd5-8bbb-4588-9d75-bdf304eabaa2,,5,publikasi
ec1e6f97-4395-4b16-9b25-0877bf0542d3,view_page,Perkembangan Indeks Harga Konsumen / Inflasi Kota Malang 2024,android,user_48_dewi_anggraini_48@example.com,2026-07-04T09:11:29.570235+00:00,153eb443-bf3a-4972-91d8-9789b011510b,,1,brs
9b34ebcf-136f-47e9-bee8-a78b8ea28250,view_pdf,Tingkat Ketimpangan Pengeluaran Penduduk (Gini Ratio) Kota Malang 2023,android,device_04fc4a94,2026-07-04T11:11:44.432975+00:00,d8f046d4-0fd0-424e-9b7d-1ad89485766a,,7,brs
cf7bb45b-acd6-4fb5-8f06-3ac125fab162,download_file,Statistik Kesejahteraan Rakyat dan Pengeluaran Konsumsi Kota Malang 2023,android,device_ac1adb92,2026-07-04T11:36:26.030774+00:00,23a58e84-c462-4bf8-a5ea-c7bc3825a70c,,7,publikasi
a42ad47f-be15-4eb2-abe3-c7cfef0c080f,view_page,Usia Harapan Hidup,android,device_04fc4a94,2026-07-04T12:36:49.639661+00:00,,,4,fitur
5d5bd5ba-35a1-44f2-bd5a-5d973543b694,view_pdf,Laju Pertumbuhan Ekonomi (LPE) Kota Malang Triwulan II 2024,android,user_50_fajar_nugroho_50@example.com,2026-07-04T21:43:09.989267+00:00,34649ace-ddf1-4f19-aa4e-2f065c52ac56,,1,brs
f9ac1d73-742f-4619-8de1-6ccded37a36f,view_pdf,Hasil Sensus Penduduk dan Proyeksi Penduduk Menurut Kecamatan 2023,android,device_7aa1f439,2026-07-04T23:31:01.992077+00:00,d1f9c425-45eb-4e73-b65e-c08d0fad3caf,,5,publikasi
6768aece-a481-4647-a984-f3543b355316,view_page,Keadaan Ketenagakerjaan Kota Malang Agustus 2023,android,user_12_hadi_wijaya_12@example.com,2026-07-05T11:18:08.518231+00:00,dbb4a727-6747-4aad-95de-33be8902e079,,3,brs
5d0e1c5d-af58-4082-aec9-06828b402a2a,download_file,Luas Panen dan Produksi Padi di Kota Malang 2023 (Angka Tetap),ios,user_19_gita_permata_19@example.com,2026-07-05T14:18:51.555947+00:00,53ccbf55-ec6c-41ee-b286-a287c99906a8,,6,brs
6aa25e60-dee6-4998-8ae2-f0bff57dc33f,download_file,"Statistik Pertanian, Peternakan, dan Hortikultura Kota Malang 2023",android,device_9ff94146,2026-07-05T14:55:00.567616+00:00,821622ab-94f7-498c-b216-82c39b77ef9d,,6,publikasi
55c3b1d2-322d-4cb3-b38b-8a0fa4395b82,view_page,Laju Pertumbuhan Ekonomi,android,device_71e576a8,2026-07-05T15:27:37.260370+00:00,,,1,fitur
e1436b08-1a43-4b1c-8bb0-a67d91ea5246,download_file,Kota Malang Dalam Angka 2024,ios,device_f7e7ad1e,2026-07-06T03:16:14.491730+00:00,4d21cdd5-8bbb-4588-9d75-bdf304eabaa2,,5,publikasi
908b1bd2-da57-4128-9051-ec1c2c0fa048,view_page,Tingkat Partisipasi Angkatan Kerja (TPAK) Kota Malang,android,device_d43a4c3f,2026-07-06T05:36:49.989921+00:00,0ad0a195-2b38-4f46-b205-0ca879fa1dbd,,3,infografis
c6e95dc1-a4d9-44f6-ac57-3f7228877d64,view_pdf,Tingkat Partisipasi Angkatan Kerja (TPAK) Kota Malang,android,device_d43a4c3f,2026-07-06T07:46:05.333992+00:00,0ad0a195-2b38-4f46-b205-0ca879fa1dbd,,3,infografis
c19a2c93-c2bf-42c6-b3c6-f9aee600ecdb,view_page,Indeks Kedalaman dan Keparahan Kemiskinan Kota Malang 2019-2023,android,user_19_gita_permata_19@example.com,2026-07-06T08:47:05.544859+00:00,849d2910-63e6-42b9-bc4d-f43f9d152bcf,,2,publikasi
a17f8e86-2b02-40b9-8f29-79244ba05170,view_page,Indeks Kedalaman Kemiskinan,android,device_aa56314e,2026-07-06T13:01:01.692811+00:00,,,2,fitur
a0c45101-c498-44d1-92ee-fcdc8b66ec8d,view_page,Gini Rasio Kota Malang,android,user_30_yolanda_fransiska_30@example.com,2026-07-06T14:03:30.857589+00:00,,,7,fitur
4b887a25-b44c-41ee-9e23-c40a70449e80,download_file,Hasil Sensus Penduduk dan Proyeksi Penduduk Menurut Kecamatan 2023,android,user_27_yolanda_fransiska_27@example.com,2026-07-06T14:04:15.255153+00:00,d1f9c425-45eb-4e73-b65e-c08d0fad3caf,,5,publikasi
8608d01b-c844-439e-9cbb-59b1faa0d130,view_page,Penduduk Menurut Jenis Kelamin,ios,device_8741b3e4,2026-07-06T14:09:04.701122+00:00,,,5,fitur
2cc83707-1172-4d85-ba4e-cf0abe03789c,view_page,Penduduk Menurut Kecamatan,ios,device_71e576a8,2026-07-06T15:32:20.869054+00:00,,,5,fitur
607e49c7-f5f6-4e02-bf1e-32a8d0a523ae,download_file,Luas Panen dan Produksi Padi di Kota Malang 2023 (Angka Tetap),android,device_75d4e6b1,2026-07-06T17:39:52.545938+00:00,53ccbf55-ec6c-41ee-b286-a287c99906a8,,6,brs
0d5de010-5ca4-4e5c-8d31-012e0afbe921,view_pdf,Tingkat Ketimpangan Pengeluaran Penduduk (Gini Ratio) Kota Malang 2023,ios,device_bf3a5d5b,2026-07-06T18:09:11.494794+00:00,d8f046d4-0fd0-424e-9b7d-1ad89485766a,,7,brs
7273246f-a2e2-46d9-84e8-4e8ac82fbfc6,view_pdf,Angka Harapan Hidup dan Harapan Lama Sekolah Kota Malang 2023,ios,user_45_taufik_hidayat_45@example.com,2026-07-06T21:57:45.257579+00:00,bfb01c78-0ed2-46dd-9631-7d6cdc32c4a8,,4,publikasi
1c5472fe-bae0-47ce-9cd4-62298bb38e35,view_pdf,Kepadatan dan Piramida Penduduk Kota Malang,android,user_23_rizky_firmansyah_23@example.com,2026-07-07T01:33:58.001332+00:00,9a440ecf-18b0-4c1f-86e3-1793d657fe60,,5,infografis
2ded0722-2347-4176-bb8e-ebc9656059b8,view_page,Perkembangan Indeks Harga Konsumen / Inflasi Kota Malang 2024,android,user_28_ahmad_fauzi_28@example.com,2026-07-07T03:41:14.481254+00:00,153eb443-bf3a-4972-91d8-9789b011510b,,1,brs
f45708d8-55a6-4803-8e2d-2907eadc4585,view_pdf,Garis Kemiskinan dan Jumlah Penduduk Miskin Kota Malang,android,user_24_zulfa_azizah_24@example.com,2026-07-07T06:47:04.808188+00:00,92628f5b-aa64-41bb-a679-f0b01507a173,,2,infografis
3069766c-b9aa-4e85-beb3-fba60053d725,view_page,Tingkat Ketimpangan Pengeluaran Penduduk (Gini Ratio) Kota Malang 2023,ios,user_10_yolanda_fransiska_10@example.com,2026-07-07T09:28:05.475870+00:00,d8f046d4-0fd0-424e-9b7d-1ad89485766a,,7,brs
fdb43c86-418c-45ec-b7b0-8cc1eab9c9ca,view_page,Inflasi Bulanan Kota Malang,android,device_7fc9c339,2026-07-07T09:28:39.683335+00:00,,,1,fitur
964b96e4-c689-49f0-bcf3-99d98fa1bc3c,view_page,Tingkat Pengangguran Terbuka,android,device_018ad5f7,2026-07-07T10:03:30.739027+00:00,,,3,fitur
29f41ea2-f5cf-4a06-a33b-2ce30fcff5b6,view_page,Indeks Kedalaman dan Keparahan Kemiskinan Kota Malang 2019-2023,android,device_aa56314e,2026-07-07T20:51:42.903833+00:00,849d2910-63e6-42b9-bc4d-f43f9d152bcf,,2,publikasi
952dd2c0-0bdb-42af-8df4-cbcfe05db1dd,view_page,Tingkat Ketimpangan Pengeluaran Penduduk (Gini Ratio) Kota Malang 2023,android,user_28_ahmad_fauzi_28@example.com,2026-07-07T21:04:49.224805+00:00,d8f046d4-0fd0-424e-9b7d-1ad89485766a,,7,brs
33ff92ee-e531-4b14-8415-a05c682d89fa,view_page,Inflasi Bulanan Kota Malang,android,device_37f4a7b9,2026-07-08T01:42:22.042873+00:00,,,1,fitur
94cb72ea-0733-49ae-afcb-84eaa6572547,view_page,Hasil Sensus Penduduk dan Proyeksi Penduduk Menurut Kecamatan 2023,android,device_75d4e6b1,2026-07-08T02:27:50.156449+00:00,d1f9c425-45eb-4e73-b65e-c08d0fad3caf,,5,publikasi
cb4a342d-5747-4427-b902-304c24d791a4,view_page,Inflasi Bulanan Kota Malang,android,device_6db1e2a9,2026-07-08T05:12:00.817470+00:00,,,1,fitur
973b96d7-2264-4afc-86db-d0fbdf9f9716,view_page,Gini Rasio Kota Malang,android,device_bb002908,2026-07-08T06:20:59.758139+00:00,,,7,fitur
38b675b0-891b-4033-99aa-b8def4873494,view_pdf,Kota Malang Dalam Angka 2024,ios,user_3_ahmad_fauzi_3@example.com,2026-07-08T09:36:31.040634+00:00,4d21cdd5-8bbb-4588-9d75-bdf304eabaa2,,5,publikasi
42adab5c-2d51-43c8-8ce5-7aebbf25aca0,view_page,Penduduk Menurut Jenis Kelamin,android,user_48_dewi_anggraini_48@example.com,2026-07-08T12:40:04.899689+00:00,,,5,fitur
dd08a372-d8a2-4788-8800-e4481505fa25,download_file,Garis Kemiskinan dan Jumlah Penduduk Miskin Kota Malang,android,device_c2dd9db5,2026-07-08T15:27:50.871487+00:00,92628f5b-aa64-41bb-a679-f0b01507a173,,2,infografis
9739df27-6553-424d-bbe4-0bcc00b6c4db,view_page,Usia Harapan Hidup,android,device_bb002908,2026-07-08T15:32:27.526047+00:00,,,4,fitur
4f967ca2-b09d-48c8-b52e-0f5acdce5bac,view_pdf,Tingkat Ketimpangan Pengeluaran Penduduk (Gini Ratio) Kota Malang 2023,android,device_05c90f14,2026-07-08T16:48:15.436369+00:00,d8f046d4-0fd0-424e-9b7d-1ad89485766a,,7,brs
756268dc-9473-4b7e-afa0-962b05ed66e4,view_page,Luas Panen dan Produksi Padi di Kota Malang 2023 (Angka Tetap),android,user_35_citra_lestari_35@example.com,2026-07-08T16:49:41.660412+00:00,53ccbf55-ec6c-41ee-b286-a287c99906a8,,6,brs
0a1862a1-9668-4d5d-92f9-f51d154affbf,view_pdf,Perkembangan Indeks Harga Konsumen / Inflasi Kota Malang 2024,android,device_52931df5,2026-07-08T16:50:59.181846+00:00,153eb443-bf3a-4972-91d8-9789b011510b,,1,brs
f4834ad4-4a24-4f9f-a5dd-4eca98df571b,view_page,Statistik Kesejahteraan Rakyat dan Pengeluaran Konsumsi Kota Malang 2023,android,device_7a936bd8,2026-07-08T17:55:50.741220+00:00,23a58e84-c462-4bf8-a5ea-c7bc3825a70c,,7,publikasi
cb8effaa-593c-497b-8873-49934be55103,view_page,Tingkat Partisipasi Angkatan Kerja (TPAK) Kota Malang,android,user_31_lukman_hakim_31@example.com,2026-07-08T18:11:09.713276+00:00,0ad0a195-2b38-4f46-b205-0ca879fa1dbd,,3,infografis
38b2c0bd-8de8-4a59-af5b-017b4abbcbba,download_file,Tingkat Ketimpangan Pengeluaran Penduduk (Gini Ratio) Kota Malang 2023,android,user_24_zulfa_azizah_24@example.com,2026-07-08T18:25:18.541835+00:00,d8f046d4-0fd0-424e-9b7d-1ad89485766a,,7,brs
7618eaf8-6112-470e-b4f3-9c96d4e787ea,view_pdf,"Statistik Pertanian, Peternakan, dan Hortikultura Kota Malang 2023",android,user_24_zulfa_azizah_24@example.com,2026-07-08T20:52:55.036445+00:00,821622ab-94f7-498c-b216-82c39b77ef9d,,6,publikasi
6a094886-2219-4b87-87ba-d0af9490ec8b,view_page,Profil Kemiskinan Kota Malang Tahun 2023,android,device_e3ac245e,2026-07-08T23:45:09.111066+00:00,29c70151-0b4a-4225-8eb2-eb5abce97b15,,2,brs
0bf31779-7574-43f0-8562-53055401ecd3,view_page,Garis Kemiskinan dan Jumlah Penduduk Miskin Kota Malang,android,user_18_indah_sari_18@example.com,2026-07-09T01:07:55.708014+00:00,92628f5b-aa64-41bb-a679-f0b01507a173,,2,infografis
dff4d6de-df46-4a92-8a3e-d7e584823cc1,view_page,Laju Pertumbuhan Ekonomi (LPE) Kota Malang Triwulan II 2024,android,user_29_rian_pratama_29@example.com,2026-07-09T01:44:22.152194+00:00,34649ace-ddf1-4f19-aa4e-2f065c52ac56,,1,brs
05d82611-1a48-40f5-ad13-1012eed26b2f,download_file,Indeks Pembangunan Manusia (IPM) Kota Malang 2023,android,user_35_citra_lestari_35@example.com,2026-07-09T03:53:36.984607+00:00,b77e7e0a-b2da-418b-8f86-6cc73c24254a,,4,brs
635a7fd2-1aa7-4390-9bc1-f555ce3432cf,view_page,Gini Rasio Kota Malang,android,device_7aa1f439,2026-07-09T07:21:34.492506+00:00,,,7,fitur
2128976b-4265-4d3c-ab1d-7d9e65df9dfe,view_pdf,Statistik Kesejahteraan Rakyat dan Pengeluaran Konsumsi Kota Malang 2023,ios,device_70cce41e,2026-07-09T08:59:42.123829+00:00,23a58e84-c462-4bf8-a5ea-c7bc3825a70c,,7,publikasi
88ebfb31-1f36-4c8c-b729-740f4cd719bf,view_page,Gini Rasio Kota Malang,android,device_6db1e2a9,2026-07-09T10:52:57.546228+00:00,,,7,fitur
ce85ec3f-d7c2-475a-a438-b6673967aa5f,view_page,Tingkat Pengangguran Terbuka,ios,device_d43a4c3f,2026-07-09T12:32:02.005745+00:00,,,3,fitur
c6389ec7-10eb-46bd-abbb-b1e3f9ef8515,view_page,Statistik Kesejahteraan Rakyat dan Pengeluaran Konsumsi Kota Malang 2023,ios,device_7aa1f439,2026-07-09T20:32:29.063598+00:00,23a58e84-c462-4bf8-a5ea-c7bc3825a70c,,7,publikasi
867e9cd0-18a6-48c1-a296-dba6afce682c,view_pdf,Laju Pertumbuhan Ekonomi (LPE) Kota Malang Triwulan II 2024,android,user_42_taufik_hidayat_42@example.com,2026-07-09T21:10:03.590204+00:00,34649ace-ddf1-4f19-aa4e-2f065c52ac56,,1,brs
4655f1e6-cf3d-464f-9eef-6587dd57d378,download_file,Profil Kemiskinan Kota Malang Tahun 2023,ios,device_05cce64d,2026-07-09T23:42:56.338993+00:00,29c70151-0b4a-4225-8eb2-eb5abce97b15,,2,brs
5c316082-4cc7-4cbc-8eae-eb2f073e0115,view_page,Angka Harapan Hidup dan Harapan Lama Sekolah Kota Malang 2023,android,device_7fc9c339,2026-07-10T06:25:00.769584+00:00,bfb01c78-0ed2-46dd-9631-7d6cdc32c4a8,,4,publikasi
0632f7cd-13bc-49e4-9308-191d9ba937cf,view_pdf,Angka Harapan Hidup dan Harapan Lama Sekolah Kota Malang 2023,android,device_6db1e2a9,2026-07-10T13:35:13.322103+00:00,bfb01c78-0ed2-46dd-9631-7d6cdc32c4a8,,4,publikasi
91285b96-f728-4316-b91e-56ac71b15755,view_page,Indeks Pembangunan Manusia (IPM) Kota Malang 2023,ios,device_2662ff67,2026-07-10T14:40:20.115581+00:00,b77e7e0a-b2da-418b-8f86-6cc73c24254a,,4,brs
888c8beb-51fd-4576-949f-e94c132ecfc7,view_page,Angka Harapan Hidup dan Harapan Lama Sekolah Kota Malang 2023,android,device_00fd2976,2026-07-10T15:24:10.412741+00:00,bfb01c78-0ed2-46dd-9631-7d6cdc32c4a8,,4,publikasi
f6ba54de-4129-49c2-962e-da0e515a3bd4,view_pdf,Angka Harapan Hidup dan Harapan Lama Sekolah Kota Malang 2023,android,device_9b20524d,2026-07-10T17:18:32.870041+00:00,bfb01c78-0ed2-46dd-9631-7d6cdc32c4a8,,4,publikasi
07a2ffa3-9b7e-4b99-8077-2bd0b7a41292,download_file,Keadaan Ketenagakerjaan Kota Malang Agustus 2023,android,device_ff636399,2026-07-10T18:42:42.259505+00:00,dbb4a727-6747-4aad-95de-33be8902e079,,3,brs
0e896639-1ebe-4bb0-ac35-6ff27db05266,view_page,Produk Domestik Regional Bruto (PDRB),android,device_86adf413,2026-07-10T22:46:45.660158+00:00,,,1,fitur
f6761922-970b-4c0f-aedf-d46914c5449e,download_file,Produk Domestik Regional Bruto Kota Malang Menurut Lapangan Usaha 2023,android,device_aa56314e,2026-07-11T00:16:06.816248+00:00,b4138e54-6653-472c-ae8b-b01fa86a3b0e,,1,publikasi
a1ad5993-af1c-45e8-bd0d-15925070a355,view_page,Tingkat Penghunian Kamar Hotel Kota Malang Semester I 2024,android,user_11_citra_lestari_11@example.com,2026-07-11T02:32:00.246527+00:00,73f00342-0b53-43b9-bbcf-1a523751ddda,,1,infografis
1db127a1-57a2-49b0-b666-b31bd5a6b72d,view_page,Indeks Kedalaman Kemiskinan,ios,user_4_siti_rahmawati_4@example.com,2026-07-11T06:45:01.342016+00:00,,,2,fitur
3f05988c-b3e1-429f-9974-06125411b2da,view_pdf,Produk Domestik Regional Bruto Kota Malang Menurut Lapangan Usaha 2023,android,device_2662ff67,2026-07-11T09:37:28.001292+00:00,b4138e54-6653-472c-ae8b-b01fa86a3b0e,,1,publikasi
7bd5dd59-f5c7-4008-bd76-0640696e9a58,view_pdf,Laju Pertumbuhan Ekonomi (LPE) Kota Malang Triwulan II 2024,android,user_27_yolanda_fransiska_27@example.com,2026-07-11T13:43:49.910871+00:00,34649ace-ddf1-4f19-aa4e-2f065c52ac56,,1,brs
94ad0897-d82c-4dc3-9db9-f02c57b08227,view_page,Tingkat Pengangguran Terbuka,ios,user_41_hadi_wijaya_41@example.com,2026-07-11T14:45:14.022745+00:00,,,3,fitur
53e3c0b0-740e-4d1e-be5d-e803377a8bc0,view_page,Angka Harapan Hidup dan Harapan Lama Sekolah Kota Malang 2023,android,user_15_nabila_syahrani_15@example.com,2026-07-11T15:38:56.127948+00:00,bfb01c78-0ed2-46dd-9631-7d6cdc32c4a8,,4,publikasi
4a8ba522-daf7-49fc-b3ef-c9426c229f6e,view_page,Kota Malang Dalam Angka 2024,android,user_14_zulfa_azizah_14@example.com,2026-07-11T17:31:47.755156+00:00,4d21cdd5-8bbb-4588-9d75-bdf304eabaa2,,5,publikasi
44849da0-58e8-4ae0-b564-d4a57217d1f5,view_page,Tingkat Pengangguran Terbuka,android,user_27_yolanda_fransiska_27@example.com,2026-07-11T17:43:14.737368+00:00,,,3,fitur
07ece1b4-dca3-4d36-94f6-b569ff758b41,view_page,Tingkat Ketimpangan Pengeluaran Penduduk (Gini Ratio) Kota Malang 2023,android,device_8659e198,2026-07-11T18:09:31.474936+00:00,d8f046d4-0fd0-424e-9b7d-1ad89485766a,,7,brs
b59ceb97-9130-4a7a-9b2b-809f5bb9f8bb,view_page,"Statistik Pertanian, Peternakan, dan Hortikultura Kota Malang 2023",android,user_3_ahmad_fauzi_3@example.com,2026-07-11T20:09:38.154905+00:00,821622ab-94f7-498c-b216-82c39b77ef9d,,6,publikasi
512af3ca-998c-4e75-8f62-818bead21739,view_page,Tingkat Ketimpangan Pengeluaran Penduduk (Gini Ratio) Kota Malang 2023,android,user_45_taufik_hidayat_45@example.com,2026-07-12T02:45:59.780441+00:00,d8f046d4-0fd0-424e-9b7d-1ad89485766a,,7,brs
845dbc3c-ee4c-4190-bdaf-e6dfaf158fe9,view_page,Penduduk Menurut Kecamatan,android,device_7db2638c,2026-07-12T03:17:24.172136+00:00,,,5,fitur
107d3a48-7709-44a1-85f3-39ee79588159,view_page,Tingkat Ketimpangan Pengeluaran Penduduk (Gini Ratio) Kota Malang 2023,ios,user_37_siti_rahmawati_37@example.com,2026-07-12T04:55:24.280302+00:00,d8f046d4-0fd0-424e-9b7d-1ad89485766a,,7,brs
d21fb442-9e71-40ed-b597-f2aa77795cf2,view_page,Tingkat Kemiskinan,android,user_21_indah_sari_21@example.com,2026-07-12T08:12:53.985580+00:00,,,2,fitur
37f921a0-bb58-42b9-86f7-30f50d32d06f,view_page,Tingkat Partisipasi Angkatan Kerja (TPAK) Kota Malang,android,device_7fc9c339,2026-07-12T14:29:00.825149+00:00,0ad0a195-2b38-4f46-b205-0ca879fa1dbd,,3,infografis
667a668d-1abe-45d5-afc5-37e738388e2f,view_page,Keadaan Ketenagakerjaan Kota Malang Agustus 2023,android,device_018ad5f7,2026-07-12T18:36:09.319965+00:00,dbb4a727-6747-4aad-95de-33be8902e079,,3,brs
907d8e71-61d3-4f51-9ac2-b0e3116e9b63,view_page,Gini Rasio Kota Malang,android,device_05cce64d,2026-07-12T21:11:05.229210+00:00,,,7,fitur
9f6cf04a-cde7-4634-8640-843193f2174e,view_page,Penduduk Menurut Kecamatan,android,device_bb002908,2026-07-12T21:35:27.019086+00:00,,,5,fitur
c9002d40-8796-4f6e-a1e1-d2f52c81522d,view_page,Luas Panen dan Produksi Padi di Kota Malang 2023 (Angka Tetap),android,user_13_lukman_hakim_13@example.com,2026-07-13T07:10:18.793564+00:00,53ccbf55-ec6c-41ee-b286-a287c99906a8,,6,brs
bfad86ab-e009-4733-b053-dd665c382d49,download_file,Angka Harapan Hidup dan Harapan Lama Sekolah Kota Malang 2023,ios,user_23_rizky_firmansyah_23@example.com,2026-07-13T09:22:55.587193+00:00,bfb01c78-0ed2-46dd-9631-7d6cdc32c4a8,,4,publikasi
a8440dbf-2340-45cc-814d-06b60a68321e,view_page,Inflasi Bulanan Kota Malang,android,device_25e07130,2026-07-13T11:27:03.310539+00:00,,,1,fitur
02e00244-0201-4f5d-8cd7-088fdf7c9e87,view_page,Tingkat Pengangguran Terbuka,android,device_4c5e8a4b,2026-07-13T13:35:06.743197+00:00,,,3,fitur
2c214eb1-9d4c-43d0-bbab-76ed90d50f56,view_page,Tingkat Pengangguran Terbuka (TPT) Berdasarkan Tingkat Pendidikan Kota Malang,android,user_46_nurul_hidayah_46@example.com,2026-07-13T14:27:35.301410+00:00,2b4ccc8e-b559-4c16-ac4a-59687e9c10bd,,3,publikasi
c83ddfbe-2e34-46da-b1d0-877dd18bb62e,view_page,Penduduk Menurut Jenis Kelamin,android,user_38_gita_permata_38@example.com,2026-07-13T21:28:42.319275+00:00,,,5,fitur
853c83ee-d1d5-4569-a3ca-7d2990affbcc,view_page,Kota Malang Dalam Angka 2024,ios,device_9b20524d,2026-07-13T21:34:06.103142+00:00,4d21cdd5-8bbb-4588-9d75-bdf304eabaa2,,5,publikasi
6111093d-4f57-495a-8774-13b7a0138317,view_page,Tingkat Kemiskinan,android,user_18_indah_sari_18@example.com,2026-07-13T21:34:36.890189+00:00,,,2,fitur
c3c60e56-185f-4db1-9aab-07a272774a66,view_page,Tingkat Penghunian Kamar Hotel Kota Malang Semester I 2024,ios,user_26_zulfa_azizah_26@example.com,2026-07-14T05:15:49.750589+00:00,73f00342-0b53-43b9-bbcf-1a523751ddda,,1,infografis
8f552253-a64f-4046-96fc-818a849e4fe7,download_file,Indeks Kedalaman dan Keparahan Kemiskinan Kota Malang 2019-2023,android,device_55e8f06e,2026-07-14T06:04:39.353968+00:00,849d2910-63e6-42b9-bc4d-f43f9d152bcf,,2,publikasi
f9d7af23-3406-437a-9fa3-dfefbe7bb562,view_pdf,Tingkat Partisipasi Angkatan Kerja (TPAK) Kota Malang,android,device_00fd2976,2026-07-14T06:19:35.897749+00:00,0ad0a195-2b38-4f46-b205-0ca879fa1dbd,,3,infografis
a7033020-0609-47e4-986a-0726dec4977a,download_file,Tingkat Ketimpangan Pengeluaran Penduduk (Gini Ratio) Kota Malang 2023,ios,device_e3ac245e,2026-07-14T07:34:55.308052+00:00,d8f046d4-0fd0-424e-9b7d-1ad89485766a,,7,brs
281ccc29-22d8-49b4-82ac-b53e2a8f098b,view_page,Kota Malang Dalam Angka 2024,android,device_f7e7ad1e,2026-07-14T08:04:23.617413+00:00,4d21cdd5-8bbb-4588-9d75-bdf304eabaa2,,5,publikasi
77301f6d-6488-46d6-b79f-ff43bea9f758,view_page,Laju Pertumbuhan Ekonomi (LPE) Kota Malang Triwulan II 2024,android,user_48_dewi_anggraini_48@example.com,2026-07-14T08:14:08.485606+00:00,34649ace-ddf1-4f19-aa4e-2f065c52ac56,,1,brs
1d537653-e10c-4435-84cf-f11bfb6cee64,view_page,Infografis Capaian IPM Kota Malang Tertinggi di Jawa Timur,ios,device_25e07130,2026-07-14T08:57:15.814863+00:00,66f6edee-0df5-41d3-a724-c4f06da0926a,,4,infografis
b7fd5cb6-9602-495e-ae75-ef5c7b5626c2,view_page,Produk Domestik Regional Bruto Kota Malang Menurut Lapangan Usaha 2023,android,user_46_nurul_hidayah_46@example.com,2026-07-14T10:48:03.168468+00:00,b4138e54-6653-472c-ae8b-b01fa86a3b0e,,1,publikasi
70e0c187-a5bf-4ea4-b4f3-8893976dc30e,view_page,Produk Domestik Regional Bruto Kota Malang Menurut Lapangan Usaha 2023,ios,device_bf3a5d5b,2026-07-14T12:09:04.000233+00:00,b4138e54-6653-472c-ae8b-b01fa86a3b0e,,1,publikasi
83008551-ac0c-4087-9839-62889f3c5337,view_page,Gini Rasio Kota Malang,android,user_17_budi_santoso_17@example.com,2026-07-14T18:58:36.604159+00:00,,,7,fitur
988b8ec3-f66f-45be-b627-9ba011ec5eb1,view_pdf,Produk Domestik Regional Bruto Kota Malang Menurut Lapangan Usaha 2023,android,user_35_citra_lestari_35@example.com,2026-07-14T20:55:02.129638+00:00,b4138e54-6653-472c-ae8b-b01fa86a3b0e,,1,publikasi
c5df76ca-feb6-4340-96da-897bf528f30a,view_page,Angka Harapan Hidup dan Harapan Lama Sekolah Kota Malang 2023,android,device_ab308a62,2026-07-14T22:05:42.784342+00:00,bfb01c78-0ed2-46dd-9631-7d6cdc32c4a8,,4,publikasi
2e4b80f8-4469-4619-af62-c5ef9832554d,view_pdf,Perkembangan Indeks Harga Konsumen / Inflasi Kota Malang 2024,android,user_35_citra_lestari_35@example.com,2026-07-14T22:29:58.366497+00:00,153eb443-bf3a-4972-91d8-9789b011510b,,1,brs
5bba65ae-a605-436f-ad45-92e5b4219f9e,view_page,Laju Pertumbuhan Ekonomi,android,device_737eae19,2026-07-15T01:22:07.032368+00:00,,,1,fitur
a65b2edc-4a0b-44b4-bd2c-42e3ba97f762,view_page,Keadaan Ketenagakerjaan Kota Malang Agustus 2023,android,user_41_hadi_wijaya_41@example.com,2026-07-15T01:26:48.285819+00:00,dbb4a727-6747-4aad-95de-33be8902e079,,3,brs
bc0ae53f-12cb-4600-9053-2c92c60ab0d4,view_page,Kepadatan dan Piramida Penduduk Kota Malang,android,user_9_dewi_anggraini_9@example.com,2026-07-15T04:59:58.675502+00:00,9a440ecf-18b0-4c1f-86e3-1793d657fe60,,5,infografis
27dc8071-a36d-41e0-8238-164038969d81,view_pdf,Keadaan Ketenagakerjaan Kota Malang Agustus 2023,ios,device_d43a4c3f,2026-07-15T05:02:15.826121+00:00,dbb4a727-6747-4aad-95de-33be8902e079,,3,brs
4448606a-55e9-4c8f-8649-f15f5bf5376f,view_pdf,"Statistik Pertanian, Peternakan, dan Hortikultura Kota Malang 2023",android,user_15_nabila_syahrani_15@example.com,2026-07-15T07:16:04.686327+00:00,821622ab-94f7-498c-b216-82c39b77ef9d,,6,publikasi
94b271d6-2efe-462c-a10a-be47190d847c,view_page,Infografis Capaian IPM Kota Malang Tertinggi di Jawa Timur,android,device_8659e198,2026-07-15T10:47:55.882574+00:00,66f6edee-0df5-41d3-a724-c4f06da0926a,,4,infografis
62360505-5e2f-411e-b578-a89af6a1aaef,view_page,Tingkat Pengangguran Terbuka (TPT) Berdasarkan Tingkat Pendidikan Kota Malang,android,user_41_hadi_wijaya_41@example.com,2026-07-15T11:25:02.492453+00:00,2b4ccc8e-b559-4c16-ac4a-59687e9c10bd,,3,publikasi
cc4a96ae-5105-4869-9abe-108468ccc4f4,view_page,Tingkat Ketimpangan Pengeluaran Penduduk (Gini Ratio) Kota Malang 2023,ios,device_8741b3e4,2026-07-15T11:31:33.703510+00:00,d8f046d4-0fd0-424e-9b7d-1ad89485766a,,7,brs
148f40e2-1684-48eb-9153-bbfec2a3d2de,view_page,Inflasi Bulanan Kota Malang,android,user_8_indah_sari_8@example.com,2026-07-15T12:38:05.434110+00:00,,,1,fitur
16040b67-0590-46eb-95c1-4e4d8b522e0a,view_page,Angka Harapan Hidup dan Harapan Lama Sekolah Kota Malang 2023,android,device_9bbb3fdb,2026-07-15T18:08:14.605076+00:00,bfb01c78-0ed2-46dd-9631-7d6cdc32c4a8,,4,publikasi
db8706fa-cc23-4489-81cf-9e7d2d12babc,view_page,Perkembangan Indeks Harga Konsumen / Inflasi Kota Malang 2024,ios,user_29_rian_pratama_29@example.com,2026-07-15T20:04:04.047481+00:00,153eb443-bf3a-4972-91d8-9789b011510b,,1,brs
530271e8-07eb-4fb6-8ba9-7493ba4cd605,download_file,Tingkat Penghunian Kamar Hotel Kota Malang Semester I 2024,ios,device_ff636399,2026-07-15T23:17:49.331437+00:00,73f00342-0b53-43b9-bbcf-1a523751ddda,,1,infografis
6e489a32-d104-49cd-ac2d-7d51f95833ed,download_file,Perkembangan Indeks Harga Konsumen / Inflasi Kota Malang 2024,android,device_7002225b,2026-07-15T23:23:06.639765+00:00,153eb443-bf3a-4972-91d8-9789b011510b,,1,brs
603e6277-9404-4f15-abab-05dc9baee093,view_page,Produk Domestik Regional Bruto (PDRB),android,user_12_hadi_wijaya_12@example.com,2026-07-16T01:45:19.117193+00:00,,,1,fitur
3772f6fa-8ee9-4d5f-8713-e48e2b11ad79,view_page,Gini Rasio Kota Malang,android,user_15_nabila_syahrani_15@example.com,2026-07-16T06:38:58.269125+00:00,,,7,fitur
13730c1b-306e-44ea-9bd8-fe80af8e24ce,view_pdf,Tingkat Penghunian Kamar Hotel Kota Malang Semester I 2024,android,device_9bbb3fdb,2026-07-16T07:03:53.766726+00:00,73f00342-0b53-43b9-bbcf-1a523751ddda,,1,infografis
b7cafa59-17e8-4af0-baf0-20a773575d83,view_page,Produksi Padi & Beras,android,user_35_citra_lestari_35@example.com,2026-07-16T09:12:42.802981+00:00,,,6,fitur
155038e3-e870-485b-93a6-2eb228155bb5,view_page,Produk Domestik Regional Bruto (PDRB),android,user_34_joko_susilo_34@example.com,2026-07-16T09:49:38.439566+00:00,,,1,fitur
7b036923-1730-4628-b6db-315071ae0018,view_page,Penduduk Menurut Kecamatan,android,device_71e576a8,2026-07-16T16:30:50.330293+00:00,,,5,fitur
94b206f1-970c-4261-add7-6049fa924043,view_page,Inflasi Bulanan Kota Malang,android,user_31_lukman_hakim_31@example.com,2026-07-16T21:42:59.495816+00:00,,,1,fitur
90dd4233-874b-4aee-b004-aea147e5533d,view_page,Laju Pertumbuhan Ekonomi (LPE) Kota Malang Triwulan II 2024,android,device_b8dad4f2,2026-07-17T03:51:22.189978+00:00,34649ace-ddf1-4f19-aa4e-2f065c52ac56,,1,brs
b0bbda2b-9f48-45e1-b7ed-1bd91482624e,view_pdf,Garis Kemiskinan dan Jumlah Penduduk Miskin Kota Malang,android,user_1_yolanda_fransiska_1@example.com,2026-07-17T05:02:42.263852+00:00,92628f5b-aa64-41bb-a679-f0b01507a173,,2,infografis
b4f92514-53e3-4002-8134-e69e1fb93837,download_file,Angka Harapan Hidup dan Harapan Lama Sekolah Kota Malang 2023,android,user_11_citra_lestari_11@example.com,2026-07-17T05:13:26.441791+00:00,bfb01c78-0ed2-46dd-9631-7d6cdc32c4a8,,4,publikasi
2e340e25-c102-4578-b57b-979dac51881a,view_pdf,Hasil Sensus Penduduk dan Proyeksi Penduduk Menurut Kecamatan 2023,ios,user_4_siti_rahmawati_4@example.com,2026-07-17T08:58:00.277398+00:00,d1f9c425-45eb-4e73-b65e-c08d0fad3caf,,5,publikasi
0cf114d7-a847-4674-879b-de77e1186200,download_file,Keadaan Ketenagakerjaan Kota Malang Agustus 2023,android,device_ac1adb92,2026-07-17T10:19:23.601800+00:00,dbb4a727-6747-4aad-95de-33be8902e079,,3,brs
cb00f183-4d44-4688-997b-b157db37e7d2,view_page,Penduduk Menurut Jenis Kelamin,android,device_f8e0ac4d,2026-07-17T11:38:13.127968+00:00,,,5,fitur
0d991fab-2918-4fe0-9f3b-d1c9cf2f811b,view_pdf,Statistik Kesejahteraan Rakyat dan Pengeluaran Konsumsi Kota Malang 2023,android,user_20_oki_setiawan_20@example.com,2026-07-17T20:20:51.144436+00:00,23a58e84-c462-4bf8-a5ea-c7bc3825a70c,,7,publikasi
40d56970-f3c8-4503-9dab-74ac28e26a27,view_page,Laju Pertumbuhan Ekonomi (LPE) Kota Malang Triwulan II 2024,android,device_00fd2976,2026-07-17T20:28:50.818085+00:00,34649ace-ddf1-4f19-aa4e-2f065c52ac56,,1,brs
44d4ed22-d8ab-4bca-b217-9f6474b5b22d,view_pdf,Hasil Sensus Penduduk dan Proyeksi Penduduk Menurut Kecamatan 2023,android,device_2662ff67,2026-07-18T01:06:21.077549+00:00,d1f9c425-45eb-4e73-b65e-c08d0fad3caf,,5,publikasi
e4816802-756d-40f5-bb7b-5990669337ce,download_file,Tingkat Penghunian Kamar Hotel Kota Malang Semester I 2024,android,device_d43a4c3f,2026-07-18T02:32:32.187419+00:00,73f00342-0b53-43b9-bbcf-1a523751ddda,,1,infografis
557a4607-1118-4403-a51b-043f868e8ed8,view_page,Gini Rasio Kota Malang,android,user_10_yolanda_fransiska_10@example.com,2026-07-18T09:48:18.011007+00:00,,,7,fitur
d308bfba-4ac0-4742-9ef2-9c056fe18864,view_page,Gini Rasio Kota Malang,android,device_70cce41e,2026-07-18T09:50:50.609496+00:00,,,7,fitur
830507bc-26e2-4a57-91ae-adbf19b2bf0a,view_page,Tingkat Kemiskinan,android,user_45_taufik_hidayat_45@example.com,2026-07-18T10:33:36.816685+00:00,,,2,fitur
9cb2a185-179d-40ca-b12c-7ddae9ae2a2b,view_page,Tingkat Ketimpangan Pengeluaran Penduduk (Gini Ratio) Kota Malang 2023,ios,user_19_gita_permata_19@example.com,2026-07-18T12:49:55.390928+00:00,d8f046d4-0fd0-424e-9b7d-1ad89485766a,,7,brs
211d7128-3c20-4122-8fc2-57e4539148b1,view_page,Penduduk Menurut Jenis Kelamin,android,user_12_hadi_wijaya_12@example.com,2026-07-18T15:24:04.398551+00:00,,,5,fitur
bb38246a-71df-4082-afcd-70ef286f0617,view_page,Tingkat Penghunian Kamar Hotel Kota Malang Semester I 2024,android,device_55e8f06e,2026-07-18T15:24:12.183648+00:00,73f00342-0b53-43b9-bbcf-1a523751ddda,,1,infografis
bdddf180-6a42-46bf-8306-af5209a3aa6a,view_page,Hasil Sensus Penduduk dan Proyeksi Penduduk Menurut Kecamatan 2023,android,device_206a1d37,2026-07-18T19:26:58.317001+00:00,d1f9c425-45eb-4e73-b65e-c08d0fad3caf,,5,publikasi
75bec063-977b-4912-972e-82b1d1e2fcf4,view_page,Penduduk Menurut Jenis Kelamin,android,device_75d4e6b1,2026-07-18T19:29:36.341487+00:00,,,5,fitur
dd64f589-5f37-4083-a6c0-8465920c059c,download_file,Kota Malang Dalam Angka 2024,android,user_31_lukman_hakim_31@example.com,2026-07-18T22:59:14.023499+00:00,4d21cdd5-8bbb-4588-9d75-bdf304eabaa2,,5,publikasi
30dcfa0b-cea0-46c7-9dac-1ec596779598,view_page,Garis Kemiskinan dan Jumlah Penduduk Miskin Kota Malang,android,user_21_indah_sari_21@example.com,2026-07-18T23:20:14.063405+00:00,92628f5b-aa64-41bb-a679-f0b01507a173,,2,infografis
28e1e8b1-0c42-442e-9ec3-e8ca876630f8,view_pdf,"Statistik Pertanian, Peternakan, dan Hortikultura Kota Malang 2023",android,device_bb002908,2026-07-18T23:59:29.828062+00:00,821622ab-94f7-498c-b216-82c39b77ef9d,,6,publikasi
cfb24268-2694-481f-a691-c7ccfc6eff40,view_page,"Statistik Pertanian, Peternakan, dan Hortikultura Kota Malang 2023",android,device_bb002908,2026-07-19T01:27:00.814456+00:00,821622ab-94f7-498c-b216-82c39b77ef9d,,6,publikasi
e922e1b0-dbba-4900-97e6-f47be74ef0f9,download_file,Angka Harapan Hidup dan Harapan Lama Sekolah Kota Malang 2023,android,user_30_yolanda_fransiska_30@example.com,2026-07-19T06:18:56.061892+00:00,bfb01c78-0ed2-46dd-9631-7d6cdc32c4a8,,4,publikasi
d48b5a6c-cc61-411c-a402-b745178ba79a,view_page,Usia Harapan Hidup,android,user_42_taufik_hidayat_42@example.com,2026-07-19T06:21:08.671018+00:00,,,4,fitur
1d09ee3a-e8e8-40a3-93a4-b775935bc11f,view_page,Perkembangan Indeks Harga Konsumen / Inflasi Kota Malang 2024,android,user_16_siti_rahmawati_16@example.com,2026-07-19T07:22:16.351416+00:00,153eb443-bf3a-4972-91d8-9789b011510b,,1,brs
8d152664-b0b4-46ae-89f0-614e02c13b26,view_pdf,Indeks Pembangunan Manusia (IPM) Kota Malang 2023,android,device_ab308a62,2026-07-19T08:11:17.684140+00:00,b77e7e0a-b2da-418b-8f86-6cc73c24254a,,4,brs
efd198a3-8e49-432d-8d2a-89b622409b10,view_page,Kepadatan dan Piramida Penduduk Kota Malang,android,user_49_hadi_wijaya_49@example.com,2026-07-19T08:41:17.829418+00:00,9a440ecf-18b0-4c1f-86e3-1793d657fe60,,5,infografis
c8a1f2bb-ad52-41ca-a930-d64870a9ae4c,view_pdf,Tingkat Partisipasi Angkatan Kerja (TPAK) Kota Malang,ios,device_aa56314e,2026-07-19T09:05:50.587093+00:00,0ad0a195-2b38-4f46-b205-0ca879fa1dbd,,3,infografis
ac2ac169-e58e-41bf-a4a2-c843c2f78245,view_page,Tingkat Pengangguran Terbuka,android,user_13_lukman_hakim_13@example.com,2026-07-19T11:11:54.443347+00:00,,,3,fitur
63d44d59-50a0-4904-afbe-7ade731c57b3,view_page,Kota Malang Dalam Angka 2024,android,user_3_ahmad_fauzi_3@example.com,2026-07-19T12:20:53.672083+00:00,4d21cdd5-8bbb-4588-9d75-bdf304eabaa2,,5,publikasi
b4bae4cc-47b5-48cf-9c21-3ee7747a2b03,view_page,Penduduk Bekerja (IPM),android,user_3_ahmad_fauzi_3@example.com,2026-07-19T12:56:08.134643+00:00,,,4,fitur
b91666c1-8b12-4565-b572-3f96510aa983,view_page,Garis Kemiskinan dan Jumlah Penduduk Miskin Kota Malang,android,user_47_nurul_hidayah_47@example.com,2026-07-19T20:44:54.760467+00:00,92628f5b-aa64-41bb-a679-f0b01507a173,,2,infografis
3d9ab950-6abc-4f6a-aabf-e7267ea555a4,view_page,Penduduk Menurut Kecamatan,android,user_36_siti_rahmawati_36@example.com,2026-07-19T21:09:02.247700+00:00,,,5,fitur
a40c3345-ea76-4c07-a601-bf43732fcf47,view_page,Kota Malang Dalam Angka 2024,android,device_52931df5,2026-07-19T22:19:11.742730+00:00,4d21cdd5-8bbb-4588-9d75-bdf304eabaa2,,5,publikasi
fe2a9ce9-4b1d-4473-bd90-86d66b186845,view_page,Produksi Padi & Beras,android,user_32_rian_pratama_32@example.com,2026-07-20T03:30:24.297536+00:00,,,6,fitur
3db49229-f976-44c9-a964-5929ab715613,view_page,Inflasi Bulanan Kota Malang,android,user_27_yolanda_fransiska_27@example.com,2026-07-20T05:31:09.860136+00:00,,,1,fitur
49b5e3d5-5541-4d92-a19e-792dce233abe,download_file,Infografis Capaian IPM Kota Malang Tertinggi di Jawa Timur,android,device_206a1d37,2026-07-20T06:19:51.550619+00:00,66f6edee-0df5-41d3-a724-c4f06da0926a,,4,infografis
8f9096b4-be31-41b0-a6e3-6406e0833d28,view_page,Produk Domestik Regional Bruto (PDRB),android,user_36_siti_rahmawati_36@example.com,2026-07-20T06:26:23.514538+00:00,,,1,fitur
da1580ce-df4a-4047-9801-ac0f32882a46,view_page,Profil Kemiskinan Kota Malang Tahun 2023,ios,device_c2dd9db5,2026-07-20T09:46:24.623719+00:00,29c70151-0b4a-4225-8eb2-eb5abce97b15,,2,brs
b32df7f8-e465-4383-a678-bf1082b064f8,view_page,Laju Pertumbuhan Ekonomi,android,user_8_indah_sari_8@example.com,2026-07-20T10:32:29.897161+00:00,,,1,fitur
272779bb-d98f-4b46-9171-f2961ae10941,view_page,Perkembangan Indeks Harga Konsumen / Inflasi Kota Malang 2024,android,user_14_zulfa_azizah_14@example.com,2026-07-20T11:40:23.940034+00:00,153eb443-bf3a-4972-91d8-9789b011510b,,1,brs
86a4f8b8-55b2-4ce9-9989-c10a69c7f053,view_page,Laju Pertumbuhan Ekonomi,ios,device_71e576a8,2026-07-20T12:28:52.983243+00:00,,,1,fitur
45f29bad-d7c6-464a-81be-768310e2234e,view_pdf,Tingkat Ketimpangan Pengeluaran Penduduk (Gini Ratio) Kota Malang 2023,android,device_ff877645,2026-07-20T12:32:02.777056+00:00,d8f046d4-0fd0-424e-9b7d-1ad89485766a,,7,brs
2809fb0e-2729-403d-b560-57bc09a960f1,download_file,Produk Domestik Regional Bruto Kota Malang Menurut Lapangan Usaha 2023,android,user_43_hadi_wijaya_43@example.com,2026-07-20T12:36:28.175950+00:00,b4138e54-6653-472c-ae8b-b01fa86a3b0e,,1,publikasi
5412ed61-1150-4b45-b667-f4825de8b653,view_page,Luas Panen dan Produksi Padi di Kota Malang 2023 (Angka Tetap),android,device_c2dd9db5,2026-07-20T19:51:21.283411+00:00,53ccbf55-ec6c-41ee-b286-a287c99906a8,,6,brs
04b65860-fe49-4630-a15d-c57eece4dadc,view_page,Tingkat Ketimpangan Pengeluaran Penduduk (Gini Ratio) Kota Malang 2023,android,user_35_citra_lestari_35@example.com,2026-07-20T20:46:28.167553+00:00,d8f046d4-0fd0-424e-9b7d-1ad89485766a,,7,brs
56d53069-2d1c-4c88-ab7c-0e807b29ca27,view_page,Indeks Kedalaman Kemiskinan,ios,device_c2dd9db5,2026-07-20T23:15:05.440960+00:00,,,2,fitur
3c6e80ad-d90a-43db-8a93-3372118dbab8,view_pdf,Tingkat Penghunian Kamar Hotel Kota Malang Semester I 2024,android,device_4c5e8a4b,2026-07-21T00:08:27.749654+00:00,73f00342-0b53-43b9-bbcf-1a523751ddda,,1,infografis
26df4dee-202e-4000-aa4d-6fd6f31760f3,view_pdf,Garis Kemiskinan dan Jumlah Penduduk Miskin Kota Malang,ios,user_5_taufik_hidayat_5@example.com,2026-07-21T00:39:06.090975+00:00,92628f5b-aa64-41bb-a679-f0b01507a173,,2,infografis
aa1a634f-d119-4471-954b-7d15c9eec0b3,view_page,Indeks Kedalaman Kemiskinan,android,device_fd476588,2026-07-21T01:09:52.723004+00:00,,,2,fitur
53160756-8604-436e-99f4-efd267e49efd,view_page,Indeks Kedalaman dan Keparahan Kemiskinan Kota Malang 2019-2023,android,user_21_indah_sari_21@example.com,2026-07-21T02:19:14.760779+00:00,849d2910-63e6-42b9-bc4d-f43f9d152bcf,,2,publikasi
70b76e2e-06db-4a28-8705-162156126b27,view_pdf,Kepadatan dan Piramida Penduduk Kota Malang,ios,device_7db2638c,2026-07-21T08:44:07.849133+00:00,9a440ecf-18b0-4c1f-86e3-1793d657fe60,,5,infografis
81545d19-a607-4370-8687-3d6a72b07144,view_page,Penduduk Bekerja (IPM),android,device_9ff94146,2026-07-21T10:29:55.235990+00:00,,,4,fitur
ce54f61b-3f1f-48e9-91cc-2cc80bc1b3e1,view_page,Penduduk Menurut Jenis Kelamin,ios,user_38_gita_permata_38@example.com,2026-07-21T11:27:17.098667+00:00,,,5,fitur
9ca28e8f-2d4f-4e72-906c-1ed88c6e6659,download_file,Tingkat Ketimpangan Pengeluaran Penduduk (Gini Ratio) Kota Malang 2023,android,device_7aa1f439,2026-07-21T11:44:10.772724+00:00,d8f046d4-0fd0-424e-9b7d-1ad89485766a,,7,brs
c9a284db-7bc1-4698-8a66-ac98894edce6,view_page,Hasil Sensus Penduduk dan Proyeksi Penduduk Menurut Kecamatan 2023,ios,device_8659e198,2026-07-21T12:26:53.579647+00:00,d1f9c425-45eb-4e73-b65e-c08d0fad3caf,,5,publikasi
32c600b1-87df-4faf-9435-9cf4ef16b2d6,view_pdf,Kota Malang Dalam Angka 2024,android,device_52931df5,2026-07-21T14:57:22.712888+00:00,4d21cdd5-8bbb-4588-9d75-bdf304eabaa2,,5,publikasi
0c74f07b-6d95-4a46-b76b-dc94b88ac9d4,view_pdf,Laju Pertumbuhan Ekonomi (LPE) Kota Malang Triwulan II 2024,ios,device_37f4a7b9,2026-07-21T22:25:15.725396+00:00,34649ace-ddf1-4f19-aa4e-2f065c52ac56,,1,brs
1c2aa6f1-b694-4fe9-a512-e5aca5e9f255,view_pdf,Hasil Sensus Penduduk dan Proyeksi Penduduk Menurut Kecamatan 2023,android,device_b8dad4f2,2026-07-21T22:32:51.549423+00:00,d1f9c425-45eb-4e73-b65e-c08d0fad3caf,,5,publikasi
c6c0e49f-67eb-4d50-9d00-4419dfe19818,view_page,Produksi Padi & Beras,android,user_44_rian_pratama_44@example.com,2026-07-21T23:48:35.642005+00:00,,,6,fitur
0ab316ee-efa3-424f-b0d2-fb908d9eacb8,view_page,Statistik Kesejahteraan Rakyat dan Pengeluaran Konsumsi Kota Malang 2023,android,device_f825630e,2026-07-22T02:03:12.543894+00:00,23a58e84-c462-4bf8-a5ea-c7bc3825a70c,,7,publikasi
6e874938-a35c-4db4-92bc-168b5ed3fdae,download_file,Luas Panen dan Produksi Padi di Kota Malang 2023 (Angka Tetap),android,device_8659e198,2026-07-22T02:16:34.352694+00:00,53ccbf55-ec6c-41ee-b286-a287c99906a8,,6,brs
c238ecb5-8348-46fe-ab9c-4a685ccfa109,view_page,Tingkat Ketimpangan Pengeluaran Penduduk (Gini Ratio) Kota Malang 2023,android,user_30_yolanda_fransiska_30@example.com,2026-07-22T07:03:38.091554+00:00,d8f046d4-0fd0-424e-9b7d-1ad89485766a,,7,brs
29dcf242-8018-4d30-b031-0ecf651800a8,download_file,Profil Kemiskinan Kota Malang Tahun 2023,ios,device_9ff94146,2026-07-22T08:54:13.987466+00:00,29c70151-0b4a-4225-8eb2-eb5abce97b15,,2,brs
35b99db3-8137-454b-aae7-fb8a34d96852,view_page,Harapan Lama Sekolah,android,device_bd313702,2026-07-22T12:08:54.866913+00:00,,,4,fitur
9bb8d3e0-ca49-4687-bde9-c06d0efe3cdf,view_page,Kepadatan dan Piramida Penduduk Kota Malang,android,user_3_ahmad_fauzi_3@example.com,2026-07-22T12:53:34.858667+00:00,9a440ecf-18b0-4c1f-86e3-1793d657fe60,,5,infografis
1e95c4b4-8ef6-4590-a5c1-602c3c47e340,view_pdf,Kota Malang Dalam Angka 2024,ios,device_206a1d37,2026-07-22T14:15:00.739673+00:00,4d21cdd5-8bbb-4588-9d75-bdf304eabaa2,,5,publikasi
72343d55-9422-4496-b71d-d87c605846b2,view_page,Infografis Capaian IPM Kota Malang Tertinggi di Jawa Timur,android,device_aa56314e,2026-07-22T15:43:47.095252+00:00,66f6edee-0df5-41d3-a724-c4f06da0926a,,4,infografis
ec3ddd7e-b74d-49d4-9def-543fd0e3096d,view_pdf,Angka Harapan Hidup dan Harapan Lama Sekolah Kota Malang 2023,android,user_37_siti_rahmawati_37@example.com,2026-07-22T18:17:46.338858+00:00,bfb01c78-0ed2-46dd-9631-7d6cdc32c4a8,,4,publikasi
3bd3ed74-ee5c-4610-ba24-66c57c629734,view_page,Produk Domestik Regional Bruto Kota Malang Menurut Lapangan Usaha 2023,ios,device_86adf413,2026-07-22T20:30:25.749874+00:00,b4138e54-6653-472c-ae8b-b01fa86a3b0e,,1,publikasi
6a8cb714-1ab1-4f80-9258-9c5f13e3c887,view_pdf,Perkembangan Indeks Harga Konsumen / Inflasi Kota Malang 2024,android,device_2662ff67,2026-07-22T22:01:39.307141+00:00,153eb443-bf3a-4972-91d8-9789b011510b,,1,brs
e5931225-4368-4f15-b8ac-88b4b3540d06,view_page,Produksi Padi & Beras,ios,user_35_citra_lestari_35@example.com,2026-07-22T22:28:52.045030+00:00,,,6,fitur
7ad68165-7fe5-4b69-8ec1-c518aecf037a,view_page,Laju Pertumbuhan Ekonomi (LPE) Kota Malang Triwulan II 2024,ios,user_31_lukman_hakim_31@example.com,2026-07-22T23:50:10.817815+00:00,34649ace-ddf1-4f19-aa4e-2f065c52ac56,,1,brs
584cfd47-ef86-4046-983f-1090a21a9517,view_page,Indeks Pembangunan Manusia (IPM) Kota Malang 2023,android,user_15_nabila_syahrani_15@example.com,2026-07-23T11:02:23.351847+00:00,b77e7e0a-b2da-418b-8f86-6cc73c24254a,,4,brs
f79c592a-5ca3-49fb-aab8-ca1a316882d4,view_page,Penduduk Menurut Kecamatan,android,device_bb002908,2026-07-23T11:16:26.366539+00:00,,,5,fitur
1d26326d-4e06-4f78-a13c-34a7e858d68f,view_page,Indeks Pembangunan Manusia (IPM) Kota Malang 2023,android,device_00fd2976,2026-07-23T11:31:46.968382+00:00,b77e7e0a-b2da-418b-8f86-6cc73c24254a,,4,brs
2eaa31a8-296d-469e-b51d-64662a943822,view_page,Profil Kemiskinan Kota Malang Tahun 2023,android,user_19_gita_permata_19@example.com,2026-07-23T19:07:03.708242+00:00,29c70151-0b4a-4225-8eb2-eb5abce97b15,,2,brs
78749707-d4f2-40ee-b10a-1d76ac6e25bf,view_pdf,Perkembangan Indeks Harga Konsumen / Inflasi Kota Malang 2024,android,user_48_dewi_anggraini_48@example.com,2026-07-23T20:27:51.415162+00:00,153eb443-bf3a-4972-91d8-9789b011510b,,1,brs
79bfafa1-89be-455f-98b1-5d19ebf52fa6,view_pdf,Tingkat Penghunian Kamar Hotel Kota Malang Semester I 2024,ios,user_9_dewi_anggraini_9@example.com,2026-07-23T20:36:57.526530+00:00,73f00342-0b53-43b9-bbcf-1a523751ddda,,1,infografis
67d73ab3-9f75-49f6-9cc7-036ece62f66a,view_page,Produk Domestik Regional Bruto Kota Malang Menurut Lapangan Usaha 2023,android,device_ac1adb92,2026-07-23T23:32:27.210223+00:00,b4138e54-6653-472c-ae8b-b01fa86a3b0e,,1,publikasi
5f7e64a3-83bf-47ab-b644-9b983944d26b,download_file,Profil Kemiskinan Kota Malang Tahun 2023,ios,device_aa56314e,2026-07-24T01:06:38.198856+00:00,29c70151-0b4a-4225-8eb2-eb5abce97b15,,2,brs
003c3658-02a3-4692-9adb-cf5e2e7333a8,view_page,Penduduk Menurut Jenis Kelamin,ios,user_48_dewi_anggraini_48@example.com,2026-07-24T01:41:16.414965+00:00,,,5,fitur
a491cb8b-5a11-4ecd-ab55-a8990fd1824f,view_page,Produk Domestik Regional Bruto (PDRB),android,device_f7e7ad1e,2026-07-24T02:44:20.451122+00:00,,,1,fitur
4e046a69-b2f5-4a85-b2ca-beec1c4982f3,view_page,Kepadatan dan Piramida Penduduk Kota Malang,ios,user_28_ahmad_fauzi_28@example.com,2026-07-24T02:59:38.118747+00:00,9a440ecf-18b0-4c1f-86e3-1793d657fe60,,5,infografis
3b349768-14ba-481b-adc8-e08c9964cb08,view_pdf,Angka Harapan Hidup dan Harapan Lama Sekolah Kota Malang 2023,android,user_15_nabila_syahrani_15@example.com,2026-07-24T03:42:10.717297+00:00,bfb01c78-0ed2-46dd-9631-7d6cdc32c4a8,,4,publikasi
73c87610-4808-49ac-9832-81e6277eadac,view_page,Hasil Sensus Penduduk dan Proyeksi Penduduk Menurut Kecamatan 2023,ios,device_7a936bd8,2026-07-24T05:40:36.129829+00:00,d1f9c425-45eb-4e73-b65e-c08d0fad3caf,,5,publikasi
7bcd8b5e-5d8e-4655-9844-94954cd994b8,download_file,Laju Pertumbuhan Ekonomi (LPE) Kota Malang Triwulan II 2024,android,user_38_gita_permata_38@example.com,2026-07-24T07:47:13.467686+00:00,34649ace-ddf1-4f19-aa4e-2f065c52ac56,,1,brs
a69b67de-c7f1-40ab-8eb9-e85164774fe7,view_page,Usia Harapan Hidup,android,device_9ff94146,2026-07-24T07:58:00.016640+00:00,,,4,fitur
eda034c5-542c-4412-81a6-475c5c5a50e7,view_page,Infografis Capaian IPM Kota Malang Tertinggi di Jawa Timur,android,device_f825630e,2026-07-24T09:20:41.850138+00:00,66f6edee-0df5-41d3-a724-c4f06da0926a,,4,infografis
b9cfcf92-eece-4773-9ddd-04c21c40f0bc,download_file,Kepadatan dan Piramida Penduduk Kota Malang,android,device_8741b3e4,2026-07-24T11:28:08.565416+00:00,9a440ecf-18b0-4c1f-86e3-1793d657fe60,,5,infografis
31f84d4e-3b98-4510-aa7e-5de903019ae1,view_page,Kepadatan dan Piramida Penduduk Kota Malang,android,user_31_lukman_hakim_31@example.com,2026-07-24T11:35:27.755643+00:00,9a440ecf-18b0-4c1f-86e3-1793d657fe60,,5,infografis
dcaa2e7b-a98a-41d1-a89a-15651cc69597,view_page,Laju Pertumbuhan Ekonomi,android,device_bf3a5d5b,2026-07-24T12:24:19.022424+00:00,,,1,fitur
af023b2d-bcb7-4f84-8abb-06c89916ce14,view_pdf,Tingkat Ketimpangan Pengeluaran Penduduk (Gini Ratio) Kota Malang 2023,android,device_bf3a5d5b,2026-07-24T22:08:25.885218+00:00,d8f046d4-0fd0-424e-9b7d-1ad89485766a,,7,brs
457fdcc7-f5eb-4359-982d-3534de1b2030,view_page,Gini Rasio Kota Malang,android,device_c2dd9db5,2026-07-25T00:13:45.179398+00:00,,,7,fitur
9c89a751-0d61-4ff8-b758-2ffafc5b858b,view_pdf,Infografis Capaian IPM Kota Malang Tertinggi di Jawa Timur,android,user_27_yolanda_fransiska_27@example.com,2026-07-25T01:42:59.024227+00:00,66f6edee-0df5-41d3-a724-c4f06da0926a,,4,infografis
836534fa-b2a4-4962-8b62-be701ca904e6,view_pdf,Perkembangan Indeks Harga Konsumen / Inflasi Kota Malang 2024,android,user_22_lukman_hakim_22@example.com,2026-07-25T03:18:38.905159+00:00,153eb443-bf3a-4972-91d8-9789b011510b,,1,brs
0e38aa03-e391-400f-b18d-604d84098fc2,view_page,Produk Domestik Regional Bruto (PDRB),android,device_d43a4c3f,2026-07-25T03:36:43.387594+00:00,,,1,fitur
53f5e135-3228-480c-a7b7-2782b4b7303b,download_file,Kepadatan dan Piramida Penduduk Kota Malang,ios,user_45_taufik_hidayat_45@example.com,2026-07-25T03:47:56.105538+00:00,9a440ecf-18b0-4c1f-86e3-1793d657fe60,,5,infografis
351291b3-9834-436c-bd35-c7da9307c22e,download_file,Indeks Kedalaman dan Keparahan Kemiskinan Kota Malang 2019-2023,android,device_05c90f14,2026-07-25T05:26:02.872350+00:00,849d2910-63e6-42b9-bc4d-f43f9d152bcf,,2,publikasi
66d035ea-b12d-4ed6-a3dd-df1fd38ad2b2,view_pdf,Perkembangan Indeks Harga Konsumen / Inflasi Kota Malang 2024,android,device_ff636399,2026-07-25T08:33:31.313998+00:00,153eb443-bf3a-4972-91d8-9789b011510b,,1,brs
1411964e-cd14-4c9f-82e9-5b7c7ec752c6,view_pdf,Indeks Pembangunan Manusia (IPM) Kota Malang 2023,android,device_8659e198,2026-07-25T09:44:31.435264+00:00,b77e7e0a-b2da-418b-8f86-6cc73c24254a,,4,brs
fb1b5dc5-132e-46ef-8471-0c9f7779729e,view_page,Penduduk Menurut Kecamatan,android,user_10_yolanda_fransiska_10@example.com,2026-07-25T15:52:10.651733+00:00,,,5,fitur
96e0b8f0-28f8-43fc-91a1-7366310daa5d,view_page,Gini Rasio Kota Malang,android,user_15_nabila_syahrani_15@example.com,2026-07-25T19:40:21.940695+00:00,,,7,fitur
fce4256b-8ffa-4e63-9957-f935de6fc618,view_page,Tingkat Pengangguran Terbuka,android,device_ff636399,2026-07-26T00:42:17.518862+00:00,,,3,fitur
477c1fcb-a449-4226-9aa8-ae74e5455b22,view_page,Laju Pertumbuhan Ekonomi,ios,device_2662ff67,2026-07-26T07:07:42.235144+00:00,,,1,fitur
7eb03a65-d7c2-49e5-bfee-7a28b23587e2,view_pdf,Perkembangan Indeks Harga Konsumen / Inflasi Kota Malang 2024,android,user_47_nurul_hidayah_47@example.com,2026-07-26T09:24:01.110422+00:00,153eb443-bf3a-4972-91d8-9789b011510b,,1,brs
e4d813b2-2825-447d-9046-7dc5f866f87a,view_page,Kota Malang Dalam Angka 2024,android,device_f8e0ac4d,2026-07-26T10:51:38.183388+00:00,4d21cdd5-8bbb-4588-9d75-bdf304eabaa2,,5,publikasi
123af50c-a868-47a0-946d-170a27ce67b3,view_page,Angka Harapan Hidup dan Harapan Lama Sekolah Kota Malang 2023,android,user_36_siti_rahmawati_36@example.com,2026-07-26T14:38:25.823272+00:00,bfb01c78-0ed2-46dd-9631-7d6cdc32c4a8,,4,publikasi
ff2508b5-4fe1-4530-87d2-3d2841a7df2a,view_page,Laju Pertumbuhan Ekonomi,android,device_52931df5,2026-07-26T15:42:05.678914+00:00,,,1,fitur
4cb96f9c-d0ea-4962-abd7-25559f62ed88,view_pdf,Angka Harapan Hidup dan Harapan Lama Sekolah Kota Malang 2023,ios,user_7_dewi_anggraini_7@example.com,2026-07-26T15:51:10.441765+00:00,bfb01c78-0ed2-46dd-9631-7d6cdc32c4a8,,4,publikasi
3154f54f-68ec-4bae-912f-a544443943e2,download_file,Keadaan Ketenagakerjaan Kota Malang Agustus 2023,android,user_23_rizky_firmansyah_23@example.com,2026-07-26T16:26:52.334927+00:00,dbb4a727-6747-4aad-95de-33be8902e079,,3,brs
33789404-f419-40bc-8334-5135c736ba5b,view_page,Statistik Kesejahteraan Rakyat dan Pengeluaran Konsumsi Kota Malang 2023,android,device_8659e198,2026-07-26T17:43:00.611456+00:00,23a58e84-c462-4bf8-a5ea-c7bc3825a70c,,7,publikasi
7b4bad1c-1e9b-4979-8f96-ab3c4a2d7d0b,download_file,Indeks Pembangunan Manusia (IPM) Kota Malang 2023,ios,user_1_yolanda_fransiska_1@example.com,2026-07-26T23:36:01.464409+00:00,b77e7e0a-b2da-418b-8f86-6cc73c24254a,,4,brs
2f47de9c-b63d-4e5c-b52c-a18526316b3e,download_file,Tingkat Ketimpangan Pengeluaran Penduduk (Gini Ratio) Kota Malang 2023,android,user_37_siti_rahmawati_37@example.com,2026-07-27T02:59:33.634734+00:00,d8f046d4-0fd0-424e-9b7d-1ad89485766a,,7,brs
82360ddc-b74d-476b-9185-f6609bc5ac09,view_page,Produk Domestik Regional Bruto (PDRB),android,device_71e576a8,2026-07-27T04:40:49.713983+00:00,,,1,fitur
7284b90d-0e97-4580-a05a-1d792c88f406,view_pdf,Angka Harapan Hidup dan Harapan Lama Sekolah Kota Malang 2023,android,user_11_citra_lestari_11@example.com,2026-07-27T10:00:33.224458+00:00,bfb01c78-0ed2-46dd-9631-7d6cdc32c4a8,,4,publikasi
5c23cfe8-9e8a-4da2-8d1a-271469bb02db,view_page,Perkembangan Indeks Harga Konsumen / Inflasi Kota Malang 2024,android,device_71e576a8,2026-07-27T13:58:18.299345+00:00,153eb443-bf3a-4972-91d8-9789b011510b,,1,brs
2774b24f-0129-428d-8640-d8d3be054c85,view_page,Perkembangan Indeks Harga Konsumen / Inflasi Kota Malang 2024,android,device_b8dad4f2,2026-07-27T16:22:40.371356+00:00,153eb443-bf3a-4972-91d8-9789b011510b,,1,brs
2db4b020-5d8c-4893-8d90-3a0d29249b8d,view_page,Hasil Sensus Penduduk dan Proyeksi Penduduk Menurut Kecamatan 2023,android,device_20a9d480,2026-07-27T18:59:59.482606+00:00,d1f9c425-45eb-4e73-b65e-c08d0fad3caf,,5,publikasi
7ae424c5-100c-46c2-8238-32c633350ffd,view_page,Laju Pertumbuhan Ekonomi (LPE) Kota Malang Triwulan II 2024,android,user_17_budi_santoso_17@example.com,2026-07-27T19:45:08.821779+00:00,34649ace-ddf1-4f19-aa4e-2f065c52ac56,,1,brs
97aea4f0-ff52-4d93-bb9b-374c0f58e210,view_pdf,Produk Domestik Regional Bruto Kota Malang Menurut Lapangan Usaha 2023,android,device_b8dad4f2,2026-07-27T20:45:12.499691+00:00,b4138e54-6653-472c-ae8b-b01fa86a3b0e,,1,publikasi
154fbd04-2fff-48a0-979f-28c20faa610d,view_page,Inflasi Bulanan Kota Malang,android,user_8_indah_sari_8@example.com,2026-07-27T23:40:35.817516+00:00,,,1,fitur
9fba8146-05a6-4221-bce2-18aedf693abb,view_pdf,Indeks Kedalaman dan Keparahan Kemiskinan Kota Malang 2019-2023,android,device_05cce64d,2026-07-28T00:29:44.618317+00:00,849d2910-63e6-42b9-bc4d-f43f9d152bcf,,2,publikasi
f7dfab85-afd1-4c46-b9b9-55f3b8136642,view_page,Statistik Kesejahteraan Rakyat dan Pengeluaran Konsumsi Kota Malang 2023,android,device_6db1e2a9,2026-07-28T01:34:32.138911+00:00,23a58e84-c462-4bf8-a5ea-c7bc3825a70c,,7,publikasi
093dba06-9ef7-4bb5-a9bf-c89eb633349c,view_pdf,Garis Kemiskinan dan Jumlah Penduduk Miskin Kota Malang,android,user_18_indah_sari_18@example.com,2026-07-28T06:58:22.047658+00:00,92628f5b-aa64-41bb-a679-f0b01507a173,,2,infografis
5cf092aa-8a54-4d25-a5b3-13dcb355eb0f,view_page,Laju Pertumbuhan Ekonomi,android,device_20a9d480,2026-07-28T09:57:04.471605+00:00,,,1,fitur
dd6c3724-8b48-4255-814c-132a6f6467af,view_page,Tingkat Penghunian Kamar Hotel Kota Malang Semester I 2024,android,user_10_yolanda_fransiska_10@example.com,2026-07-28T13:09:28.339426+00:00,73f00342-0b53-43b9-bbcf-1a523751ddda,,1,infografis
19d5a782-fdbc-4076-9cd1-a16e68227d27,view_pdf,Kota Malang Dalam Angka 2024,ios,user_29_rian_pratama_29@example.com,2026-07-28T13:47:21.007288+00:00,4d21cdd5-8bbb-4588-9d75-bdf304eabaa2,,5,publikasi
deb63d34-bdb6-4860-8b21-d143673a7131,view_page,Angka Harapan Hidup dan Harapan Lama Sekolah Kota Malang 2023,ios,user_37_siti_rahmawati_37@example.com,2026-07-28T18:13:05.436655+00:00,bfb01c78-0ed2-46dd-9631-7d6cdc32c4a8,,4,publikasi
f2c1677c-c3b6-4ff3-8531-5baa9d2a28c7,view_page,Produk Domestik Regional Bruto Kota Malang Menurut Lapangan Usaha 2023,ios,user_36_siti_rahmawati_36@example.com,2026-07-28T18:58:43.788718+00:00,b4138e54-6653-472c-ae8b-b01fa86a3b0e,,1,publikasi
3d057816-3f96-4c9c-b4d0-9afaed3e393d,download_file,Profil Kemiskinan Kota Malang Tahun 2023,android,device_6db1e2a9,2026-07-28T19:51:28.682504+00:00,29c70151-0b4a-4225-8eb2-eb5abce97b15,,2,brs
d0fd9400-9733-43bc-bfa5-6af966bbf6fe,view_page,Tingkat Kemiskinan,android,device_e3ac245e,2026-07-28T21:22:47.376363+00:00,,,2,fitur
2f071bfe-a0a9-4126-8775-45e8d5143a27,view_page,Produk Domestik Regional Bruto Kota Malang Menurut Lapangan Usaha 2023,android,user_28_ahmad_fauzi_28@example.com,2026-07-28T23:52:40.549644+00:00,b4138e54-6653-472c-ae8b-b01fa86a3b0e,,1,publikasi
855b0260-f632-48cd-9f93-dcdd16222f0c,view_pdf,Kota Malang Dalam Angka 2024,android,user_23_rizky_firmansyah_23@example.com,2026-07-29T02:28:35.653426+00:00,4d21cdd5-8bbb-4588-9d75-bdf304eabaa2,,5,publikasi
ec65035d-23fa-4107-abd2-ea91d69fa2f0,view_page,Inflasi Bulanan Kota Malang,ios,device_aa56314e,2026-07-29T02:37:58.885877+00:00,,,1,fitur
2ea567ba-5dfe-47fb-af4e-cb852b2024dc,view_pdf,Hasil Sensus Penduduk dan Proyeksi Penduduk Menurut Kecamatan 2023,ios,device_25e07130,2026-07-29T04:25:09.018333+00:00,d1f9c425-45eb-4e73-b65e-c08d0fad3caf,,5,publikasi
c0d3ea3f-254b-4986-9a60-24a294e81e1b,view_page,Produk Domestik Regional Bruto Kota Malang Menurut Lapangan Usaha 2023,android,device_206a1d37,2026-07-29T05:11:36.144776+00:00,b4138e54-6653-472c-ae8b-b01fa86a3b0e,,1,publikasi
1a61d871-8bec-4749-8fe6-1095035fe2c7,download_file,Tingkat Pengangguran Terbuka (TPT) Berdasarkan Tingkat Pendidikan Kota Malang,android,device_bd313702,2026-07-29T06:04:11.127734+00:00,2b4ccc8e-b559-4c16-ac4a-59687e9c10bd,,3,publikasi
0f6e28be-8cb9-4209-afeb-a031e6a4b067,view_page,Luas Panen dan Produksi Padi di Kota Malang 2023 (Angka Tetap),android,device_bd313702,2026-07-29T06:47:51.494408+00:00,53ccbf55-ec6c-41ee-b286-a287c99906a8,,6,brs
b652b453-c8be-43cd-bd80-555bfa45d001,download_file,Kota Malang Dalam Angka 2024,android,device_8741b3e4,2026-07-29T07:36:10.795493+00:00,4d21cdd5-8bbb-4588-9d75-bdf304eabaa2,,5,publikasi
6e2b5f4d-75fe-43ab-b187-5a3b183a888f,view_page,"Statistik Pertanian, Peternakan, dan Hortikultura Kota Malang 2023",android,user_17_budi_santoso_17@example.com,2026-07-29T08:14:33.413437+00:00,821622ab-94f7-498c-b216-82c39b77ef9d,,6,publikasi
3f86f8cb-01d6-4dfc-8b97-2f55a641f4a4,view_pdf,Tingkat Penghunian Kamar Hotel Kota Malang Semester I 2024,android,device_bf3a5d5b,2026-07-29T09:54:12.660426+00:00,73f00342-0b53-43b9-bbcf-1a523751ddda,,1,infografis
886ea161-d676-4139-b9e9-6181742ca0ac,view_page,Laju Pertumbuhan Ekonomi (LPE) Kota Malang Triwulan II 2024,android,device_018ad5f7,2026-07-29T14:32:06.599846+00:00,34649ace-ddf1-4f19-aa4e-2f065c52ac56,,1,brs
3c4e0315-edb0-43bc-9dd3-bce0c75db952,view_page,Laju Pertumbuhan Ekonomi,android,device_bd313702,2026-07-29T15:08:56.806861+00:00,,,1,fitur
d8554ae8-f0e4-4267-a184-371e8a6c3f21,view_pdf,Hasil Sensus Penduduk dan Proyeksi Penduduk Menurut Kecamatan 2023,android,user_28_ahmad_fauzi_28@example.com,2026-07-29T15:13:48.731453+00:00,d1f9c425-45eb-4e73-b65e-c08d0fad3caf,,5,publikasi
c1667094-0924-412e-ad57-b00ecd3e5a96,view_pdf,Garis Kemiskinan dan Jumlah Penduduk Miskin Kota Malang,android,device_70cce41e,2026-07-29T20:01:05.270470+00:00,92628f5b-aa64-41bb-a679-f0b01507a173,,2,infografis
f2c6d8f0-576b-4130-9856-83572abaab42,view_page,Kota Malang Dalam Angka 2024,android,device_31bb5897,2026-07-29T22:01:13.791553+00:00,4d21cdd5-8bbb-4588-9d75-bdf304eabaa2,,5,publikasi
085809d5-44eb-499c-9f22-61674cfa569d,view_page,Produk Domestik Regional Bruto Kota Malang Menurut Lapangan Usaha 2023,android,user_6_dimas_arya_6@example.com,2026-07-30T00:33:31.047538+00:00,b4138e54-6653-472c-ae8b-b01fa86a3b0e,,1,publikasi
d3ae9b82-7ad4-4b2b-b14b-466fc6273b74,view_pdf,Hasil Sensus Penduduk dan Proyeksi Penduduk Menurut Kecamatan 2023,android,device_37f4a7b9,2026-07-30T00:52:56.860158+00:00,d1f9c425-45eb-4e73-b65e-c08d0fad3caf,,5,publikasi
61f86c59-cf32-44fa-b5c8-3d0c507672a2,view_pdf,Produk Domestik Regional Bruto Kota Malang Menurut Lapangan Usaha 2023,android,user_5_taufik_hidayat_5@example.com,2026-07-30T02:12:11.829111+00:00,b4138e54-6653-472c-ae8b-b01fa86a3b0e,,1,publikasi
a3558ae7-d8f3-4e1a-8a5a-7a9cf8f5ca72,download_file,Angka Harapan Hidup dan Harapan Lama Sekolah Kota Malang 2023,ios,user_40_lukman_hakim_40@example.com,2026-07-30T02:32:51.508171+00:00,bfb01c78-0ed2-46dd-9631-7d6cdc32c4a8,,4,publikasi
65f43913-7dbb-45f6-826a-bc7907fee4b3,view_page,Indeks Pembangunan Manusia (IPM) Kota Malang 2023,android,device_05c90f14,2026-07-30T03:46:12.330685+00:00,b77e7e0a-b2da-418b-8f86-6cc73c24254a,,4,brs
8d83069c-184a-4e2f-93d2-a77efe54ded5,download_file,Laju Pertumbuhan Ekonomi (LPE) Kota Malang Triwulan II 2024,android,user_1_yolanda_fransiska_1@example.com,2026-07-30T07:34:03.186504+00:00,34649ace-ddf1-4f19-aa4e-2f065c52ac56,,1,brs
6a499266-b05f-435c-8086-d21261fff204,view_page,Laju Pertumbuhan Ekonomi,android,device_9b20524d,2026-07-30T07:45:32.675499+00:00,,,1,fitur
2911053b-3866-40c6-8aa6-b25dd9ebb4db,view_page,Angka Harapan Hidup dan Harapan Lama Sekolah Kota Malang 2023,android,user_36_siti_rahmawati_36@example.com,2026-07-30T08:24:34.774486+00:00,bfb01c78-0ed2-46dd-9631-7d6cdc32c4a8,,4,publikasi
486fd389-f0f5-43a4-ae76-e414f65f6754,view_page,Infografis Capaian IPM Kota Malang Tertinggi di Jawa Timur,android,user_45_taufik_hidayat_45@example.com,2026-07-30T14:15:50.830682+00:00,66f6edee-0df5-41d3-a724-c4f06da0926a,,4,infografis
906862cd-0391-475b-9065-0913500ab045,download_file,Tingkat Pengangguran Terbuka (TPT) Berdasarkan Tingkat Pendidikan Kota Malang,android,user_5_taufik_hidayat_5@example.com,2026-07-30T15:48:43.547320+00:00,2b4ccc8e-b559-4c16-ac4a-59687e9c10bd,,3,publikasi
83b7c08e-3c9f-4d15-81d9-077366717aa2,view_page,Tingkat Pengangguran Terbuka (TPT) Berdasarkan Tingkat Pendidikan Kota Malang,ios,device_7fc9c339,2026-07-30T16:32:34.164687+00:00,2b4ccc8e-b559-4c16-ac4a-59687e9c10bd,,3,publikasi
2f796dc7-d13f-4233-bedf-647a3f5455d4,view_pdf,Indeks Pembangunan Manusia (IPM) Kota Malang 2023,android,user_39_gita_permata_39@example.com,2026-07-30T16:46:03.053472+00:00,b77e7e0a-b2da-418b-8f86-6cc73c24254a,,4,brs
58ba165a-08d8-4d76-9472-53acd388b55b,view_page,Hasil Sensus Penduduk dan Proyeksi Penduduk Menurut Kecamatan 2023,android,device_7db2638c,2026-07-30T17:43:33.460996+00:00,d1f9c425-45eb-4e73-b65e-c08d0fad3caf,,5,publikasi
9dcc4ad9-bdbe-43ba-af06-7bacc5b8451b,view_pdf,Indeks Kedalaman dan Keparahan Kemiskinan Kota Malang 2019-2023,ios,device_8659e198,2026-07-30T19:10:40.152520+00:00,849d2910-63e6-42b9-bc4d-f43f9d152bcf,,2,publikasi
701be786-ccac-4d3c-bfde-76dbaac60fa9,view_page,Tingkat Penghunian Kamar Hotel Kota Malang Semester I 2024,android,user_50_fajar_nugroho_50@example.com,2026-07-30T19:30:41.317440+00:00,73f00342-0b53-43b9-bbcf-1a523751ddda,,1,infografis
de27a5b0-5a9b-4bf6-95f5-acd7eacb249b,download_file,Hasil Sensus Penduduk dan Proyeksi Penduduk Menurut Kecamatan 2023,android,device_f8e0ac4d,2026-07-30T20:45:09.370839+00:00,d1f9c425-45eb-4e73-b65e-c08d0fad3caf,,5,publikasi
3810756f-0093-4423-8319-106039bc8186,view_page,Statistik Kesejahteraan Rakyat dan Pengeluaran Konsumsi Kota Malang 2023,android,user_17_budi_santoso_17@example.com,2026-07-30T21:22:25.956377+00:00,23a58e84-c462-4bf8-a5ea-c7bc3825a70c,,7,publikasi
3df58af0-ab60-4cd1-b4c9-deaa56506b2b,download_file,Tingkat Ketimpangan Pengeluaran Penduduk (Gini Ratio) Kota Malang 2023,android,user_39_gita_permata_39@example.com,2026-07-31T03:20:48.291712+00:00,d8f046d4-0fd0-424e-9b7d-1ad89485766a,,7,brs
80006d85-33e5-41d5-8ab4-57abf3573d12,download_file,Tingkat Penghunian Kamar Hotel Kota Malang Semester I 2024,android,device_52931df5,2026-07-31T04:56:23.411467+00:00,73f00342-0b53-43b9-bbcf-1a523751ddda,,1,infografis
02926022-adae-4c91-814c-3c04dfe57cd6,view_page,Gini Rasio Kota Malang,android,device_bf3a5d5b,2026-07-31T06:24:21.166477+00:00,,,7,fitur
5e9f6863-5314-4b2c-8eea-7d242007a027,download_file,Produk Domestik Regional Bruto Kota Malang Menurut Lapangan Usaha 2023,android,device_b8dad4f2,2026-07-31T08:10:33.601074+00:00,b4138e54-6653-472c-ae8b-b01fa86a3b0e,,1,publikasi
63035a71-9cfe-43a0-a6a9-85af4c2f4c8b,view_page,Laju Pertumbuhan Ekonomi (LPE) Kota Malang Triwulan II 2024,android,user_4_siti_rahmawati_4@example.com,2026-07-31T09:44:12.295699+00:00,34649ace-ddf1-4f19-aa4e-2f065c52ac56,,1,brs
de9e7c68-e472-4b21-88e7-e3d050d2c988,download_file,Kepadatan dan Piramida Penduduk Kota Malang,android,device_f7e7ad1e,2026-07-31T10:25:58.176649+00:00,9a440ecf-18b0-4c1f-86e3-1793d657fe60,,5,infografis
9064b541-0895-4139-bd24-554ab773534c,download_file,Tingkat Ketimpangan Pengeluaran Penduduk (Gini Ratio) Kota Malang 2023,android,device_70cce41e,2026-07-31T11:22:04.580134+00:00,d8f046d4-0fd0-424e-9b7d-1ad89485766a,,7,brs
003a8c8d-a978-4bbf-8cc6-a12edeeed6d4,view_page,Angka Harapan Hidup dan Harapan Lama Sekolah Kota Malang 2023,android,user_6_dimas_arya_6@example.com,2026-07-31T12:12:57.795756+00:00,bfb01c78-0ed2-46dd-9631-7d6cdc32c4a8,,4,publikasi
d88f9e6b-fe1b-459a-a92e-f9bdd64b1aa0,download_file,Indeks Pembangunan Manusia (IPM) Kota Malang 2023,android,user_48_dewi_anggraini_48@example.com,2026-07-31T15:29:06.287341+00:00,b77e7e0a-b2da-418b-8f86-6cc73c24254a,,4,brs
8e49ec6c-cb12-4563-a97d-96310ea5e11c,view_pdf,Statistik Kesejahteraan Rakyat dan Pengeluaran Konsumsi Kota Malang 2023,android,device_f7e7ad1e,2026-07-31T18:09:03.309130+00:00,23a58e84-c462-4bf8-a5ea-c7bc3825a70c,,7,publikasi
4898d5cb-4ca7-45af-ab89-467776f87974,view_pdf,Hasil Sensus Penduduk dan Proyeksi Penduduk Menurut Kecamatan 2023,android,device_71e576a8,2026-07-31T18:35:08.140834+00:00,d1f9c425-45eb-4e73-b65e-c08d0fad3caf,,5,publikasi
6872871b-75c1-4797-8313-c266155772c0,view_pdf,Kota Malang Dalam Angka 2024,android,user_48_dewi_anggraini_48@example.com,2026-07-31T18:42:32.945224+00:00,4d21cdd5-8bbb-4588-9d75-bdf304eabaa2,,5,publikasi
11356e3f-2ccd-4cfd-ab33-af47f297f351,view_pdf,Kepadatan dan Piramida Penduduk Kota Malang,android,device_7aa1f439,2026-07-31T22:55:46.863402+00:00,9a440ecf-18b0-4c1f-86e3-1793d657fe60,,5,infografis
591a56ff-1fb3-4ee0-9ea2-3ba700244acf,download_file,Laju Pertumbuhan Ekonomi (LPE) Kota Malang Triwulan II 2024,android,device_f8e0ac4d,2026-07-31T23:37:28.464484+00:00,34649ace-ddf1-4f19-aa4e-2f065c52ac56,,1,brs
13c4751f-b247-4745-b44e-5a2b85b64f57,view_page,Produksi Padi & Beras,android,user_39_gita_permata_39@example.com,2026-08-01T02:18:28.070734+00:00,,,6,fitur
aa69ab35-0d27-4314-b5f5-53b1ab5f9a77,view_pdf,Statistik Kesejahteraan Rakyat dan Pengeluaran Konsumsi Kota Malang 2023,android,user_6_dimas_arya_6@example.com,2026-08-01T07:46:12.696061+00:00,23a58e84-c462-4bf8-a5ea-c7bc3825a70c,,7,publikasi
34b247fa-fd65-4e28-bb12-ddfad78193c3,view_pdf,Perkembangan Indeks Harga Konsumen / Inflasi Kota Malang 2024,android,user_48_dewi_anggraini_48@example.com,2026-08-01T08:44:08.289590+00:00,153eb443-bf3a-4972-91d8-9789b011510b,,1,brs
2c0619ee-a36b-4679-9d9c-dee7c1c4ca73,view_page,Laju Pertumbuhan Ekonomi,android,device_9bbb3fdb,2026-08-01T11:45:24.850498+00:00,,,1,fitur
9b736ea8-46f9-40a7-a07a-854379e37ab8,view_page,Laju Pertumbuhan Ekonomi,android,device_71e576a8,2026-08-01T12:06:30.106229+00:00,,,1,fitur
de74e367-a1a8-44d1-ab5d-b45f40cf5a18,view_pdf,Statistik Kesejahteraan Rakyat dan Pengeluaran Konsumsi Kota Malang 2023,android,device_bd313702,2026-08-01T12:28:49.550734+00:00,23a58e84-c462-4bf8-a5ea-c7bc3825a70c,,7,publikasi
bd47e266-b7bb-41e9-b13b-7aba518ac1dc,view_pdf,Keadaan Ketenagakerjaan Kota Malang Agustus 2023,ios,device_e3ac245e,2026-08-01T13:23:13.733029+00:00,dbb4a727-6747-4aad-95de-33be8902e079,,3,brs
5a41852b-6412-4ceb-9b66-7489b2b931bc,download_file,Luas Panen dan Produksi Padi di Kota Malang 2023 (Angka Tetap),android,device_d43a4c3f,2026-08-01T13:32:00.899202+00:00,53ccbf55-ec6c-41ee-b286-a287c99906a8,,6,brs
ab987c54-f21f-4167-8c7f-5d53ff0e8f55,view_pdf,Tingkat Pengangguran Terbuka (TPT) Berdasarkan Tingkat Pendidikan Kota Malang,android,user_36_siti_rahmawati_36@example.com,2026-08-01T14:23:35.057321+00:00,2b4ccc8e-b559-4c16-ac4a-59687e9c10bd,,3,publikasi
06fe18fc-a98f-4c85-9715-368d5ac63882,view_page,Harapan Lama Sekolah,android,device_7a936bd8,2026-08-01T15:17:43.759747+00:00,,,4,fitur
085ce5db-0be9-4123-a2f3-8527c277cd65,view_page,Gini Rasio Kota Malang,android,device_70cce41e,2026-08-01T17:42:45.342336+00:00,,,7,fitur
f2ed0a60-cd3f-4364-bccf-6620bb237fce,view_pdf,Hasil Sensus Penduduk dan Proyeksi Penduduk Menurut Kecamatan 2023,android,user_38_gita_permata_38@example.com,2026-08-01T20:06:28.800768+00:00,d1f9c425-45eb-4e73-b65e-c08d0fad3caf,,5,publikasi
bacc1039-b0e1-43dc-aadc-d6fcdd1bb4bc,view_page,Angka Harapan Hidup dan Harapan Lama Sekolah Kota Malang 2023,android,user_6_dimas_arya_6@example.com,2026-08-01T22:10:28.609146+00:00,bfb01c78-0ed2-46dd-9631-7d6cdc32c4a8,,4,publikasi
b052c8f2-1239-48e5-9003-949f4d6802ac,view_page,Luas Panen dan Produksi Padi di Kota Malang 2023 (Angka Tetap),android,device_86adf413,2026-08-02T00:07:56.650671+00:00,53ccbf55-ec6c-41ee-b286-a287c99906a8,,6,brs
aefbb7da-e88d-4785-b733-9eae2306f344,view_page,Gini Rasio Kota Malang,android,device_ff877645,2026-08-02T02:06:53.689502+00:00,,,7,fitur
0e5822b0-819f-415b-b8d6-ccc1868cfbee,view_page,Keadaan Ketenagakerjaan Kota Malang Agustus 2023,android,user_47_nurul_hidayah_47@example.com,2026-08-02T02:13:26.348254+00:00,dbb4a727-6747-4aad-95de-33be8902e079,,3,brs
1717d1e9-3fae-4a88-a2ea-5d878e8efea8,view_page,Luas Panen dan Produksi Padi di Kota Malang 2023 (Angka Tetap),android,user_37_siti_rahmawati_37@example.com,2026-08-02T02:19:02.941094+00:00,53ccbf55-ec6c-41ee-b286-a287c99906a8,,6,brs
d9cbbe1a-237e-452d-9ce6-c56777a9feb7,view_pdf,Infografis Capaian IPM Kota Malang Tertinggi di Jawa Timur,android,user_19_gita_permata_19@example.com,2026-08-02T04:03:24.802562+00:00,66f6edee-0df5-41d3-a724-c4f06da0926a,,4,infografis
bbfc3e6d-058d-4ff1-86f5-1177549f580a,download_file,Produk Domestik Regional Bruto Kota Malang Menurut Lapangan Usaha 2023,ios,user_14_zulfa_azizah_14@example.com,2026-08-02T06:21:19.345315+00:00,b4138e54-6653-472c-ae8b-b01fa86a3b0e,,1,publikasi
767cd2bd-bb29-48b2-a77b-5547cc5dd5ee,view_page,Tingkat Pengangguran Terbuka,android,user_41_hadi_wijaya_41@example.com,2026-08-02T06:44:33.618716+00:00,,,3,fitur
ee3ff767-fa30-488e-af3b-695130dd4b2a,view_page,Kepadatan dan Piramida Penduduk Kota Malang,ios,device_75d4e6b1,2026-08-02T07:27:03.184958+00:00,9a440ecf-18b0-4c1f-86e3-1793d657fe60,,5,infografis
952bafc0-c07a-40a3-8e30-a9753c0587f8,view_page,Harapan Lama Sekolah,ios,user_19_gita_permata_19@example.com,2026-08-02T08:38:18.066417+00:00,,,4,fitur
8152100f-2aa0-43f7-ac1b-a3b523b3291f,view_page,Produk Domestik Regional Bruto (PDRB),android,user_22_lukman_hakim_22@example.com,2026-08-02T09:11:14.447024+00:00,,,1,fitur
14086941-c315-482d-9f30-3678b46b05a3,view_page,Gini Rasio Kota Malang,android,user_49_hadi_wijaya_49@example.com,2026-08-02T09:27:56.115322+00:00,,,7,fitur
1f73ced0-46f1-4d64-aef6-96ba4ff74b76,view_page,Kepadatan dan Piramida Penduduk Kota Malang,ios,device_9b20524d,2026-08-02T09:44:45.153742+00:00,9a440ecf-18b0-4c1f-86e3-1793d657fe60,,5,infografis
4661ef5c-ded6-47aa-bb2c-55fa45a35b34,download_file,Tingkat Ketimpangan Pengeluaran Penduduk (Gini Ratio) Kota Malang 2023,android,user_4_siti_rahmawati_4@example.com,2026-08-02T09:57:50.309605+00:00,d8f046d4-0fd0-424e-9b7d-1ad89485766a,,7,brs
9af93e4e-6925-4151-a80a-bb8571fe6f70,download_file,Angka Harapan Hidup dan Harapan Lama Sekolah Kota Malang 2023,android,user_16_siti_rahmawati_16@example.com,2026-08-02T10:15:43.303140+00:00,bfb01c78-0ed2-46dd-9631-7d6cdc32c4a8,,4,publikasi
374dd36d-2753-4609-a311-8ae0022de73b,view_page,Angka Harapan Hidup dan Harapan Lama Sekolah Kota Malang 2023,ios,user_4_siti_rahmawati_4@example.com,2026-08-02T12:36:45.891829+00:00,bfb01c78-0ed2-46dd-9631-7d6cdc32c4a8,,4,publikasi
a672759a-aa27-49af-8ae6-0df8621122b8,view_pdf,Tingkat Penghunian Kamar Hotel Kota Malang Semester I 2024,ios,device_7a936bd8,2026-08-02T13:45:50.741654+00:00,73f00342-0b53-43b9-bbcf-1a523751ddda,,1,infografis
bc9b479e-1271-443a-b9dd-7cf0ade6b810,view_pdf,Perkembangan Indeks Harga Konsumen / Inflasi Kota Malang 2024,android,device_52931df5,2026-08-02T15:16:25.234989+00:00,153eb443-bf3a-4972-91d8-9789b011510b,,1,brs
48aae2bb-e768-497b-8818-0f8acd25abd8,view_pdf,Hasil Sensus Penduduk dan Proyeksi Penduduk Menurut Kecamatan 2023,android,user_29_rian_pratama_29@example.com,2026-08-02T16:30:21.861003+00:00,d1f9c425-45eb-4e73-b65e-c08d0fad3caf,,5,publikasi
540fd6e8-8a47-4760-a1aa-f0faad60ab45,view_page,Tingkat Partisipasi Angkatan Kerja (TPAK) Kota Malang,android,device_e3ac245e,2026-08-02T17:25:03.244757+00:00,0ad0a195-2b38-4f46-b205-0ca879fa1dbd,,3,infografis
ec2037a6-fb30-4d08-a0cf-c6fa204de2a8,view_page,Produk Domestik Regional Bruto (PDRB),android,device_bd313702,2026-08-02T19:07:27.444786+00:00,,,1,fitur
c1ff3703-238e-47aa-adb0-99d325d69b5a,view_page,Statistik Kesejahteraan Rakyat dan Pengeluaran Konsumsi Kota Malang 2023,android,user_20_oki_setiawan_20@example.com,2026-08-02T20:07:40.512476+00:00,23a58e84-c462-4bf8-a5ea-c7bc3825a70c,,7,publikasi
0ad41208-443c-4ec2-af13-7f0cbd2b8340,view_pdf,Laju Pertumbuhan Ekonomi (LPE) Kota Malang Triwulan II 2024,android,device_04fc4a94,2026-08-03T00:51:31.647668+00:00,34649ace-ddf1-4f19-aa4e-2f065c52ac56,,1,brs
db739603-603a-4118-9d87-93a1b90b3ef7,view_pdf,Statistik Kesejahteraan Rakyat dan Pengeluaran Konsumsi Kota Malang 2023,android,device_c2dd9db5,2026-08-03T01:34:41.500476+00:00,23a58e84-c462-4bf8-a5ea-c7bc3825a70c,,7,publikasi
df25ae86-76f2-44d6-b70c-58cb437b560f,view_pdf,Hasil Sensus Penduduk dan Proyeksi Penduduk Menurut Kecamatan 2023,android,user_13_lukman_hakim_13@example.com,2026-08-03T05:16:41.001033+00:00,d1f9c425-45eb-4e73-b65e-c08d0fad3caf,,5,publikasi
a84e5431-fea2-4367-b8e3-2f6884102abf,view_page,Luas Panen dan Produksi Padi di Kota Malang 2023 (Angka Tetap),android,user_44_rian_pratama_44@example.com,2026-08-03T05:20:51.326302+00:00,53ccbf55-ec6c-41ee-b286-a287c99906a8,,6,brs
994f75b2-2706-460d-af9e-9f09fb251606,view_page,Laju Pertumbuhan Ekonomi (LPE) Kota Malang Triwulan II 2024,android,device_05c90f14,2026-08-03T06:05:02.051091+00:00,34649ace-ddf1-4f19-aa4e-2f065c52ac56,,1,brs
58bba824-bc17-4df6-b136-ba39d5c62acc,view_pdf,Tingkat Ketimpangan Pengeluaran Penduduk (Gini Ratio) Kota Malang 2023,android,user_4_siti_rahmawati_4@example.com,2026-08-03T06:18:02.953360+00:00,d8f046d4-0fd0-424e-9b7d-1ad89485766a,,7,brs
671cc339-07f1-4040-ad62-79ebc265f507,view_pdf,Indeks Pembangunan Manusia (IPM) Kota Malang 2023,android,device_ac1adb92,2026-08-03T10:26:08.235465+00:00,b77e7e0a-b2da-418b-8f86-6cc73c24254a,,4,brs
98bb05f9-af9d-486a-bc7b-1e29959e1837,view_page,Hasil Sensus Penduduk dan Proyeksi Penduduk Menurut Kecamatan 2023,android,device_4c5e8a4b,2026-08-03T14:06:51.517567+00:00,d1f9c425-45eb-4e73-b65e-c08d0fad3caf,,5,publikasi
6272dc05-784c-49b4-8f58-5b1c8035baae,view_pdf,Tingkat Ketimpangan Pengeluaran Penduduk (Gini Ratio) Kota Malang 2023,android,device_ff877645,2026-08-03T18:26:37.546455+00:00,d8f046d4-0fd0-424e-9b7d-1ad89485766a,,7,brs
82cfc3bb-7434-4532-a74f-369077664463,view_page,Angka Harapan Hidup dan Harapan Lama Sekolah Kota Malang 2023,android,user_25_rian_pratama_25@example.com,2026-08-03T18:28:03.939894+00:00,bfb01c78-0ed2-46dd-9631-7d6cdc32c4a8,,4,publikasi
4854ab04-3c21-47c7-a4bd-2aa6b1159d71,view_page,Tingkat Ketimpangan Pengeluaran Penduduk (Gini Ratio) Kota Malang 2023,android,device_7aa1f439,2026-08-03T19:57:14.264159+00:00,d8f046d4-0fd0-424e-9b7d-1ad89485766a,,7,brs
27c2c50d-85a6-4ef8-b14e-843f4297a4fb,view_page,Luas Panen dan Produksi Padi di Kota Malang 2023 (Angka Tetap),android,user_27_yolanda_fransiska_27@example.com,2026-08-03T22:26:44.290792+00:00,53ccbf55-ec6c-41ee-b286-a287c99906a8,,6,brs
eba80477-1db5-4f9d-94b3-b6555760fdb6,view_page,Penduduk Menurut Kecamatan,android,user_30_yolanda_fransiska_30@example.com,2026-08-04T00:22:20.184554+00:00,,,5,fitur
d8989a4a-cd9b-4fc1-8e4b-b4326a5620bc,view_pdf,Indeks Kedalaman dan Keparahan Kemiskinan Kota Malang 2019-2023,android,device_86adf413,2026-08-04T07:06:48.728129+00:00,849d2910-63e6-42b9-bc4d-f43f9d152bcf,,2,publikasi
ed8ed4d9-24d0-499a-a0c9-d6bd0676d3e8,view_page,Profil Kemiskinan Kota Malang Tahun 2023,android,user_22_lukman_hakim_22@example.com,2026-08-04T08:46:11.590192+00:00,29c70151-0b4a-4225-8eb2-eb5abce97b15,,2,brs
0d109529-4898-45bc-acbd-67775f722cae,view_pdf,Tingkat Ketimpangan Pengeluaran Penduduk (Gini Ratio) Kota Malang 2023,android,device_8659e198,2026-08-04T09:08:48.305399+00:00,d8f046d4-0fd0-424e-9b7d-1ad89485766a,,7,brs
5e4726fc-34d5-463a-a72d-b148df0bc2f0,view_page,Produksi Padi & Beras,android,user_35_citra_lestari_35@example.com,2026-08-04T11:42:23.684071+00:00,,,6,fitur
98033ca5-09e5-4e1f-b495-bb15adcd1fff,download_file,Perkembangan Indeks Harga Konsumen / Inflasi Kota Malang 2024,android,device_e3ac245e,2026-08-04T11:55:17.982161+00:00,153eb443-bf3a-4972-91d8-9789b011510b,,1,brs
f973b4ad-6196-41be-aa5c-22d33ae7c2f4,view_page,Penduduk Menurut Kecamatan,android,user_32_rian_pratama_32@example.com,2026-08-04T13:04:09.687678+00:00,,,5,fitur
2c92f1b0-0ac1-46cf-8eae-9cd922cc50fb,view_page,Laju Pertumbuhan Ekonomi (LPE) Kota Malang Triwulan II 2024,ios,user_9_dewi_anggraini_9@example.com,2026-08-04T16:20:41.737337+00:00,34649ace-ddf1-4f19-aa4e-2f065c52ac56,,1,brs
db9a37db-f7bf-4f41-9fcb-b4f23e61d202,view_pdf,Laju Pertumbuhan Ekonomi (LPE) Kota Malang Triwulan II 2024,android,user_16_siti_rahmawati_16@example.com,2026-08-04T19:18:55.114189+00:00,34649ace-ddf1-4f19-aa4e-2f065c52ac56,,1,brs
bf502203-583e-4415-8567-8886b2095967,view_page,Perkembangan Indeks Harga Konsumen / Inflasi Kota Malang 2024,ios,user_4_siti_rahmawati_4@example.com,2026-08-04T22:24:33.148243+00:00,153eb443-bf3a-4972-91d8-9789b011510b,,1,brs
f110806f-bae9-483b-975c-8f6053f6c64e,view_page,Profil Kemiskinan Kota Malang Tahun 2023,android,device_86adf413,2026-08-05T01:58:48.346286+00:00,29c70151-0b4a-4225-8eb2-eb5abce97b15,,2,brs
f44f2ae2-660e-48bd-8a02-b06a411fa3d5,view_pdf,Angka Harapan Hidup dan Harapan Lama Sekolah Kota Malang 2023,ios,device_8659e198,2026-08-05T01:59:30.829048+00:00,bfb01c78-0ed2-46dd-9631-7d6cdc32c4a8,,4,publikasi
83640d8a-68e6-415b-89fd-810f3b50e089,download_file,Indeks Pembangunan Manusia (IPM) Kota Malang 2023,android,device_86adf413,2026-08-05T02:20:52.967936+00:00,b77e7e0a-b2da-418b-8f86-6cc73c24254a,,4,brs
e31fefa8-2bf1-4eee-9dfe-ef6f84957e63,view_pdf,Luas Panen dan Produksi Padi di Kota Malang 2023 (Angka Tetap),android,user_29_rian_pratama_29@example.com,2026-08-05T03:02:14.300689+00:00,53ccbf55-ec6c-41ee-b286-a287c99906a8,,6,brs
24848114-f3e5-4063-babe-2f5c1f00c838,view_page,Penduduk Bekerja (IPM),android,user_24_zulfa_azizah_24@example.com,2026-08-05T03:38:02.860827+00:00,,,4,fitur
a24c83fd-15c1-4c3c-8b7c-ce617775dcac,view_page,Hasil Sensus Penduduk dan Proyeksi Penduduk Menurut Kecamatan 2023,android,user_28_ahmad_fauzi_28@example.com,2026-08-05T04:07:45.642427+00:00,d1f9c425-45eb-4e73-b65e-c08d0fad3caf,,5,publikasi
7dda0549-0cb8-40b0-8954-8264fd87ccb6,view_pdf,Infografis Capaian IPM Kota Malang Tertinggi di Jawa Timur,ios,user_11_citra_lestari_11@example.com,2026-08-05T04:18:39.872463+00:00,66f6edee-0df5-41d3-a724-c4f06da0926a,,4,infografis
bf5701f3-a040-4dcf-b7f2-b23bf85f7ce4,view_page,Profil Kemiskinan Kota Malang Tahun 2023,android,device_9ff94146,2026-08-05T04:32:56.505638+00:00,29c70151-0b4a-4225-8eb2-eb5abce97b15,,2,brs
f8acf2c4-c68c-426e-bedd-0d65760998c1,view_pdf,Kepadatan dan Piramida Penduduk Kota Malang,ios,user_21_indah_sari_21@example.com,2026-08-05T07:04:40.211987+00:00,9a440ecf-18b0-4c1f-86e3-1793d657fe60,,5,infografis
2c875c43-a2a5-4b3e-be75-a1c869d93435,view_page,Inflasi Bulanan Kota Malang,android,device_737eae19,2026-08-05T09:01:46.359987+00:00,,,1,fitur
2e72a4c6-65bd-4f69-95fb-6bf0b5fd7b11,view_page,Kepadatan dan Piramida Penduduk Kota Malang,ios,user_34_joko_susilo_34@example.com,2026-08-05T09:32:08.387396+00:00,9a440ecf-18b0-4c1f-86e3-1793d657fe60,,5,infografis
bde12ec9-b345-41ec-913e-93448db1f754,view_page,Penduduk Menurut Kecamatan,android,user_11_citra_lestari_11@example.com,2026-08-05T11:50:33.572734+00:00,,,5,fitur
4536c079-99ea-4570-a6be-0bba626f51f3,view_page,Penduduk Menurut Kecamatan,android,device_206a1d37,2026-08-05T12:50:15.497267+00:00,,,5,fitur
cbf3cbd8-62fb-423b-9ad3-6bba9957544f,view_page,"Statistik Pertanian, Peternakan, dan Hortikultura Kota Malang 2023",android,device_7002225b,2026-08-05T13:18:02.284681+00:00,821622ab-94f7-498c-b216-82c39b77ef9d,,6,publikasi
f75cda01-2aac-4e91-bea9-20217ac57c72,view_pdf,Produk Domestik Regional Bruto Kota Malang Menurut Lapangan Usaha 2023,ios,device_25e07130,2026-08-05T16:07:01.721334+00:00,b4138e54-6653-472c-ae8b-b01fa86a3b0e,,1,publikasi
1d452581-cbd1-419a-a77a-7ea88a9078d4,view_pdf,Hasil Sensus Penduduk dan Proyeksi Penduduk Menurut Kecamatan 2023,android,device_9ff94146,2026-08-05T20:13:48.838355+00:00,d1f9c425-45eb-4e73-b65e-c08d0fad3caf,,5,publikasi
6aefa6ed-3e9d-4e04-8f1b-f1c66013dcd9,view_pdf,"Statistik Pertanian, Peternakan, dan Hortikultura Kota Malang 2023",android,device_7a936bd8,2026-08-05T21:45:36.228706+00:00,821622ab-94f7-498c-b216-82c39b77ef9d,,6,publikasi
73e47391-3352-498d-b430-a4fc3368ff9a,view_pdf,Perkembangan Indeks Harga Konsumen / Inflasi Kota Malang 2024,android,device_33720fe8,2026-08-05T21:55:36.129932+00:00,153eb443-bf3a-4972-91d8-9789b011510b,,1,brs
f9d97b35-0c7f-4a99-8511-8f50b53e50de,view_page,Penduduk Menurut Kecamatan,android,user_16_siti_rahmawati_16@example.com,2026-08-06T04:13:12.939096+00:00,,,5,fitur
21436ffe-ba76-4129-8ffb-81d917d514b5,view_page,Tingkat Ketimpangan Pengeluaran Penduduk (Gini Ratio) Kota Malang 2023,android,user_18_indah_sari_18@example.com,2026-08-06T05:16:44.732810+00:00,d8f046d4-0fd0-424e-9b7d-1ad89485766a,,7,brs
41491fde-56cf-46ea-afc1-658e0b11b3c2,view_page,Penduduk Menurut Kecamatan,android,user_38_gita_permata_38@example.com,2026-08-06T07:44:07.781170+00:00,,,5,fitur
bc3621c9-55bb-4b63-87b8-5d797ab70171,view_page,Gini Rasio Kota Malang,ios,device_8659e198,2026-08-06T07:49:48.118623+00:00,,,7,fitur
01119fcd-e55e-4640-b111-836aec58bc5b,view_page,Tingkat Ketimpangan Pengeluaran Penduduk (Gini Ratio) Kota Malang 2023,android,user_45_taufik_hidayat_45@example.com,2026-08-06T09:23:28.704478+00:00,d8f046d4-0fd0-424e-9b7d-1ad89485766a,,7,brs
bd8e14c4-05bf-46a3-9bde-7fa83632c3a8,view_page,Penduduk Menurut Jenis Kelamin,android,device_71e576a8,2026-08-06T11:11:41.075916+00:00,,,5,fitur
fa7b55ca-4e85-47d4-8a99-aa6d061128bf,view_page,Gini Rasio Kota Malang,android,user_13_lukman_hakim_13@example.com,2026-08-06T11:27:49.545536+00:00,,,7,fitur
e8d2e932-c5b5-4568-957a-668ddcfb4d1e,view_pdf,Luas Panen dan Produksi Padi di Kota Malang 2023 (Angka Tetap),android,device_00fd2976,2026-08-06T14:17:02.092728+00:00,53ccbf55-ec6c-41ee-b286-a287c99906a8,,6,brs
46924c51-7f08-40d1-a9b0-bc0ffeac7d26,view_pdf,Produk Domestik Regional Bruto Kota Malang Menurut Lapangan Usaha 2023,android,device_9b20524d,2026-08-06T21:14:01.838629+00:00,b4138e54-6653-472c-ae8b-b01fa86a3b0e,,1,publikasi
111ae142-0472-4e2f-a633-770b81f0dd3c,view_page,Kota Malang Dalam Angka 2024,android,user_40_lukman_hakim_40@example.com,2026-08-06T22:55:55.842050+00:00,4d21cdd5-8bbb-4588-9d75-bdf304eabaa2,,5,publikasi
cb510151-fe73-470b-a44b-92ab49e53e1a,download_file,Statistik Kesejahteraan Rakyat dan Pengeluaran Konsumsi Kota Malang 2023,android,device_6db1e2a9,2026-08-06T23:39:09.620776+00:00,23a58e84-c462-4bf8-a5ea-c7bc3825a70c,,7,publikasi
385e35b8-8007-4ff3-9827-e93a54331bca,view_pdf,Kota Malang Dalam Angka 2024,android,user_9_dewi_anggraini_9@example.com,2026-08-07T09:42:50.039787+00:00,4d21cdd5-8bbb-4588-9d75-bdf304eabaa2,,5,publikasi
b952e220-b784-4350-96b1-8d9e9271f178,view_page,Laju Pertumbuhan Ekonomi (LPE) Kota Malang Triwulan II 2024,android,user_50_fajar_nugroho_50@example.com,2026-08-07T10:43:18.367064+00:00,34649ace-ddf1-4f19-aa4e-2f065c52ac56,,1,brs
669a64b9-004f-44b6-9566-c49454b6d886,view_page,Gini Rasio Kota Malang,android,device_c2dd9db5,2026-08-07T12:15:40.188439+00:00,,,7,fitur
6cecdcc3-e2e2-46ed-8f1d-490e8bbd45e7,download_file,Tingkat Pengangguran Terbuka (TPT) Berdasarkan Tingkat Pendidikan Kota Malang,ios,device_bd313702,2026-08-07T12:32:23.937111+00:00,2b4ccc8e-b559-4c16-ac4a-59687e9c10bd,,3,publikasi
3a43f275-4d8e-4d74-ad10-06e06b9ef63a,view_page,Statistik Kesejahteraan Rakyat dan Pengeluaran Konsumsi Kota Malang 2023,android,device_c2dd9db5,2026-08-07T17:49:07.982689+00:00,23a58e84-c462-4bf8-a5ea-c7bc3825a70c,,7,publikasi
1afe7bee-5d3b-4f42-bce4-cb0276da172d,view_page,Infografis Capaian IPM Kota Malang Tertinggi di Jawa Timur,android,user_15_nabila_syahrani_15@example.com,2026-08-07T20:01:56.062879+00:00,66f6edee-0df5-41d3-a724-c4f06da0926a,,4,infografis
ca19a31d-777a-44b9-a8c5-8a501b00dd87,view_pdf,Keadaan Ketenagakerjaan Kota Malang Agustus 2023,android,device_6db1e2a9,2026-08-07T21:08:49.372078+00:00,dbb4a727-6747-4aad-95de-33be8902e079,,3,brs
da43e1ab-393e-454c-9eab-b03d08349731,view_page,Usia Harapan Hidup,android,user_40_lukman_hakim_40@example.com,2026-08-07T23:23:52.491261+00:00,,,4,fitur
193b61a7-0343-45b0-9b28-6d142b09d8f4,download_file,Profil Kemiskinan Kota Malang Tahun 2023,android,device_6fe823ba,2026-08-07T23:49:55.149430+00:00,29c70151-0b4a-4225-8eb2-eb5abce97b15,,2,brs
c143d52f-4d77-4b25-b91f-f99f84e886fe,view_page,Penduduk Menurut Jenis Kelamin,android,device_c2dd9db5,2026-08-07T23:59:37.719965+00:00,,,5,fitur
40dad608-512d-43a4-aaea-e51b2987c89b,view_page,Tingkat Ketimpangan Pengeluaran Penduduk (Gini Ratio) Kota Malang 2023,android,user_6_dimas_arya_6@example.com,2026-08-08T00:24:09.945171+00:00,d8f046d4-0fd0-424e-9b7d-1ad89485766a,,7,brs
aa9f0cdb-a7bc-4bdd-b222-475d6fb74f9a,view_page,Produk Domestik Regional Bruto (PDRB),android,user_45_taufik_hidayat_45@example.com,2026-08-08T01:18:54.216711+00:00,,,1,fitur
48afddc9-a0ad-488c-952a-9c77c06aa5bd,view_page,Gini Rasio Kota Malang,android,device_8741b3e4,2026-08-08T02:20:44.720662+00:00,,,7,fitur
94e122d5-fefc-4aba-85a6-b08bab2bbed4,view_page,Tingkat Pengangguran Terbuka,android,user_34_joko_susilo_34@example.com,2026-08-08T03:21:01.887900+00:00,,,3,fitur
d6282974-89e2-47fb-b552-16b9e36dabf7,view_page,Usia Harapan Hidup,android,user_40_lukman_hakim_40@example.com,2026-08-08T03:49:55.232994+00:00,,,4,fitur
fa73d39f-bf38-4492-8848-b100d4fd7ef4,view_pdf,Laju Pertumbuhan Ekonomi (LPE) Kota Malang Triwulan II 2024,ios,device_d43a4c3f,2026-08-08T05:30:31.030627+00:00,34649ace-ddf1-4f19-aa4e-2f065c52ac56,,1,brs
5f03c7a0-35a2-4650-ae45-e654d0ad31e2,view_page,Penduduk Menurut Jenis Kelamin,android,device_71e576a8,2026-08-08T08:35:13.375036+00:00,,,5,fitur
809710e4-2d72-499f-b7bd-af57d9a292c7,view_page,Kepadatan dan Piramida Penduduk Kota Malang,ios,user_14_zulfa_azizah_14@example.com,2026-08-08T09:14:48.132729+00:00,9a440ecf-18b0-4c1f-86e3-1793d657fe60,,5,infografis
62b3f993-e649-43a2-9475-fa050e317e81,view_page,Indeks Kedalaman Kemiskinan,ios,user_1_yolanda_fransiska_1@example.com,2026-08-08T11:29:19.923097+00:00,,,2,fitur
2c031e3e-d92f-4d85-ae71-a1da4c23f3bb,view_pdf,Produk Domestik Regional Bruto Kota Malang Menurut Lapangan Usaha 2023,ios,user_13_lukman_hakim_13@example.com,2026-08-08T17:12:08.749593+00:00,b4138e54-6653-472c-ae8b-b01fa86a3b0e,,1,publikasi
4f0cd4fb-8e6c-4702-aa65-4c9fe76e5d6d,view_page,Kepadatan dan Piramida Penduduk Kota Malang,android,device_31bb5897,2026-08-08T17:47:32.137702+00:00,9a440ecf-18b0-4c1f-86e3-1793d657fe60,,5,infografis
c03d07a1-7315-4b0f-9a11-1ab7ec417385,view_page,Tingkat Kemiskinan,android,user_24_zulfa_azizah_24@example.com,2026-08-08T18:52:02.911645+00:00,,,2,fitur
5cb9bf74-7ea4-49c0-a01c-89663675a576,view_page,Penduduk Menurut Kecamatan,android,user_16_siti_rahmawati_16@example.com,2026-08-08T19:48:35.065923+00:00,,,5,fitur
192b6eb6-e13d-4e98-9a12-dc636fbaf472,view_pdf,Garis Kemiskinan dan Jumlah Penduduk Miskin Kota Malang,android,user_42_taufik_hidayat_42@example.com,2026-08-08T20:59:03.056935+00:00,92628f5b-aa64-41bb-a679-f0b01507a173,,2,infografis
85f66dd5-f989-4a6a-baaa-281bb6ff99ec,view_pdf,Laju Pertumbuhan Ekonomi (LPE) Kota Malang Triwulan II 2024,android,device_bf3a5d5b,2026-08-08T21:34:21.895986+00:00,34649ace-ddf1-4f19-aa4e-2f065c52ac56,,1,brs
553b8a7d-5e3c-4f80-929f-9a9dbc9334c0,view_page,Laju Pertumbuhan Ekonomi,android,device_f825630e,2026-08-08T22:22:11.829786+00:00,,,1,fitur
3c19d69b-e2fe-4b32-b119-9daed0487eee,view_page,Gini Rasio Kota Malang,android,user_8_indah_sari_8@example.com,2026-08-09T00:00:54.142445+00:00,,,7,fitur
5ba418e0-2132-4f6d-9de0-ffff19354eca,download_file,Tingkat Pengangguran Terbuka (TPT) Berdasarkan Tingkat Pendidikan Kota Malang,ios,device_206a1d37,2026-08-09T06:56:08.012520+00:00,2b4ccc8e-b559-4c16-ac4a-59687e9c10bd,,3,publikasi
c9112feb-50e6-4ad3-abe2-a070151ba043,view_pdf,Produk Domestik Regional Bruto Kota Malang Menurut Lapangan Usaha 2023,ios,device_33124e20,2026-08-09T07:36:08.045860+00:00,b4138e54-6653-472c-ae8b-b01fa86a3b0e,,1,publikasi
6aeeb887-73a7-49e1-aea9-6a189d09cc64,download_file,Laju Pertumbuhan Ekonomi (LPE) Kota Malang Triwulan II 2024,ios,user_46_nurul_hidayah_46@example.com,2026-08-09T07:37:18.872415+00:00,34649ace-ddf1-4f19-aa4e-2f065c52ac56,,1,brs
80d19e50-ea1e-43f5-a101-c95fc86df1ba,view_pdf,Laju Pertumbuhan Ekonomi (LPE) Kota Malang Triwulan II 2024,android,device_ac1adb92,2026-08-09T09:06:15.103557+00:00,34649ace-ddf1-4f19-aa4e-2f065c52ac56,,1,brs
c51a7196-a986-4d2f-b64e-b14528373da5,view_page,Penduduk Bekerja (IPM),android,user_15_nabila_syahrani_15@example.com,2026-08-09T11:24:33.972680+00:00,,,4,fitur
03ee02f0-0321-49bd-927d-52a395d572c1,view_pdf,Keadaan Ketenagakerjaan Kota Malang Agustus 2023,ios,device_f8e0ac4d,2026-08-09T12:24:09.501157+00:00,dbb4a727-6747-4aad-95de-33be8902e079,,3,brs
e1d80d73-fa20-4037-b726-317528c96804,view_pdf,Tingkat Pengangguran Terbuka (TPT) Berdasarkan Tingkat Pendidikan Kota Malang,android,device_9b20524d,2026-08-09T16:30:10.684095+00:00,2b4ccc8e-b559-4c16-ac4a-59687e9c10bd,,3,publikasi
a47cfc00-b57b-4198-b789-021d9ff6db46,view_pdf,"Statistik Pertanian, Peternakan, dan Hortikultura Kota Malang 2023",android,device_7002225b,2026-08-09T18:58:17.315406+00:00,821622ab-94f7-498c-b216-82c39b77ef9d,,6,publikasi
a94e7e74-3868-4268-8dee-5999d268606c,view_page,Keadaan Ketenagakerjaan Kota Malang Agustus 2023,android,device_7fc9c339,2026-08-09T21:41:38.420170+00:00,dbb4a727-6747-4aad-95de-33be8902e079,,3,brs
f46823c9-e207-4947-a04e-352f97ceef4b,view_page,Produk Domestik Regional Bruto Kota Malang Menurut Lapangan Usaha 2023,ios,device_00fd2976,2026-08-10T01:07:02.445040+00:00,b4138e54-6653-472c-ae8b-b01fa86a3b0e,,1,publikasi
5b923409-c88e-46ce-84b0-626a82b90957,view_page,Penduduk Menurut Kecamatan,android,user_8_indah_sari_8@example.com,2026-08-10T01:43:31.746755+00:00,,,5,fitur
5aeec496-d624-46b1-9468-7a44e4a37b66,download_file,Laju Pertumbuhan Ekonomi (LPE) Kota Malang Triwulan II 2024,android,user_3_ahmad_fauzi_3@example.com,2026-08-10T02:35:32.739795+00:00,34649ace-ddf1-4f19-aa4e-2f065c52ac56,,1,brs
1515c55d-7157-4cc5-99e1-022e42f489f2,view_page,Tingkat Kemiskinan,android,device_6fe823ba,2026-08-10T04:25:59.226474+00:00,,,2,fitur
95da16f0-5bc7-4db1-8bf8-906b7790a4f9,view_page,Perkembangan Indeks Harga Konsumen / Inflasi Kota Malang 2024,ios,device_20a9d480,2026-08-10T05:16:43.500087+00:00,153eb443-bf3a-4972-91d8-9789b011510b,,1,brs
e6dfd61f-4afe-44c1-adb7-c26bc51fc92c,view_pdf,Statistik Kesejahteraan Rakyat dan Pengeluaran Konsumsi Kota Malang 2023,android,user_31_lukman_hakim_31@example.com,2026-08-10T05:59:38.517103+00:00,23a58e84-c462-4bf8-a5ea-c7bc3825a70c,,7,publikasi
e7a58aa1-04f8-45d8-a1dd-3e3d2f1c6397,view_pdf,Tingkat Penghunian Kamar Hotel Kota Malang Semester I 2024,ios,user_43_hadi_wijaya_43@example.com,2026-08-10T07:56:35.033214+00:00,73f00342-0b53-43b9-bbcf-1a523751ddda,,1,infografis
8df8a2eb-d302-46e2-900b-0e07be2dc10f,view_page,Perkembangan Indeks Harga Konsumen / Inflasi Kota Malang 2024,ios,device_ff636399,2026-08-10T10:59:30.108908+00:00,153eb443-bf3a-4972-91d8-9789b011510b,,1,brs
81c300e9-5e0e-4b70-932c-325f7d9703c9,view_pdf,Tingkat Ketimpangan Pengeluaran Penduduk (Gini Ratio) Kota Malang 2023,ios,device_fd476588,2026-08-10T15:43:31.294960+00:00,d8f046d4-0fd0-424e-9b7d-1ad89485766a,,7,brs
39f47624-9006-4d7f-87db-5c7d1cff4098,view_page,Tingkat Pengangguran Terbuka,android,device_ff636399,2026-08-10T17:28:26.021294+00:00,,,3,fitur
5c3d0220-0537-4d89-91f2-72b704ede057,view_pdf,Produk Domestik Regional Bruto Kota Malang Menurut Lapangan Usaha 2023,ios,device_f7e7ad1e,2026-08-10T21:19:12.284860+00:00,b4138e54-6653-472c-ae8b-b01fa86a3b0e,,1,publikasi
30eb9da0-dccc-4776-b94f-7523c4be2bff,view_page,Gini Rasio Kota Malang,android,user_21_indah_sari_21@example.com,2026-08-11T01:35:34.920281+00:00,,,7,fitur
260b0a94-ac86-45a9-a56e-19fa0fd8278a,view_pdf,Perkembangan Indeks Harga Konsumen / Inflasi Kota Malang 2024,android,device_4c5e8a4b,2026-08-11T01:49:27.259487+00:00,153eb443-bf3a-4972-91d8-9789b011510b,,1,brs
edb2467a-69bc-4d78-8f8e-da40e05c9d79,view_page,Produk Domestik Regional Bruto (PDRB),android,device_7db2638c,2026-08-11T02:12:56.053837+00:00,,,1,fitur
09634c6b-42f4-42a2-9f65-36e2f486b75e,download_file,Kepadatan dan Piramida Penduduk Kota Malang,android,user_9_dewi_anggraini_9@example.com,2026-08-11T05:03:28.992996+00:00,9a440ecf-18b0-4c1f-86e3-1793d657fe60,,5,infografis
3400c928-0f13-4b6b-a866-be653a7f5ba2,view_pdf,Laju Pertumbuhan Ekonomi (LPE) Kota Malang Triwulan II 2024,ios,user_25_rian_pratama_25@example.com,2026-08-11T06:11:41.606216+00:00,34649ace-ddf1-4f19-aa4e-2f065c52ac56,,1,brs
149e161b-4fee-4cd7-a19d-d0fd137fe61f,download_file,Statistik Kesejahteraan Rakyat dan Pengeluaran Konsumsi Kota Malang 2023,android,device_7a936bd8,2026-08-11T06:59:27.594414+00:00,23a58e84-c462-4bf8-a5ea-c7bc3825a70c,,7,publikasi
c41caa82-8608-4aff-9e11-be7af4be5642,view_page,Hasil Sensus Penduduk dan Proyeksi Penduduk Menurut Kecamatan 2023,android,device_ab308a62,2026-08-11T07:22:21.299532+00:00,d1f9c425-45eb-4e73-b65e-c08d0fad3caf,,5,publikasi
e0e2aa56-bf48-4b06-accb-70262400efa0,view_pdf,Indeks Pembangunan Manusia (IPM) Kota Malang 2023,android,device_05cce64d,2026-08-11T08:14:48.624417+00:00,b77e7e0a-b2da-418b-8f86-6cc73c24254a,,4,brs
1ea57684-5087-4328-9e04-a3d33742cabb,view_pdf,Produk Domestik Regional Bruto Kota Malang Menurut Lapangan Usaha 2023,android,user_42_taufik_hidayat_42@example.com,2026-08-11T10:45:57.307954+00:00,b4138e54-6653-472c-ae8b-b01fa86a3b0e,,1,publikasi
7b3cdd42-49dd-433f-9a0a-78f705257c07,view_page,Kepadatan dan Piramida Penduduk Kota Malang,android,device_75d4e6b1,2026-08-11T13:07:59.290012+00:00,9a440ecf-18b0-4c1f-86e3-1793d657fe60,,5,infografis
d7a6bb4f-829a-49fb-8f90-9fded59c6632,view_page,Luas Panen dan Produksi Padi di Kota Malang 2023 (Angka Tetap),android,device_33720fe8,2026-08-11T13:11:24.469924+00:00,53ccbf55-ec6c-41ee-b286-a287c99906a8,,6,brs
9523ba30-0f70-4301-89fd-14f30cecba76,view_pdf,Kota Malang Dalam Angka 2024,ios,device_52931df5,2026-08-11T15:32:05.855131+00:00,4d21cdd5-8bbb-4588-9d75-bdf304eabaa2,,5,publikasi
fd81200a-dd31-442e-a3f6-733a226d8d92,view_page,Tingkat Pengangguran Terbuka,android,device_bd313702,2026-08-11T19:10:43.286390+00:00,,,3,fitur
26f93467-d6eb-4b74-8ca8-09bc2470db7c,view_page,Perkembangan Indeks Harga Konsumen / Inflasi Kota Malang 2024,ios,device_71e576a8,2026-08-11T19:53:00.333847+00:00,153eb443-bf3a-4972-91d8-9789b011510b,,1,brs
7782b750-d149-41eb-99b7-437760d75fd2,view_page,Produk Domestik Regional Bruto Kota Malang Menurut Lapangan Usaha 2023,android,user_4_siti_rahmawati_4@example.com,2026-08-11T23:28:46.476516+00:00,b4138e54-6653-472c-ae8b-b01fa86a3b0e,,1,publikasi
c57a736a-cc61-4325-9534-ce85c07befca,download_file,Tingkat Ketimpangan Pengeluaran Penduduk (Gini Ratio) Kota Malang 2023,android,device_8741b3e4,2026-08-12T00:07:56.189928+00:00,d8f046d4-0fd0-424e-9b7d-1ad89485766a,,7,brs
7070349b-22f7-47e5-9241-1a51b2aa4b17,view_page,Gini Rasio Kota Malang,android,device_ff877645,2026-08-12T00:21:55.847609+00:00,,,7,fitur
94bf59a6-01ae-4b7c-91b8-da871d43ffd7,view_page,Tingkat Penghunian Kamar Hotel Kota Malang Semester I 2024,android,user_5_taufik_hidayat_5@example.com,2026-08-12T00:44:39.735069+00:00,73f00342-0b53-43b9-bbcf-1a523751ddda,,1,infografis
bbe6031a-6f28-4886-9b52-5f359716df05,view_page,Indeks Pembangunan Manusia (IPM) Kota Malang 2023,android,device_ab308a62,2026-08-12T07:52:48.169404+00:00,b77e7e0a-b2da-418b-8f86-6cc73c24254a,,4,brs
eddd2970-3daa-4ede-ae4e-01cc23b784dc,view_pdf,Indeks Pembangunan Manusia (IPM) Kota Malang 2023,android,user_47_nurul_hidayah_47@example.com,2026-08-12T09:54:03.878551+00:00,b77e7e0a-b2da-418b-8f86-6cc73c24254a,,4,brs
ddd61b47-26b3-4798-88e4-c2ba4e89b233,view_page,Hasil Sensus Penduduk dan Proyeksi Penduduk Menurut Kecamatan 2023,android,device_25e07130,2026-08-12T12:48:19.886562+00:00,d1f9c425-45eb-4e73-b65e-c08d0fad3caf,,5,publikasi
c92d4a07-f75b-4e49-8555-97629283f49f,download_file,Profil Kemiskinan Kota Malang Tahun 2023,android,device_c2dd9db5,2026-08-12T19:57:32.629251+00:00,29c70151-0b4a-4225-8eb2-eb5abce97b15,,2,brs
9d19ca11-458f-4fa3-b2bf-389c90902990,download_file,Kepadatan dan Piramida Penduduk Kota Malang,android,user_27_yolanda_fransiska_27@example.com,2026-08-12T21:00:43.076802+00:00,9a440ecf-18b0-4c1f-86e3-1793d657fe60,,5,infografis
cdc3064a-658f-41de-9218-961c44d6f2fe,view_pdf,Tingkat Ketimpangan Pengeluaran Penduduk (Gini Ratio) Kota Malang 2023,android,device_ac1adb92,2026-08-12T21:52:21.403915+00:00,d8f046d4-0fd0-424e-9b7d-1ad89485766a,,7,brs
666035e3-38d6-4832-a482-ea4342fc3047,view_pdf,Infografis Capaian IPM Kota Malang Tertinggi di Jawa Timur,android,user_40_lukman_hakim_40@example.com,2026-08-12T22:30:10.241139+00:00,66f6edee-0df5-41d3-a724-c4f06da0926a,,4,infografis
8aaa7aa1-926f-4456-bb37-c199d5a53dd2,view_page,"Statistik Pertanian, Peternakan, dan Hortikultura Kota Malang 2023",android,device_bb002908,2026-08-12T22:46:29.639355+00:00,821622ab-94f7-498c-b216-82c39b77ef9d,,6,publikasi
c6f0527a-7174-4d6b-bb32-fb462afbc313,view_pdf,Tingkat Penghunian Kamar Hotel Kota Malang Semester I 2024,android,user_8_indah_sari_8@example.com,2026-08-13T00:11:23.056076+00:00,73f00342-0b53-43b9-bbcf-1a523751ddda,,1,infografis
c208120a-0919-4070-8b42-a6dd7dc5793d,view_page,Tingkat Ketimpangan Pengeluaran Penduduk (Gini Ratio) Kota Malang 2023,android,device_bb002908,2026-08-13T05:21:21.852578+00:00,d8f046d4-0fd0-424e-9b7d-1ad89485766a,,7,brs
f4e4e20b-8619-4ae2-94a3-f9e3bdb59b35,view_page,Keadaan Ketenagakerjaan Kota Malang Agustus 2023,android,device_737eae19,2026-08-13T06:35:11.861720+00:00,dbb4a727-6747-4aad-95de-33be8902e079,,3,brs
04af6bf6-733a-48d7-8cf7-30016ce1e03c,view_pdf,Kota Malang Dalam Angka 2024,android,user_10_yolanda_fransiska_10@example.com,2026-08-13T08:50:05.726233+00:00,4d21cdd5-8bbb-4588-9d75-bdf304eabaa2,,5,publikasi
bc19af57-0e8d-4af0-a892-64c1ca209248,download_file,"Statistik Pertanian, Peternakan, dan Hortikultura Kota Malang 2023",android,device_04fc4a94,2026-08-13T08:53:44.804551+00:00,821622ab-94f7-498c-b216-82c39b77ef9d,,6,publikasi
eb9febdd-bf6a-48e6-b120-969c541f587c,view_page,Tingkat Penghunian Kamar Hotel Kota Malang Semester I 2024,android,device_f825630e,2026-08-13T09:28:57.095797+00:00,73f00342-0b53-43b9-bbcf-1a523751ddda,,1,infografis
ebfb2a87-42de-46dc-9410-843fa83b9a03,view_page,Tingkat Penghunian Kamar Hotel Kota Malang Semester I 2024,android,device_737eae19,2026-08-13T11:33:44.880810+00:00,73f00342-0b53-43b9-bbcf-1a523751ddda,,1,infografis
4ae6386c-046e-4622-873d-0b7229eb9223,view_page,Produksi Padi & Beras,android,user_15_nabila_syahrani_15@example.com,2026-08-13T15:52:30.971330+00:00,,,6,fitur
17a59bc3-b4cf-429c-8b3a-186c729ef6af,view_page,Penduduk Bekerja (IPM),android,user_11_citra_lestari_11@example.com,2026-08-13T17:08:32.531855+00:00,,,4,fitur
0ca0636d-fdeb-4007-92c7-a5e23859c09d,download_file,Indeks Kedalaman dan Keparahan Kemiskinan Kota Malang 2019-2023,android,user_33_ahmad_fauzi_33@example.com,2026-08-13T17:23:38.859594+00:00,849d2910-63e6-42b9-bc4d-f43f9d152bcf,,2,publikasi
b3a2d427-7866-4a14-93ce-cb029c7480cd,view_page,Laju Pertumbuhan Ekonomi (LPE) Kota Malang Triwulan II 2024,android,user_47_nurul_hidayah_47@example.com,2026-08-13T19:36:32.646668+00:00,34649ace-ddf1-4f19-aa4e-2f065c52ac56,,1,brs
542a3e3c-c656-4ee4-9175-b61376a94be2,view_pdf,Tingkat Ketimpangan Pengeluaran Penduduk (Gini Ratio) Kota Malang 2023,android,user_2_dewi_anggraini_2@example.com,2026-08-13T19:40:28.880175+00:00,d8f046d4-0fd0-424e-9b7d-1ad89485766a,,7,brs
8c730d2d-f565-46c7-9da6-59a78e0959fb,view_page,Produk Domestik Regional Bruto (PDRB),android,user_12_hadi_wijaya_12@example.com,2026-08-14T02:03:11.752305+00:00,,,1,fitur
1fe23191-81b9-47be-9abd-95ccd8cbb3c1,view_page,Tingkat Pengangguran Terbuka,android,device_31bb5897,2026-08-14T03:10:04.152065+00:00,,,3,fitur
01d19c1b-6ed5-467c-9ae0-23f7b589f53e,view_page,Hasil Sensus Penduduk dan Proyeksi Penduduk Menurut Kecamatan 2023,android,device_37f4a7b9,2026-08-14T03:34:15.432414+00:00,d1f9c425-45eb-4e73-b65e-c08d0fad3caf,,5,publikasi
3761ed79-3930-4073-a7d6-0f9a0cfbe37b,view_pdf,Angka Harapan Hidup dan Harapan Lama Sekolah Kota Malang 2023,android,user_45_taufik_hidayat_45@example.com,2026-08-14T04:30:07.863951+00:00,bfb01c78-0ed2-46dd-9631-7d6cdc32c4a8,,4,publikasi
362fd05d-5ad1-4aae-a599-ea7ad2cd3845,view_page,Angka Harapan Hidup dan Harapan Lama Sekolah Kota Malang 2023,android,user_6_dimas_arya_6@example.com,2026-08-14T05:12:25.770480+00:00,bfb01c78-0ed2-46dd-9631-7d6cdc32c4a8,,4,publikasi
d3d70102-f67e-445e-a30b-202b4f5f4f0d,view_pdf,Statistik Kesejahteraan Rakyat dan Pengeluaran Konsumsi Kota Malang 2023,android,device_f7e7ad1e,2026-08-14T09:07:42.494251+00:00,23a58e84-c462-4bf8-a5ea-c7bc3825a70c,,7,publikasi
af208188-8a10-4476-9b14-fe41fe1eff9f,download_file,Garis Kemiskinan dan Jumlah Penduduk Miskin Kota Malang,android,user_4_siti_rahmawati_4@example.com,2026-08-14T09:56:26.618147+00:00,92628f5b-aa64-41bb-a679-f0b01507a173,,2,infografis
1637d050-da14-4424-a05e-b0ce7f6e689c,view_page,Produk Domestik Regional Bruto Kota Malang Menurut Lapangan Usaha 2023,android,user_49_hadi_wijaya_49@example.com,2026-08-14T10:36:29.899423+00:00,b4138e54-6653-472c-ae8b-b01fa86a3b0e,,1,publikasi
efb28596-9d77-4f24-b5ce-5e77712cdf24,view_pdf,Indeks Kedalaman dan Keparahan Kemiskinan Kota Malang 2019-2023,ios,device_aa56314e,2026-08-14T10:38:49.299839+00:00,849d2910-63e6-42b9-bc4d-f43f9d152bcf,,2,publikasi
bf1277e0-2abb-44fc-b79a-9814b4488f37,view_pdf,Produk Domestik Regional Bruto Kota Malang Menurut Lapangan Usaha 2023,ios,device_7a936bd8,2026-08-14T10:52:44.323733+00:00,b4138e54-6653-472c-ae8b-b01fa86a3b0e,,1,publikasi
c252e8c2-5e1d-4998-b716-d7dc67d12a50,view_page,Harapan Lama Sekolah,android,user_34_joko_susilo_34@example.com,2026-08-14T12:22:55.389127+00:00,,,4,fitur
7d95bc3b-2509-462f-883b-6a7d4587066b,download_file,Perkembangan Indeks Harga Konsumen / Inflasi Kota Malang 2024,android,user_28_ahmad_fauzi_28@example.com,2026-08-14T14:29:48.291842+00:00,153eb443-bf3a-4972-91d8-9789b011510b,,1,brs
bafe9f5b-3d57-4349-807d-4303a45255ac,view_page,Hasil Sensus Penduduk dan Proyeksi Penduduk Menurut Kecamatan 2023,android,device_206a1d37,2026-08-14T16:04:17.988213+00:00,d1f9c425-45eb-4e73-b65e-c08d0fad3caf,,5,publikasi
3b78951c-8a6e-4f08-96ec-f9658d5739a4,view_page,Tingkat Penghunian Kamar Hotel Kota Malang Semester I 2024,android,user_8_indah_sari_8@example.com,2026-08-14T16:50:16.477954+00:00,73f00342-0b53-43b9-bbcf-1a523751ddda,,1,infografis
2141f80c-32e1-4bee-a7a8-c854b1cffe03,download_file,Hasil Sensus Penduduk dan Proyeksi Penduduk Menurut Kecamatan 2023,android,device_bf3a5d5b,2026-08-14T17:00:06.628786+00:00,d1f9c425-45eb-4e73-b65e-c08d0fad3caf,,5,publikasi
5b12d60e-9959-420b-a5ab-6098b03f0999,download_file,Indeks Kedalaman dan Keparahan Kemiskinan Kota Malang 2019-2023,ios,device_33720fe8,2026-08-14T19:20:33.035096+00:00,849d2910-63e6-42b9-bc4d-f43f9d152bcf,,2,publikasi
3eba859f-8003-4600-a535-b24f84894ea2,view_pdf,Keadaan Ketenagakerjaan Kota Malang Agustus 2023,ios,user_11_citra_lestari_11@example.com,2026-08-14T20:21:09.375167+00:00,dbb4a727-6747-4aad-95de-33be8902e079,,3,brs
fbd505c1-ba91-42eb-a5d7-4bcfdad46870,view_page,Laju Pertumbuhan Ekonomi,android,device_6db1e2a9,2026-08-14T21:08:48.664821+00:00,,,1,fitur
ee276e1c-7a3a-49db-af34-e9922fcaa030,view_page,Tingkat Partisipasi Angkatan Kerja (TPAK) Kota Malang,ios,device_bd313702,2026-08-14T21:16:16.729932+00:00,0ad0a195-2b38-4f46-b205-0ca879fa1dbd,,3,infografis
0bf796a9-9dac-4f43-adbd-1f267b60dc6b,view_page,Usia Harapan Hidup,android,device_6db1e2a9,2026-08-14T21:50:00.043392+00:00,,,4,fitur
33468285-e66b-423e-8a00-6f3c3dc288d9,download_file,Tingkat Pengangguran Terbuka (TPT) Berdasarkan Tingkat Pendidikan Kota Malang,android,device_e3ac245e,2026-08-15T03:52:11.308744+00:00,2b4ccc8e-b559-4c16-ac4a-59687e9c10bd,,3,publikasi
eebc2506-b51f-404b-a079-e62236a6f95b,view_page,Produksi Padi & Beras,ios,user_7_dewi_anggraini_7@example.com,2026-08-15T05:05:56.658940+00:00,,,6,fitur
e1885f02-0b7b-46ba-8f3e-b0d91e472999,view_pdf,Tingkat Ketimpangan Pengeluaran Penduduk (Gini Ratio) Kota Malang 2023,android,device_86adf413,2026-08-15T05:32:33.681790+00:00,d8f046d4-0fd0-424e-9b7d-1ad89485766a,,7,brs
eb612817-71b1-44fa-b998-19f00db83916,view_page,Penduduk Menurut Kecamatan,android,user_29_rian_pratama_29@example.com,2026-08-15T05:51:35.057483+00:00,,,5,fitur
c42817bb-0988-4192-8ab1-2e72cbe7e4be,view_pdf,Luas Panen dan Produksi Padi di Kota Malang 2023 (Angka Tetap),android,device_e3ac245e,2026-08-15T06:41:33.486875+00:00,53ccbf55-ec6c-41ee-b286-a287c99906a8,,6,brs
64ec209c-a01c-4d98-a513-4afd09052569,view_pdf,Tingkat Ketimpangan Pengeluaran Penduduk (Gini Ratio) Kota Malang 2023,android,device_bb002908,2026-08-15T09:52:46.079547+00:00,d8f046d4-0fd0-424e-9b7d-1ad89485766a,,7,brs
2fd2230a-6fa6-4f8b-9b95-ca9cc55c02d9,download_file,Kota Malang Dalam Angka 2024,android,device_ff877645,2026-08-15T10:03:46.109776+00:00,4d21cdd5-8bbb-4588-9d75-bdf304eabaa2,,5,publikasi
5c946d09-ee10-4f27-bc55-3dd3cae699fb,view_page,Hasil Sensus Penduduk dan Proyeksi Penduduk Menurut Kecamatan 2023,android,user_4_siti_rahmawati_4@example.com,2026-08-15T10:43:52.925285+00:00,d1f9c425-45eb-4e73-b65e-c08d0fad3caf,,5,publikasi
13772db2-d54e-49d7-90d2-a05b77810b7a,view_page,Statistik Kesejahteraan Rakyat dan Pengeluaran Konsumsi Kota Malang 2023,android,user_25_rian_pratama_25@example.com,2026-08-15T12:54:50.805544+00:00,23a58e84-c462-4bf8-a5ea-c7bc3825a70c,,7,publikasi
bfeeeb0b-f73a-47c0-819a-cd6eb9922f4a,view_page,Infografis Capaian IPM Kota Malang Tertinggi di Jawa Timur,android,user_1_yolanda_fransiska_1@example.com,2026-08-15T14:50:05.125144+00:00,66f6edee-0df5-41d3-a724-c4f06da0926a,,4,infografis
b62c7c59-ad3f-4058-b3e9-250b75e485eb,view_pdf,Garis Kemiskinan dan Jumlah Penduduk Miskin Kota Malang,android,device_c2dd9db5,2026-08-15T15:07:52.041226+00:00,92628f5b-aa64-41bb-a679-f0b01507a173,,2,infografis
c7b80b76-7ebf-4014-9dd2-c2f10ffbb77e,view_pdf,Infografis Capaian IPM Kota Malang Tertinggi di Jawa Timur,android,device_6fe823ba,2026-08-15T17:14:37.083107+00:00,66f6edee-0df5-41d3-a724-c4f06da0926a,,4,infografis
3ea48e7c-4e8b-48ba-bd48-b7c871626129,view_page,Garis Kemiskinan dan Jumlah Penduduk Miskin Kota Malang,android,device_fd476588,2026-08-15T18:52:45.021571+00:00,92628f5b-aa64-41bb-a679-f0b01507a173,,2,infografis
749edd17-11d9-4ca8-975c-9e67f7a3992f,view_pdf,Laju Pertumbuhan Ekonomi (LPE) Kota Malang Triwulan II 2024,android,user_11_citra_lestari_11@example.com,2026-08-15T19:25:38.880614+00:00,34649ace-ddf1-4f19-aa4e-2f065c52ac56,,1,brs
ea04e873-fe1f-453e-9ef3-20a32c1c6a7c,view_pdf,Infografis Capaian IPM Kota Malang Tertinggi di Jawa Timur,android,device_00fd2976,2026-08-15T21:17:36.707867+00:00,66f6edee-0df5-41d3-a724-c4f06da0926a,,4,infografis
2aed62a2-ce74-4529-bb66-08e02268e5ea,download_file,Tingkat Ketimpangan Pengeluaran Penduduk (Gini Ratio) Kota Malang 2023,ios,user_37_siti_rahmawati_37@example.com,2026-08-15T21:46:27.300662+00:00,d8f046d4-0fd0-424e-9b7d-1ad89485766a,,7,brs
5a502ce3-1a3d-43f3-8ccc-1f731cce97e7,view_pdf,Produk Domestik Regional Bruto Kota Malang Menurut Lapangan Usaha 2023,android,device_6fe823ba,2026-08-15T21:49:39.869490+00:00,b4138e54-6653-472c-ae8b-b01fa86a3b0e,,1,publikasi
4f2bed16-4ef2-4102-bff2-58450bc196e2,view_pdf,Keadaan Ketenagakerjaan Kota Malang Agustus 2023,android,user_41_hadi_wijaya_41@example.com,2026-08-15T21:57:30.871099+00:00,dbb4a727-6747-4aad-95de-33be8902e079,,3,brs
1e4e3e43-1745-4287-9902-9ef4fb2daeae,view_page,Gini Rasio Kota Malang,ios,user_21_indah_sari_21@example.com,2026-08-15T22:09:16.808939+00:00,,,7,fitur
7ad83852-d05f-4791-927a-c7c779bc6d3a,view_page,Penduduk Menurut Kecamatan,android,device_b8dad4f2,2026-08-15T23:20:10.625878+00:00,,,5,fitur
2ab4cfde-eaf2-4af9-9dec-663fdccb7e1a,view_page,Infografis Capaian IPM Kota Malang Tertinggi di Jawa Timur,ios,device_8659e198,2026-08-16T01:53:58.355034+00:00,66f6edee-0df5-41d3-a724-c4f06da0926a,,4,infografis
3c267697-05a6-4d04-8909-9c864384f1ab,view_page,Kota Malang Dalam Angka 2024,android,user_10_yolanda_fransiska_10@example.com,2026-08-16T02:31:56.832167+00:00,4d21cdd5-8bbb-4588-9d75-bdf304eabaa2,,5,publikasi
881bb955-d877-481a-85cb-21b438334e37,view_page,Hasil Sensus Penduduk dan Proyeksi Penduduk Menurut Kecamatan 2023,android,device_71e576a8,2026-08-16T02:44:28.871419+00:00,d1f9c425-45eb-4e73-b65e-c08d0fad3caf,,5,publikasi
70fb7c0e-9299-4ab8-bc23-3bffeb5d3ae4,download_file,Produk Domestik Regional Bruto Kota Malang Menurut Lapangan Usaha 2023,android,device_ff877645,2026-08-16T04:54:09.717460+00:00,b4138e54-6653-472c-ae8b-b01fa86a3b0e,,1,publikasi
bc195b69-5e02-4800-b46b-6ce4b523e4bb,view_page,Laju Pertumbuhan Ekonomi (LPE) Kota Malang Triwulan II 2024,android,device_ac1adb92,2026-08-16T05:59:02.298550+00:00,34649ace-ddf1-4f19-aa4e-2f065c52ac56,,1,brs
39240476-4843-42ae-98f9-778d6a1f32b1,view_page,Tingkat Pengangguran Terbuka,android,device_e3ac245e,2026-08-16T06:10:11.360358+00:00,,,3,fitur
0d103c02-ecc1-48d0-af52-f68558c90dbb,view_page,Indeks Kedalaman dan Keparahan Kemiskinan Kota Malang 2019-2023,android,user_18_indah_sari_18@example.com,2026-08-16T09:33:05.358014+00:00,849d2910-63e6-42b9-bc4d-f43f9d152bcf,,2,publikasi
432a4cad-8f32-4fff-b332-ada027f6167a,view_page,Penduduk Menurut Jenis Kelamin,android,user_29_rian_pratama_29@example.com,2026-08-16T10:11:47.985851+00:00,,,5,fitur
b8394d89-a9e0-491f-857d-bd66c16f3bdf,view_page,Statistik Kesejahteraan Rakyat dan Pengeluaran Konsumsi Kota Malang 2023,android,user_49_hadi_wijaya_49@example.com,2026-08-16T10:13:23.849452+00:00,23a58e84-c462-4bf8-a5ea-c7bc3825a70c,,7,publikasi
d2174f13-49aa-49ca-9dfc-ce67e2357946,view_pdf,"Statistik Pertanian, Peternakan, dan Hortikultura Kota Malang 2023",android,device_33720fe8,2026-08-16T11:48:13.126353+00:00,821622ab-94f7-498c-b216-82c39b77ef9d,,6,publikasi
ade85815-55a2-4b8d-a108-f4e3ac4efa48,view_page,Infografis Capaian IPM Kota Malang Tertinggi di Jawa Timur,android,device_33720fe8,2026-08-16T12:45:26.886669+00:00,66f6edee-0df5-41d3-a724-c4f06da0926a,,4,infografis
5e41ce49-2d36-4e5a-93d3-3c52fb164a67,download_file,Statistik Kesejahteraan Rakyat dan Pengeluaran Konsumsi Kota Malang 2023,ios,device_33124e20,2026-08-16T13:41:55.998457+00:00,23a58e84-c462-4bf8-a5ea-c7bc3825a70c,,7,publikasi
6627210a-f75d-428a-ac38-892a7729422e,view_page,Inflasi Bulanan Kota Malang,android,user_23_rizky_firmansyah_23@example.com,2026-08-16T14:53:41.661427+00:00,,,1,fitur
7a5a0576-10b3-4235-a485-6c26a47b5945,download_file,Keadaan Ketenagakerjaan Kota Malang Agustus 2023,android,user_46_nurul_hidayah_46@example.com,2026-08-16T17:19:39.622226+00:00,dbb4a727-6747-4aad-95de-33be8902e079,,3,brs
b648d2ac-1ee0-47ac-8f4a-7c0750e6f283,view_pdf,Laju Pertumbuhan Ekonomi (LPE) Kota Malang Triwulan II 2024,android,user_31_lukman_hakim_31@example.com,2026-08-16T18:48:21.685193+00:00,34649ace-ddf1-4f19-aa4e-2f065c52ac56,,1,brs
65a18df9-bca7-427c-bc5c-ecd731eb7d18,view_page,Tingkat Kemiskinan,android,device_05c90f14,2026-08-17T01:00:00.463754+00:00,,,2,fitur
8d663fa7-1310-4fdc-96d7-927b3d64061e,view_pdf,Statistik Kesejahteraan Rakyat dan Pengeluaran Konsumsi Kota Malang 2023,android,device_aa56314e,2026-08-17T02:20:57.587085+00:00,23a58e84-c462-4bf8-a5ea-c7bc3825a70c,,7,publikasi
2e41d01a-8be2-47a7-ac1c-22077adc7f27,view_page,Produk Domestik Regional Bruto (PDRB),ios,user_26_zulfa_azizah_26@example.com,2026-08-17T04:57:44.810942+00:00,,,1,fitur
b5e1ee94-979c-46db-ad9d-8f83509ac166,view_pdf,Indeks Pembangunan Manusia (IPM) Kota Malang 2023,android,user_30_yolanda_fransiska_30@example.com,2026-08-17T05:49:53.793331+00:00,b77e7e0a-b2da-418b-8f86-6cc73c24254a,,4,brs
d4cbeac5-ce3f-471a-a26a-4d0340480917,view_pdf,Produk Domestik Regional Bruto Kota Malang Menurut Lapangan Usaha 2023,android,user_49_hadi_wijaya_49@example.com,2026-08-17T07:53:10.006261+00:00,b4138e54-6653-472c-ae8b-b01fa86a3b0e,,1,publikasi
5a668283-f181-408f-9780-312ab454c56b,view_page,Indeks Kedalaman Kemiskinan,ios,device_737eae19,2026-08-17T08:34:22.718569+00:00,,,2,fitur
47cd05f7-4f01-4d4d-9b93-6d07109c8b2e,view_page,Tingkat Pengangguran Terbuka,android,device_88283ad1,2026-08-17T08:43:38.254533+00:00,,,3,fitur
b7874398-b634-45b4-a86c-7d5185cbce71,view_page,Angka Harapan Hidup dan Harapan Lama Sekolah Kota Malang 2023,ios,user_36_siti_rahmawati_36@example.com,2026-08-17T12:13:00.391694+00:00,bfb01c78-0ed2-46dd-9631-7d6cdc32c4a8,,4,publikasi
351ca0b8-b1d2-4c40-b66e-55ca16067728,view_pdf,Tingkat Ketimpangan Pengeluaran Penduduk (Gini Ratio) Kota Malang 2023,android,user_10_yolanda_fransiska_10@example.com,2026-08-17T14:35:17.514749+00:00,d8f046d4-0fd0-424e-9b7d-1ad89485766a,,7,brs
0cdb1d77-26bc-4dd7-b488-eee4eab870ff,view_page,Inflasi Bulanan Kota Malang,android,device_20a9d480,2026-08-17T16:10:58.584136+00:00,,,1,fitur
4653f50f-49e1-4a72-a6df-540273f8a0a3,view_page,Indeks Pembangunan Manusia (IPM) Kota Malang 2023,ios,user_19_gita_permata_19@example.com,2026-08-17T17:50:58.130742+00:00,b77e7e0a-b2da-418b-8f86-6cc73c24254a,,4,brs
0e99d505-a8bd-4cf8-821b-6a9bccce75ec,view_pdf,Tingkat Penghunian Kamar Hotel Kota Malang Semester I 2024,android,device_d43a4c3f,2026-08-17T18:15:12.622115+00:00,73f00342-0b53-43b9-bbcf-1a523751ddda,,1,infografis
f91629be-0940-4452-af9f-3d8b730b7879,view_pdf,Tingkat Ketimpangan Pengeluaran Penduduk (Gini Ratio) Kota Malang 2023,android,device_c2dd9db5,2026-08-17T20:16:24.206823+00:00,d8f046d4-0fd0-424e-9b7d-1ad89485766a,,7,brs
5bb047e1-ae75-4666-baf7-0593de432891,view_page,Laju Pertumbuhan Ekonomi (LPE) Kota Malang Triwulan II 2024,android,device_04fc4a94,2026-08-17T20:35:56.430503+00:00,34649ace-ddf1-4f19-aa4e-2f065c52ac56,,1,brs
34ce95fb-145b-46ad-b296-2effbac7ac19,view_page,Hasil Sensus Penduduk dan Proyeksi Penduduk Menurut Kecamatan 2023,android,user_33_ahmad_fauzi_33@example.com,2026-08-17T21:55:01.217312+00:00,d1f9c425-45eb-4e73-b65e-c08d0fad3caf,,5,publikasi
fe2d2b8b-07c7-4e7e-9c52-f74644139c0b,view_page,Hasil Sensus Penduduk dan Proyeksi Penduduk Menurut Kecamatan 2023,android,user_38_gita_permata_38@example.com,2026-08-17T22:20:20.586455+00:00,d1f9c425-45eb-4e73-b65e-c08d0fad3caf,,5,publikasi
cd449de1-b4b2-46c4-af57-ac0c200fd407,view_page,Inflasi Bulanan Kota Malang,android,user_9_dewi_anggraini_9@example.com,2026-08-17T22:58:13.104889+00:00,,,1,fitur
05ba4791-7675-4ffb-920c-e8edb111e47c,view_page,Kota Malang Dalam Angka 2024,android,device_ab308a62,2026-08-18T01:16:02.178255+00:00,4d21cdd5-8bbb-4588-9d75-bdf304eabaa2,,5,publikasi
1af007c1-26d1-4d58-a064-0db57c48634f,view_page,Laju Pertumbuhan Ekonomi (LPE) Kota Malang Triwulan II 2024,android,user_48_dewi_anggraini_48@example.com,2026-08-18T03:46:10.062205+00:00,34649ace-ddf1-4f19-aa4e-2f065c52ac56,,1,brs
663ba7e0-c5a1-4e7f-a0f8-788afd77778a,view_page,Tingkat Penghunian Kamar Hotel Kota Malang Semester I 2024,android,device_d43a4c3f,2026-08-18T04:42:37.520782+00:00,73f00342-0b53-43b9-bbcf-1a523751ddda,,1,infografis
9f2ab5eb-bdd2-46fb-82ea-8009708572f0,view_page,Kepadatan dan Piramida Penduduk Kota Malang,android,device_20a9d480,2026-08-18T06:26:28.934731+00:00,9a440ecf-18b0-4c1f-86e3-1793d657fe60,,5,infografis
55d4ece4-f6e5-4982-b01f-28263bdb7a7d,view_page,Kepadatan dan Piramida Penduduk Kota Malang,android,user_28_ahmad_fauzi_28@example.com,2026-08-18T06:34:03.037749+00:00,9a440ecf-18b0-4c1f-86e3-1793d657fe60,,5,infografis
920c70b8-cd1b-40d8-bc48-0698a67979d2,download_file,Indeks Pembangunan Manusia (IPM) Kota Malang 2023,android,device_7a936bd8,2026-08-18T06:45:15.065235+00:00,b77e7e0a-b2da-418b-8f86-6cc73c24254a,,4,brs
64945c29-6a72-4ad9-94d4-6bd08dc1145d,view_page,Tingkat Penghunian Kamar Hotel Kota Malang Semester I 2024,ios,device_7fc9c339,2026-08-18T09:34:44.040324+00:00,73f00342-0b53-43b9-bbcf-1a523751ddda,,1,infografis
6cf7f734-25c0-42b7-82f2-058a8af34035,view_page,Laju Pertumbuhan Ekonomi,android,user_50_fajar_nugroho_50@example.com,2026-08-18T10:31:33.750549+00:00,,,1,fitur
3ac8cc88-49b7-4d21-b20d-a8d604b70ce2,view_pdf,Tingkat Ketimpangan Pengeluaran Penduduk (Gini Ratio) Kota Malang 2023,android,device_c2dd9db5,2026-08-18T12:58:30.298934+00:00,d8f046d4-0fd0-424e-9b7d-1ad89485766a,,7,brs
962a7753-44d0-4c71-bee9-a763c979cc09,download_file,Hasil Sensus Penduduk dan Proyeksi Penduduk Menurut Kecamatan 2023,ios,device_75d4e6b1,2026-08-18T14:57:54.696518+00:00,d1f9c425-45eb-4e73-b65e-c08d0fad3caf,,5,publikasi
b50750d3-0b6e-43ff-9950-e04196c47af6,view_page,Perkembangan Indeks Harga Konsumen / Inflasi Kota Malang 2024,android,user_5_taufik_hidayat_5@example.com,2026-08-18T16:16:00.242794+00:00,153eb443-bf3a-4972-91d8-9789b011510b,,1,brs
fccc7ac7-de9c-4859-83b0-c0325cc29ea2,view_page,Harapan Lama Sekolah,ios,device_206a1d37,2026-08-18T17:38:20.764811+00:00,,,4,fitur
5140950e-7384-4fa7-95ac-7141ee16f328,view_page,Tingkat Pengangguran Terbuka,android,device_75d4e6b1,2026-08-18T21:22:07.707154+00:00,,,3,fitur
ea0c6021-883e-4ebc-9034-22b077c68791,view_pdf,Kepadatan dan Piramida Penduduk Kota Malang,android,device_8741b3e4,2026-08-18T21:48:03.345657+00:00,9a440ecf-18b0-4c1f-86e3-1793d657fe60,,5,infografis
e7f27654-b783-4444-a6b3-d2762a65fcfa,view_page,Luas Panen dan Produksi Padi di Kota Malang 2023 (Angka Tetap),android,user_27_yolanda_fransiska_27@example.com,2026-08-18T22:49:48.558626+00:00,53ccbf55-ec6c-41ee-b286-a287c99906a8,,6,brs
2f5258b9-f8ad-4f64-88ab-90e2bd68f3e2,view_page,Garis Kemiskinan dan Jumlah Penduduk Miskin Kota Malang,android,device_55e8f06e,2026-08-19T00:32:22.881594+00:00,92628f5b-aa64-41bb-a679-f0b01507a173,,2,infografis
3eb4d349-ea4e-422c-8001-4489d143c036,view_page,Statistik Kesejahteraan Rakyat dan Pengeluaran Konsumsi Kota Malang 2023,android,device_70cce41e,2026-08-19T02:27:45.759253+00:00,23a58e84-c462-4bf8-a5ea-c7bc3825a70c,,7,publikasi
da35a426-3b4d-4c04-b41f-295234489258,view_page,Laju Pertumbuhan Ekonomi (LPE) Kota Malang Triwulan II 2024,android,device_7a936bd8,2026-08-19T02:47:05.650868+00:00,34649ace-ddf1-4f19-aa4e-2f065c52ac56,,1,brs
dec7e8d5-4f7f-4f35-9b85-ee9857671fab,view_page,Tingkat Pengangguran Terbuka,android,device_018ad5f7,2026-08-19T05:31:11.106767+00:00,,,3,fitur
eb3aa965-867e-41ca-8860-16638df630f2,download_file,Tingkat Ketimpangan Pengeluaran Penduduk (Gini Ratio) Kota Malang 2023,ios,user_15_nabila_syahrani_15@example.com,2026-08-19T06:15:37.088878+00:00,d8f046d4-0fd0-424e-9b7d-1ad89485766a,,7,brs
fda17b04-85bb-41d8-92f3-74ed553d6255,view_page,Produk Domestik Regional Bruto (PDRB),android,device_7fc9c339,2026-08-19T07:00:11.641541+00:00,,,1,fitur
a07c9dae-caa6-4b2e-9598-5aa56177e7ab,view_page,Usia Harapan Hidup,android,user_15_nabila_syahrani_15@example.com,2026-08-19T07:03:16.904589+00:00,,,4,fitur
34924cc5-98cb-485c-9cde-129744a2f657,view_page,Produksi Padi & Beras,android,device_bb002908,2026-08-19T07:08:56.764770+00:00,,,6,fitur
96dcfb1c-e110-41cf-8305-c33a495660cc,view_page,Usia Harapan Hidup,android,device_00fd2976,2026-08-19T09:00:06.302619+00:00,,,4,fitur
ae18f3a9-bfd9-4aa1-8ea5-2aa33bdd6524,view_pdf,Kepadatan dan Piramida Penduduk Kota Malang,android,user_16_siti_rahmawati_16@example.com,2026-08-19T09:16:20.185604+00:00,9a440ecf-18b0-4c1f-86e3-1793d657fe60,,5,infografis
654fd229-9cf5-459e-8be5-c2c29113665d,view_page,Statistik Kesejahteraan Rakyat dan Pengeluaran Konsumsi Kota Malang 2023,android,device_7a936bd8,2026-08-19T09:42:45.321706+00:00,23a58e84-c462-4bf8-a5ea-c7bc3825a70c,,7,publikasi
889c3e81-6eb0-4ccf-8b1b-a0759da27ce4,view_pdf,Angka Harapan Hidup dan Harapan Lama Sekolah Kota Malang 2023,android,user_16_siti_rahmawati_16@example.com,2026-08-19T10:29:34.492802+00:00,bfb01c78-0ed2-46dd-9631-7d6cdc32c4a8,,4,publikasi
f480d6ef-5353-49a6-a54d-3f6af944edb5,view_pdf,Tingkat Ketimpangan Pengeluaran Penduduk (Gini Ratio) Kota Malang 2023,android,user_19_gita_permata_19@example.com,2026-08-19T11:23:47.712350+00:00,d8f046d4-0fd0-424e-9b7d-1ad89485766a,,7,brs
9cc51498-bf48-49bd-8fdb-02a6edde1dc1,view_page,Tingkat Ketimpangan Pengeluaran Penduduk (Gini Ratio) Kota Malang 2023,android,user_35_citra_lestari_35@example.com,2026-08-19T12:36:15.242120+00:00,d8f046d4-0fd0-424e-9b7d-1ad89485766a,,7,brs
61ba25b7-9972-4ed3-9953-78dfe89a9a74,view_pdf,Laju Pertumbuhan Ekonomi (LPE) Kota Malang Triwulan II 2024,android,device_52931df5,2026-08-19T13:00:21.607418+00:00,34649ace-ddf1-4f19-aa4e-2f065c52ac56,,1,brs
628fd404-137e-4fee-a6f0-e77457ac067d,download_file,Perkembangan Indeks Harga Konsumen / Inflasi Kota Malang 2024,android,user_35_citra_lestari_35@example.com,2026-08-19T14:59:58.951344+00:00,153eb443-bf3a-4972-91d8-9789b011510b,,1,brs
ab6c60be-35fb-4fdb-9c2e-826f4f347afb,view_pdf,Hasil Sensus Penduduk dan Proyeksi Penduduk Menurut Kecamatan 2023,android,device_f8e0ac4d,2026-08-19T15:08:28.129372+00:00,d1f9c425-45eb-4e73-b65e-c08d0fad3caf,,5,publikasi
7f5872c4-eada-4aee-813f-d5832f8450d1,view_pdf,Statistik Kesejahteraan Rakyat dan Pengeluaran Konsumsi Kota Malang 2023,android,device_8659e198,2026-08-19T15:10:05.179843+00:00,23a58e84-c462-4bf8-a5ea-c7bc3825a70c,,7,publikasi
6e40b836-3e7c-476a-9a5f-3e762fa2c3b1,view_page,Penduduk Menurut Kecamatan,android,user_20_oki_setiawan_20@example.com,2026-08-19T16:16:16.761338+00:00,,,5,fitur
0e9e65ed-82b9-44ef-b948-ce07c4134f94,view_pdf,Produk Domestik Regional Bruto Kota Malang Menurut Lapangan Usaha 2023,android,device_206a1d37,2026-08-19T16:40:46.336441+00:00,b4138e54-6653-472c-ae8b-b01fa86a3b0e,,1,publikasi
d945ce9a-3c61-4c86-b236-e0b2b1fd8d25,view_pdf,Keadaan Ketenagakerjaan Kota Malang Agustus 2023,android,device_25e07130,2026-08-19T18:03:22.746774+00:00,dbb4a727-6747-4aad-95de-33be8902e079,,3,brs
03157023-fe34-4f4d-acc8-7054b8bf1a1a,view_page,Penduduk Menurut Jenis Kelamin,android,user_46_nurul_hidayah_46@example.com,2026-08-19T19:24:53.892370+00:00,,,5,fitur
09d9ee42-bf17-4b52-a590-b2a86f44aca6,view_pdf,Statistik Kesejahteraan Rakyat dan Pengeluaran Konsumsi Kota Malang 2023,android,device_55e8f06e,2026-08-19T20:30:13.225597+00:00,23a58e84-c462-4bf8-a5ea-c7bc3825a70c,,7,publikasi
021ff2af-806b-456b-900c-dbe4199e6b72,download_file,Kota Malang Dalam Angka 2024,android,user_10_yolanda_fransiska_10@example.com,2026-08-19T21:40:21.878445+00:00,4d21cdd5-8bbb-4588-9d75-bdf304eabaa2,,5,publikasi
4ccd6e9d-a5a4-472f-85fe-8a4da1e61f37,view_page,Inflasi Bulanan Kota Malang,android,user_29_rian_pratama_29@example.com,2026-08-19T21:58:31.112259+00:00,,,1,fitur
9c6b4ed7-48dc-4cc9-a47a-13da3a15be11,view_pdf,Kota Malang Dalam Angka 2024,android,user_48_dewi_anggraini_48@example.com,2026-08-19T23:54:09.476128+00:00,4d21cdd5-8bbb-4588-9d75-bdf304eabaa2,,5,publikasi
c43071aa-cbf2-4f2f-add3-b0cb2a34abc2,download_file,Laju Pertumbuhan Ekonomi (LPE) Kota Malang Triwulan II 2024,ios,user_20_oki_setiawan_20@example.com,2026-08-20T00:48:46.580375+00:00,34649ace-ddf1-4f19-aa4e-2f065c52ac56,,1,brs
0a1c5310-40e4-458b-921e-c15e0837167e,view_pdf,Kepadatan dan Piramida Penduduk Kota Malang,android,user_28_ahmad_fauzi_28@example.com,2026-08-20T03:36:26.358466+00:00,9a440ecf-18b0-4c1f-86e3-1793d657fe60,,5,infografis
a5bb6b3e-e32a-4eec-a8c5-d18d77eed7c8,view_page,Laju Pertumbuhan Ekonomi (LPE) Kota Malang Triwulan II 2024,android,user_49_hadi_wijaya_49@example.com,2026-08-20T05:41:33.753612+00:00,34649ace-ddf1-4f19-aa4e-2f065c52ac56,,1,brs
5f283e99-2869-4ab2-887d-7081dc8fb2b5,view_pdf,Kepadatan dan Piramida Penduduk Kota Malang,android,user_12_hadi_wijaya_12@example.com,2026-08-20T05:58:59.506767+00:00,9a440ecf-18b0-4c1f-86e3-1793d657fe60,,5,infografis
cd1a7b90-8c8a-4327-ad15-d0b303335c1d,view_pdf,Indeks Kedalaman dan Keparahan Kemiskinan Kota Malang 2019-2023,ios,device_7fc9c339,2026-08-20T08:26:06.531664+00:00,849d2910-63e6-42b9-bc4d-f43f9d152bcf,,2,publikasi
b9f843a3-ed7e-459c-a032-4e1b575869dd,view_pdf,Infografis Capaian IPM Kota Malang Tertinggi di Jawa Timur,android,device_05c90f14,2026-08-20T09:59:27.415394+00:00,66f6edee-0df5-41d3-a724-c4f06da0926a,,4,infografis
d8507540-3895-4242-b7c0-ce4f3b909aba,download_file,Keadaan Ketenagakerjaan Kota Malang Agustus 2023,android,device_bd313702,2026-08-20T10:21:17.911347+00:00,dbb4a727-6747-4aad-95de-33be8902e079,,3,brs
11d2e283-3b78-406b-9928-43bdf84466e7,view_pdf,Kepadatan dan Piramida Penduduk Kota Malang,android,device_f8e0ac4d,2026-08-20T10:36:53.154081+00:00,9a440ecf-18b0-4c1f-86e3-1793d657fe60,,5,infografis
286a2d2a-c984-457d-a2b0-99c35efcc49c,view_pdf,Statistik Kesejahteraan Rakyat dan Pengeluaran Konsumsi Kota Malang 2023,android,user_49_hadi_wijaya_49@example.com,2026-08-20T14:37:06.063435+00:00,23a58e84-c462-4bf8-a5ea-c7bc3825a70c,,7,publikasi
5405c4de-c1a6-4e79-9c1e-214eaffeec58,download_file,Tingkat Ketimpangan Pengeluaran Penduduk (Gini Ratio) Kota Malang 2023,android,user_18_indah_sari_18@example.com,2026-08-20T16:08:48.265198+00:00,d8f046d4-0fd0-424e-9b7d-1ad89485766a,,7,brs
8f20e3b5-3f4b-430c-8db7-0708cbe60022,download_file,Tingkat Partisipasi Angkatan Kerja (TPAK) Kota Malang,android,user_46_nurul_hidayah_46@example.com,2026-08-20T18:52:12.918875+00:00,0ad0a195-2b38-4f46-b205-0ca879fa1dbd,,3,infografis
c72b8509-72d7-44d2-ae5b-0967de60fb37,view_page,Perkembangan Indeks Harga Konsumen / Inflasi Kota Malang 2024,android,user_19_gita_permata_19@example.com,2026-08-20T20:45:18.936395+00:00,153eb443-bf3a-4972-91d8-9789b011510b,,1,brs
f7b97ab7-d1b7-4239-adab-f87190f4c8c9,view_page,Laju Pertumbuhan Ekonomi,ios,device_ac1adb92,2026-08-20T21:13:49.976459+00:00,,,1,fitur
46605609-ae0e-4da7-89c5-09cded800a24,view_pdf,Statistik Kesejahteraan Rakyat dan Pengeluaran Konsumsi Kota Malang 2023,android,user_5_taufik_hidayat_5@example.com,2026-08-20T21:14:33.877729+00:00,23a58e84-c462-4bf8-a5ea-c7bc3825a70c,,7,publikasi
d865f767-8316-42a8-a60f-bbe893675c18,view_pdf,Luas Panen dan Produksi Padi di Kota Malang 2023 (Angka Tetap),android,user_44_rian_pratama_44@example.com,2026-08-21T02:48:22.293111+00:00,53ccbf55-ec6c-41ee-b286-a287c99906a8,,6,brs
10bbc471-2d48-4e58-8104-123d19515ad8,view_page,Gini Rasio Kota Malang,android,user_15_nabila_syahrani_15@example.com,2026-08-21T02:54:39.362843+00:00,,,7,fitur
bf136f68-a812-47ba-9885-3456735690c4,view_page,Produk Domestik Regional Bruto (PDRB),android,device_206a1d37,2026-08-21T02:59:03.254877+00:00,,,1,fitur
3efcf82a-0a3f-4e8c-bbbd-8d332c5cfb21,view_page,Laju Pertumbuhan Ekonomi (LPE) Kota Malang Triwulan II 2024,android,user_9_dewi_anggraini_9@example.com,2026-08-21T04:53:15.573079+00:00,34649ace-ddf1-4f19-aa4e-2f065c52ac56,,1,brs
3506b2f0-dd10-4725-b250-72628f83a48a,view_page,Laju Pertumbuhan Ekonomi,ios,device_31bb5897,2026-08-21T06:27:41.989525+00:00,,,1,fitur
111eae17-c369-4691-a0a6-0ace1a0b5d2d,view_page,Penduduk Menurut Jenis Kelamin,android,device_20a9d480,2026-08-21T07:27:44.672688+00:00,,,5,fitur
e07c3389-8d76-40f7-a5dd-aa2a332a70a2,view_pdf,Indeks Pembangunan Manusia (IPM) Kota Malang 2023,ios,user_50_fajar_nugroho_50@example.com,2026-08-21T07:40:26.693630+00:00,b77e7e0a-b2da-418b-8f86-6cc73c24254a,,4,brs
ab31f823-49ee-440a-a902-b5b1b9ac4e3a,view_page,Hasil Sensus Penduduk dan Proyeksi Penduduk Menurut Kecamatan 2023,android,device_7aa1f439,2026-08-21T10:33:55.304535+00:00,d1f9c425-45eb-4e73-b65e-c08d0fad3caf,,5,publikasi
0f5d9f0e-ffa2-41e4-85d4-e4816e4b60aa,view_pdf,Laju Pertumbuhan Ekonomi (LPE) Kota Malang Triwulan II 2024,android,device_2662ff67,2026-08-21T10:37:14.942329+00:00,34649ace-ddf1-4f19-aa4e-2f065c52ac56,,1,brs
fba8bfa2-dad5-4c57-a0a5-61de9b47697a,view_page,Tingkat Kemiskinan,android,user_19_gita_permata_19@example.com,2026-08-21T11:06:47.645227+00:00,,,2,fitur
06704e86-2448-4120-99ca-97c6f243bfce,view_pdf,Kepadatan dan Piramida Penduduk Kota Malang,android,user_14_zulfa_azizah_14@example.com,2026-08-21T11:10:54.130983+00:00,9a440ecf-18b0-4c1f-86e3-1793d657fe60,,5,infografis
b72e71ec-99e2-4897-be3b-604de35763b5,view_pdf,Kota Malang Dalam Angka 2024,ios,device_018ad5f7,2026-08-21T11:15:00.725030+00:00,4d21cdd5-8bbb-4588-9d75-bdf304eabaa2,,5,publikasi
51bfe4c1-4a4c-4e47-9f97-52c39f7100ff,view_page,Angka Harapan Hidup dan Harapan Lama Sekolah Kota Malang 2023,android,user_40_lukman_hakim_40@example.com,2026-08-21T13:32:42.405593+00:00,bfb01c78-0ed2-46dd-9631-7d6cdc32c4a8,,4,publikasi
58b03c3c-76fb-481c-9486-67a87419c845,view_pdf,Keadaan Ketenagakerjaan Kota Malang Agustus 2023,ios,user_23_rizky_firmansyah_23@example.com,2026-08-21T14:07:46.503673+00:00,dbb4a727-6747-4aad-95de-33be8902e079,,3,brs
c9f83948-37a5-4a9d-b5b6-4a851f3be8d5,download_file,Tingkat Pengangguran Terbuka (TPT) Berdasarkan Tingkat Pendidikan Kota Malang,android,device_2662ff67,2026-08-21T16:40:09.762270+00:00,2b4ccc8e-b559-4c16-ac4a-59687e9c10bd,,3,publikasi
255b536a-cd2b-47da-bb83-83026475d89b,view_pdf,Indeks Kedalaman dan Keparahan Kemiskinan Kota Malang 2019-2023,android,device_33720fe8,2026-08-21T19:28:52.742812+00:00,849d2910-63e6-42b9-bc4d-f43f9d152bcf,,2,publikasi
f57a9f33-b354-4ffc-934b-28cfebcfe181,download_file,Laju Pertumbuhan Ekonomi (LPE) Kota Malang Triwulan II 2024,android,user_25_rian_pratama_25@example.com,2026-08-21T20:22:55.527882+00:00,34649ace-ddf1-4f19-aa4e-2f065c52ac56,,1,brs
ed4f1088-5d0e-487d-abba-117b30d140da,view_pdf,Tingkat Partisipasi Angkatan Kerja (TPAK) Kota Malang,android,device_8741b3e4,2026-08-21T21:39:50.053972+00:00,0ad0a195-2b38-4f46-b205-0ca879fa1dbd,,3,infografis
836a0963-a8fc-440b-a5c1-dd5c5799c800,view_pdf,Infografis Capaian IPM Kota Malang Tertinggi di Jawa Timur,android,user_42_taufik_hidayat_42@example.com,2026-08-21T22:37:55.737267+00:00,66f6edee-0df5-41d3-a724-c4f06da0926a,,4,infografis
21d11494-c4a0-4cef-9c2e-ed1bae5e1cbe,view_page,Laju Pertumbuhan Ekonomi,android,device_ab308a62,2026-08-21T22:47:05.519430+00:00,,,1,fitur
847a6c68-49eb-4447-8d6c-181d44db69e6,view_page,Angka Harapan Hidup dan Harapan Lama Sekolah Kota Malang 2023,android,user_50_fajar_nugroho_50@example.com,2026-08-21T23:47:09.727782+00:00,bfb01c78-0ed2-46dd-9631-7d6cdc32c4a8,,4,publikasi
9fb170a1-295f-437f-87ec-1bc36db61f03,view_page,Penduduk Menurut Kecamatan,android,device_e3ac245e,2026-08-22T00:35:46.053231+00:00,,,5,fitur
83eadbfd-7b84-4fd4-9b8b-6d152da7d7d1,view_pdf,Produk Domestik Regional Bruto Kota Malang Menurut Lapangan Usaha 2023,android,device_ab308a62,2026-08-22T00:45:51.291160+00:00,b4138e54-6653-472c-ae8b-b01fa86a3b0e,,1,publikasi
ff72e183-f98d-40d3-af70-a7ea05a4d77a,download_file,Laju Pertumbuhan Ekonomi (LPE) Kota Malang Triwulan II 2024,android,user_32_rian_pratama_32@example.com,2026-08-22T00:55:48.474998+00:00,34649ace-ddf1-4f19-aa4e-2f065c52ac56,,1,brs
3bbc16e4-eac5-4c9f-9a97-7e246309abb5,view_pdf,Luas Panen dan Produksi Padi di Kota Malang 2023 (Angka Tetap),android,device_bd313702,2026-08-22T01:14:10.523397+00:00,53ccbf55-ec6c-41ee-b286-a287c99906a8,,6,brs
39add434-50e7-4eb0-a6f5-62e90bec8f27,download_file,Statistik Kesejahteraan Rakyat dan Pengeluaran Konsumsi Kota Malang 2023,ios,device_9ff94146,2026-08-22T03:11:05.897777+00:00,23a58e84-c462-4bf8-a5ea-c7bc3825a70c,,7,publikasi
ff358304-9466-412c-84d5-70bfe03ce669,view_page,Tingkat Partisipasi Angkatan Kerja (TPAK) Kota Malang,android,user_47_nurul_hidayah_47@example.com,2026-08-22T03:27:46.221201+00:00,0ad0a195-2b38-4f46-b205-0ca879fa1dbd,,3,infografis
077a6a5d-4a35-4727-b7b0-bac0ae1813f0,view_page,Produk Domestik Regional Bruto Kota Malang Menurut Lapangan Usaha 2023,android,device_737eae19,2026-08-22T06:30:59.788947+00:00,b4138e54-6653-472c-ae8b-b01fa86a3b0e,,1,publikasi
d4c9005c-f719-4309-8033-a748899ee761,view_page,Kota Malang Dalam Angka 2024,android,user_38_gita_permata_38@example.com,2026-08-22T06:38:41.781278+00:00,4d21cdd5-8bbb-4588-9d75-bdf304eabaa2,,5,publikasi
93463dd2-aa20-46f2-92c5-c2f94a302771,view_page,Tingkat Ketimpangan Pengeluaran Penduduk (Gini Ratio) Kota Malang 2023,android,user_21_indah_sari_21@example.com,2026-08-22T06:46:40.946067+00:00,d8f046d4-0fd0-424e-9b7d-1ad89485766a,,7,brs
3996edc6-8ff9-4fe3-b114-f21b2f56b14a,view_page,Laju Pertumbuhan Ekonomi (LPE) Kota Malang Triwulan II 2024,android,user_21_indah_sari_21@example.com,2026-08-22T07:47:44.271085+00:00,34649ace-ddf1-4f19-aa4e-2f065c52ac56,,1,brs
f06d73f1-21eb-49d0-b3a5-00381ffefd2d,view_page,Kepadatan dan Piramida Penduduk Kota Malang,android,device_37f4a7b9,2026-08-22T08:35:01.699762+00:00,9a440ecf-18b0-4c1f-86e3-1793d657fe60,,5,infografis
2df86bd3-4c28-4a88-bb66-9468c34e3d7f,view_page,Tingkat Ketimpangan Pengeluaran Penduduk (Gini Ratio) Kota Malang 2023,android,user_40_lukman_hakim_40@example.com,2026-08-22T09:15:28.234537+00:00,d8f046d4-0fd0-424e-9b7d-1ad89485766a,,7,brs
4550e637-1bdc-4db5-b613-ec1dc4fbe8a4,view_page,Indeks Pembangunan Manusia (IPM) Kota Malang 2023,android,device_6fe823ba,2026-08-22T10:36:19.440002+00:00,b77e7e0a-b2da-418b-8f86-6cc73c24254a,,4,brs
c33c5fd6-c79f-4d95-8270-9bb4a13b3e8d,view_pdf,Tingkat Ketimpangan Pengeluaran Penduduk (Gini Ratio) Kota Malang 2023,android,user_30_yolanda_fransiska_30@example.com,2026-08-22T10:36:19.983850+00:00,d8f046d4-0fd0-424e-9b7d-1ad89485766a,,7,brs
7afec441-376b-4886-80e8-2f79a84f43a7,view_pdf,Tingkat Ketimpangan Pengeluaran Penduduk (Gini Ratio) Kota Malang 2023,ios,device_018ad5f7,2026-08-22T10:39:21.439898+00:00,d8f046d4-0fd0-424e-9b7d-1ad89485766a,,7,brs
26bde02f-84ab-4aa0-bd81-ff760b433158,view_page,Hasil Sensus Penduduk dan Proyeksi Penduduk Menurut Kecamatan 2023,ios,device_75d4e6b1,2026-08-22T11:01:17.521254+00:00,d1f9c425-45eb-4e73-b65e-c08d0fad3caf,,5,publikasi
84816708-e0f3-4bd0-be9c-123025f98bb8,view_page,Garis Kemiskinan dan Jumlah Penduduk Miskin Kota Malang,ios,device_05cce64d,2026-08-22T11:54:40.773335+00:00,92628f5b-aa64-41bb-a679-f0b01507a173,,2,infografis
79bfaf2b-55c0-4cce-92ed-a556b1c5c8e5,view_pdf,Perkembangan Indeks Harga Konsumen / Inflasi Kota Malang 2024,android,device_37f4a7b9,2026-08-22T13:35:14.288002+00:00,153eb443-bf3a-4972-91d8-9789b011510b,,1,brs
616c7cc9-700a-49e8-9b1f-9dd194e6acc5,download_file,Tingkat Penghunian Kamar Hotel Kota Malang Semester I 2024,android,device_04fc4a94,2026-08-22T14:03:19.136360+00:00,73f00342-0b53-43b9-bbcf-1a523751ddda,,1,infografis
65275d5e-f822-422f-9f1b-3e89fc35755e,view_page,Profil Kemiskinan Kota Malang Tahun 2023,android,user_19_gita_permata_19@example.com,2026-08-22T17:23:52.226189+00:00,29c70151-0b4a-4225-8eb2-eb5abce97b15,,2,brs
9a0d10f0-6fb0-4f8b-8380-cc81214a8d50,download_file,"Statistik Pertanian, Peternakan, dan Hortikultura Kota Malang 2023",android,user_25_rian_pratama_25@example.com,2026-08-22T18:57:46.341507+00:00,821622ab-94f7-498c-b216-82c39b77ef9d,,6,publikasi
ce0b62f3-162d-4845-b2a3-31f5e0f9d496,view_page,Tingkat Ketimpangan Pengeluaran Penduduk (Gini Ratio) Kota Malang 2023,ios,user_2_dewi_anggraini_2@example.com,2026-08-22T19:44:50.420004+00:00,d8f046d4-0fd0-424e-9b7d-1ad89485766a,,7,brs
f199cdd0-0880-4006-a24b-2a9034abe8d4,download_file,Tingkat Ketimpangan Pengeluaran Penduduk (Gini Ratio) Kota Malang 2023,android,device_d43a4c3f,2026-08-22T20:38:10.296052+00:00,d8f046d4-0fd0-424e-9b7d-1ad89485766a,,7,brs
e97ce891-0789-4159-9968-20607e80b846,download_file,Statistik Kesejahteraan Rakyat dan Pengeluaran Konsumsi Kota Malang 2023,android,user_10_yolanda_fransiska_10@example.com,2026-08-22T21:35:29.953652+00:00,23a58e84-c462-4bf8-a5ea-c7bc3825a70c,,7,publikasi
e44af579-1859-4ce7-94e2-5b3531862535,view_page,Tingkat Pengangguran Terbuka,android,user_5_taufik_hidayat_5@example.com,2026-08-22T22:44:42.876590+00:00,,,3,fitur
4fb9b12c-b0fd-4401-91e7-d0d84cc7c32b,view_page,Penduduk Menurut Kecamatan,android,user_36_siti_rahmawati_36@example.com,2026-08-22T23:17:30.584659+00:00,,,5,fitur
a4c4878f-1195-4cca-b1e6-52e728d666e3,view_page,Angka Harapan Hidup dan Harapan Lama Sekolah Kota Malang 2023,android,user_3_ahmad_fauzi_3@example.com,2026-08-22T23:20:40.578349+00:00,bfb01c78-0ed2-46dd-9631-7d6cdc32c4a8,,4,publikasi
1ce39f4d-e8a0-4f5f-bd55-7214c885e136,view_page,Kepadatan dan Piramida Penduduk Kota Malang,android,user_34_joko_susilo_34@example.com,2026-08-23T00:32:06.260906+00:00,9a440ecf-18b0-4c1f-86e3-1793d657fe60,,5,infografis
8b2551f2-2cf6-4b06-86ec-c4a9925ae78c,download_file,Statistik Kesejahteraan Rakyat dan Pengeluaran Konsumsi Kota Malang 2023,android,user_39_gita_permata_39@example.com,2026-08-23T01:08:15.033119+00:00,23a58e84-c462-4bf8-a5ea-c7bc3825a70c,,7,publikasi
fb0a3be1-92e8-471d-9859-c6e6e688ce34,view_page,Harapan Lama Sekolah,android,user_36_siti_rahmawati_36@example.com,2026-08-23T01:36:38.813097+00:00,,,4,fitur
74a45741-5965-45b9-97b6-ad685f60753a,view_page,Tingkat Penghunian Kamar Hotel Kota Malang Semester I 2024,android,user_1_yolanda_fransiska_1@example.com,2026-08-23T02:19:15.485249+00:00,73f00342-0b53-43b9-bbcf-1a523751ddda,,1,infografis
1014bb11-2daa-4dbb-882f-de1bfcf4de98,view_pdf,Perkembangan Indeks Harga Konsumen / Inflasi Kota Malang 2024,ios,device_6fe823ba,2026-08-23T04:42:52.832449+00:00,153eb443-bf3a-4972-91d8-9789b011510b,,1,brs
78c66de8-1f4d-402a-a1ad-23d6e944e2b3,view_pdf,Keadaan Ketenagakerjaan Kota Malang Agustus 2023,android,user_5_taufik_hidayat_5@example.com,2026-08-23T06:04:06.306031+00:00,dbb4a727-6747-4aad-95de-33be8902e079,,3,brs
d5b6d0c1-ee81-4f71-b92e-590cd90c00f6,view_page,Produk Domestik Regional Bruto (PDRB),android,device_bf3a5d5b,2026-08-23T06:14:38.027959+00:00,,,1,fitur
cb0c1148-74db-41b0-b43c-8ed042b23546,view_page,Usia Harapan Hidup,android,user_11_citra_lestari_11@example.com,2026-08-23T07:15:59.852004+00:00,,,4,fitur
6dc2d9df-1363-476e-b3dc-ac8a3b975691,download_file,Tingkat Partisipasi Angkatan Kerja (TPAK) Kota Malang,ios,user_13_lukman_hakim_13@example.com,2026-08-23T07:31:07.450422+00:00,0ad0a195-2b38-4f46-b205-0ca879fa1dbd,,3,infografis
3cd4ce2d-3563-4703-812c-fecaebf9588d,view_pdf,Laju Pertumbuhan Ekonomi (LPE) Kota Malang Triwulan II 2024,android,user_29_rian_pratama_29@example.com,2026-08-23T07:32:07.409908+00:00,34649ace-ddf1-4f19-aa4e-2f065c52ac56,,1,brs
5113da90-823c-4171-b71b-094f5f630b1a,view_page,Kota Malang Dalam Angka 2024,android,user_33_ahmad_fauzi_33@example.com,2026-08-23T09:04:31.273150+00:00,4d21cdd5-8bbb-4588-9d75-bdf304eabaa2,,5,publikasi
5c0c58d5-31a5-41ab-bd6d-5a2ba50ee45b,download_file,Laju Pertumbuhan Ekonomi (LPE) Kota Malang Triwulan II 2024,android,user_38_gita_permata_38@example.com,2026-08-23T14:12:36.277003+00:00,34649ace-ddf1-4f19-aa4e-2f065c52ac56,,1,brs
ec276755-9d7f-4a07-bfe3-06120caf74c4,view_page,Tingkat Partisipasi Angkatan Kerja (TPAK) Kota Malang,android,user_41_hadi_wijaya_41@example.com,2026-08-23T14:41:26.067444+00:00,0ad0a195-2b38-4f46-b205-0ca879fa1dbd,,3,infografis
7d480980-6085-4923-a889-8340534b4166,view_page,Produk Domestik Regional Bruto (PDRB),ios,device_9bbb3fdb,2026-08-23T16:20:24.968541+00:00,,,1,fitur
38cdc34f-c1c9-4ddf-a69f-71d516362e08,view_pdf,Kepadatan dan Piramida Penduduk Kota Malang,android,user_20_oki_setiawan_20@example.com,2026-08-23T18:31:29.886131+00:00,9a440ecf-18b0-4c1f-86e3-1793d657fe60,,5,infografis
c6371bbe-5693-4455-8684-0c75539409db,view_pdf,Tingkat Ketimpangan Pengeluaran Penduduk (Gini Ratio) Kota Malang 2023,android,device_8659e198,2026-08-23T19:41:16.102717+00:00,d8f046d4-0fd0-424e-9b7d-1ad89485766a,,7,brs
abef2d7a-2de7-4d10-9420-e03e14cd2143,view_page,Produk Domestik Regional Bruto (PDRB),ios,device_bf3a5d5b,2026-08-23T19:42:16.791709+00:00,,,1,fitur
160572dd-fa45-489b-9467-0aca4756f570,view_page,Produk Domestik Regional Bruto Kota Malang Menurut Lapangan Usaha 2023,android,user_32_rian_pratama_32@example.com,2026-08-23T23:05:56.943291+00:00,b4138e54-6653-472c-ae8b-b01fa86a3b0e,,1,publikasi
0356e2e4-5b3c-4fe2-baf2-56592ae22e4b,view_page,Laju Pertumbuhan Ekonomi,android,user_16_siti_rahmawati_16@example.com,2026-08-24T00:54:48.906868+00:00,,,1,fitur
01124a3a-ac5b-4c48-b46c-2833635289fa,view_pdf,Laju Pertumbuhan Ekonomi (LPE) Kota Malang Triwulan II 2024,ios,device_25e07130,2026-08-24T02:47:23.745779+00:00,34649ace-ddf1-4f19-aa4e-2f065c52ac56,,1,brs
6b390b82-907b-4135-9aa5-796acd44bd49,view_pdf,Statistik Kesejahteraan Rakyat dan Pengeluaran Konsumsi Kota Malang 2023,android,device_37f4a7b9,2026-08-24T04:51:56.392597+00:00,23a58e84-c462-4bf8-a5ea-c7bc3825a70c,,7,publikasi
4a5d4f3e-306b-4557-9849-099fbde96d4d,view_pdf,Garis Kemiskinan dan Jumlah Penduduk Miskin Kota Malang,android,user_22_lukman_hakim_22@example.com,2026-08-24T04:54:49.522651+00:00,92628f5b-aa64-41bb-a679-f0b01507a173,,2,infografis
483521da-eeef-4d36-95bb-ff03221c0aea,view_pdf,Perkembangan Indeks Harga Konsumen / Inflasi Kota Malang 2024,android,user_26_zulfa_azizah_26@example.com,2026-08-24T05:12:28.773802+00:00,153eb443-bf3a-4972-91d8-9789b011510b,,1,brs
53297e99-3488-40e4-b835-b8add2c3d019,view_page,Garis Kemiskinan dan Jumlah Penduduk Miskin Kota Malang,android,device_fd476588,2026-08-24T07:17:47.155250+00:00,92628f5b-aa64-41bb-a679-f0b01507a173,,2,infografis
d77a9f0f-8707-4d77-ac60-27584add291f,view_pdf,Infografis Capaian IPM Kota Malang Tertinggi di Jawa Timur,android,device_9b20524d,2026-08-24T07:45:04.351096+00:00,66f6edee-0df5-41d3-a724-c4f06da0926a,,4,infografis
cfefc90a-c47e-4c0c-b246-71939883f0bb,view_pdf,Infografis Capaian IPM Kota Malang Tertinggi di Jawa Timur,android,user_37_siti_rahmawati_37@example.com,2026-08-24T08:17:07.243991+00:00,66f6edee-0df5-41d3-a724-c4f06da0926a,,4,infografis
b691613c-84ea-4531-9a9d-827ce9fdffc5,view_page,Tingkat Ketimpangan Pengeluaran Penduduk (Gini Ratio) Kota Malang 2023,ios,device_bb002908,2026-08-24T08:39:35.507358+00:00,d8f046d4-0fd0-424e-9b7d-1ad89485766a,,7,brs
888a12e0-2b06-4939-b5f0-9315e825f8e1,view_page,Hasil Sensus Penduduk dan Proyeksi Penduduk Menurut Kecamatan 2023,android,user_29_rian_pratama_29@example.com,2026-08-24T10:51:14.957651+00:00,d1f9c425-45eb-4e73-b65e-c08d0fad3caf,,5,publikasi
b6f3170c-bb3b-4553-b595-47814289beef,view_page,Tingkat Penghunian Kamar Hotel Kota Malang Semester I 2024,android,user_46_nurul_hidayah_46@example.com,2026-08-24T11:41:49.004438+00:00,73f00342-0b53-43b9-bbcf-1a523751ddda,,1,infografis
ddd486db-acf0-414e-a80c-a15853c821b8,view_page,Profil Kemiskinan Kota Malang Tahun 2023,android,device_05cce64d,2026-08-24T11:47:17.477845+00:00,29c70151-0b4a-4225-8eb2-eb5abce97b15,,2,brs
e96c9d06-00ca-428c-8094-0ce6eb37992a,view_page,Usia Harapan Hidup,ios,device_6db1e2a9,2026-08-24T11:56:04.268835+00:00,,,4,fitur
f1abc732-3c06-41f1-a38e-436b92cd5a42,view_page,Tingkat Penghunian Kamar Hotel Kota Malang Semester I 2024,android,device_8659e198,2026-08-24T11:58:22.541725+00:00,73f00342-0b53-43b9-bbcf-1a523751ddda,,1,infografis
88dde5be-fa20-428b-acab-c817bbc0010e,download_file,Tingkat Ketimpangan Pengeluaran Penduduk (Gini Ratio) Kota Malang 2023,android,device_6db1e2a9,2026-08-24T14:58:00.434971+00:00,d8f046d4-0fd0-424e-9b7d-1ad89485766a,,7,brs
b4f8196b-b98c-4419-ae3c-5d09d60978c7,view_page,Laju Pertumbuhan Ekonomi,android,device_33124e20,2026-08-24T15:46:20.967596+00:00,,,1,fitur
0d8e3d6d-eabd-4f17-babc-666d0326795b,view_page,Tingkat Pengangguran Terbuka,android,device_8741b3e4,2026-08-24T17:59:53.111216+00:00,,,3,fitur
cc4f6a25-fcf9-43e1-8cb6-80676e1b8aa7,view_page,Produk Domestik Regional Bruto Kota Malang Menurut Lapangan Usaha 2023,ios,device_ac1adb92,2026-08-24T19:34:47.070499+00:00,b4138e54-6653-472c-ae8b-b01fa86a3b0e,,1,publikasi
9440844b-3312-4ea2-8bb2-08ce40857d75,view_pdf,"Statistik Pertanian, Peternakan, dan Hortikultura Kota Malang 2023",android,user_36_siti_rahmawati_36@example.com,2026-08-24T20:01:11.520896+00:00,821622ab-94f7-498c-b216-82c39b77ef9d,,6,publikasi
9e8855a5-9645-4cef-a292-5ee32cb785cb,view_pdf,Tingkat Penghunian Kamar Hotel Kota Malang Semester I 2024,android,device_75d4e6b1,2026-08-24T20:21:26.429310+00:00,73f00342-0b53-43b9-bbcf-1a523751ddda,,1,infografis
5ff11871-16da-4f73-a78d-11d9696f5d4e,view_page,Indeks Kedalaman dan Keparahan Kemiskinan Kota Malang 2019-2023,ios,user_42_taufik_hidayat_42@example.com,2026-08-25T01:19:51.244703+00:00,849d2910-63e6-42b9-bc4d-f43f9d152bcf,,2,publikasi
ea667556-6d9e-4456-af52-77707824c2a8,view_page,Hasil Sensus Penduduk dan Proyeksi Penduduk Menurut Kecamatan 2023,android,device_4c5e8a4b,2026-08-25T03:03:17.428572+00:00,d1f9c425-45eb-4e73-b65e-c08d0fad3caf,,5,publikasi
00fab362-7d07-4c22-b061-b8abfa8708fd,download_file,Laju Pertumbuhan Ekonomi (LPE) Kota Malang Triwulan II 2024,android,user_43_hadi_wijaya_43@example.com,2026-08-25T04:45:22.842799+00:00,34649ace-ddf1-4f19-aa4e-2f065c52ac56,,1,brs
fd97a24e-8a59-4b39-b389-56d39048936a,view_page,Tingkat Ketimpangan Pengeluaran Penduduk (Gini Ratio) Kota Malang 2023,android,device_8741b3e4,2026-08-25T05:15:37.386882+00:00,d8f046d4-0fd0-424e-9b7d-1ad89485766a,,7,brs
c0cc684d-6a55-42de-82ae-1414ff052230,view_page,Produk Domestik Regional Bruto (PDRB),ios,device_25e07130,2026-08-25T05:18:49.053794+00:00,,,1,fitur
8ae76c23-933d-443f-a767-1e5da9c734b7,view_page,Gini Rasio Kota Malang,android,user_4_siti_rahmawati_4@example.com,2026-08-25T05:53:26.946079+00:00,,,7,fitur
edb93a48-8b8e-43a3-837c-b0b0b55e897f,view_pdf,Statistik Kesejahteraan Rakyat dan Pengeluaran Konsumsi Kota Malang 2023,android,user_49_hadi_wijaya_49@example.com,2026-08-25T06:05:01.729672+00:00,23a58e84-c462-4bf8-a5ea-c7bc3825a70c,,7,publikasi
9fb22b4a-0983-4544-b777-bb26ee15c410,view_pdf,Tingkat Partisipasi Angkatan Kerja (TPAK) Kota Malang,android,user_18_indah_sari_18@example.com,2026-08-25T06:24:48.910766+00:00,0ad0a195-2b38-4f46-b205-0ca879fa1dbd,,3,infografis
2a074cfa-45e7-4cd4-864c-c2a4adb8a995,view_page,Tingkat Ketimpangan Pengeluaran Penduduk (Gini Ratio) Kota Malang 2023,android,device_8659e198,2026-08-25T07:51:07.160769+00:00,d8f046d4-0fd0-424e-9b7d-1ad89485766a,,7,brs
a582c4e2-4d7c-42f9-8dfe-abf58fa92a74,view_pdf,Tingkat Penghunian Kamar Hotel Kota Malang Semester I 2024,android,device_7a936bd8,2026-08-25T08:14:16.204242+00:00,73f00342-0b53-43b9-bbcf-1a523751ddda,,1,infografis
786988de-f142-4c60-8302-d1f074f46397,view_page,Luas Panen dan Produksi Padi di Kota Malang 2023 (Angka Tetap),android,user_15_nabila_syahrani_15@example.com,2026-08-25T08:30:00.253599+00:00,53ccbf55-ec6c-41ee-b286-a287c99906a8,,6,brs
592b399e-af7e-40e2-9937-78619b47b496,view_pdf,Tingkat Partisipasi Angkatan Kerja (TPAK) Kota Malang,ios,user_13_lukman_hakim_13@example.com,2026-08-25T09:48:58.836266+00:00,0ad0a195-2b38-4f46-b205-0ca879fa1dbd,,3,infografis
1899612c-11a7-4473-87b0-3f6dd23952b4,download_file,"Statistik Pertanian, Peternakan, dan Hortikultura Kota Malang 2023",android,device_d43a4c3f,2026-08-25T10:58:32.123266+00:00,821622ab-94f7-498c-b216-82c39b77ef9d,,6,publikasi
ce113dde-cbf5-4f42-a82e-957f10624fa4,view_page,"Statistik Pertanian, Peternakan, dan Hortikultura Kota Malang 2023",android,device_33720fe8,2026-08-25T11:02:04.109068+00:00,821622ab-94f7-498c-b216-82c39b77ef9d,,6,publikasi
c3912797-9635-4c0b-b5a5-603078a974bd,view_page,Inflasi Bulanan Kota Malang,ios,device_206a1d37,2026-08-25T11:06:48.518075+00:00,,,1,fitur
b0d2420f-3d06-4e6c-8c7b-a7dbea85687f,view_page,Gini Rasio Kota Malang,android,user_4_siti_rahmawati_4@example.com,2026-08-25T11:26:55.171474+00:00,,,7,fitur
3fb6a4d7-703a-4776-92d3-0e4523bed839,view_pdf,Tingkat Ketimpangan Pengeluaran Penduduk (Gini Ratio) Kota Malang 2023,android,user_42_taufik_hidayat_42@example.com,2026-08-25T12:23:27.405365+00:00,d8f046d4-0fd0-424e-9b7d-1ad89485766a,,7,brs
6176c206-b156-43a5-9161-20c1993192d4,view_pdf,Kepadatan dan Piramida Penduduk Kota Malang,android,user_28_ahmad_fauzi_28@example.com,2026-08-25T12:38:31.869485+00:00,9a440ecf-18b0-4c1f-86e3-1793d657fe60,,5,infografis
1a4d938d-abcd-4cf9-a022-f6bcad209c67,download_file,Tingkat Penghunian Kamar Hotel Kota Malang Semester I 2024,android,user_20_oki_setiawan_20@example.com,2026-08-25T13:33:51.193471+00:00,73f00342-0b53-43b9-bbcf-1a523751ddda,,1,infografis
363c5e2f-3da3-48b3-82ee-dd3e9c042fb8,view_page,Tingkat Penghunian Kamar Hotel Kota Malang Semester I 2024,ios,device_33124e20,2026-08-25T14:16:41.147771+00:00,73f00342-0b53-43b9-bbcf-1a523751ddda,,1,infografis
a8c2847c-46f2-4462-b697-9845945b0555,view_page,Profil Kemiskinan Kota Malang Tahun 2023,android,device_05c90f14,2026-08-25T15:11:50.750314+00:00,29c70151-0b4a-4225-8eb2-eb5abce97b15,,2,brs
e81a091c-014e-410d-9808-0117ce542dd3,view_pdf,Laju Pertumbuhan Ekonomi (LPE) Kota Malang Triwulan II 2024,android,device_ac1adb92,2026-08-25T16:04:16.197618+00:00,34649ace-ddf1-4f19-aa4e-2f065c52ac56,,1,brs
7ac65387-49d1-475a-9a26-071100a6894d,view_page,Laju Pertumbuhan Ekonomi,android,user_5_taufik_hidayat_5@example.com,2026-08-25T16:58:27.936593+00:00,,,1,fitur
ef6b74fe-1eb8-4082-93de-ce93a4cddf58,view_page,Luas Panen dan Produksi Padi di Kota Malang 2023 (Angka Tetap),ios,device_d43a4c3f,2026-08-25T17:11:01.265227+00:00,53ccbf55-ec6c-41ee-b286-a287c99906a8,,6,brs
195d26b5-e4e2-4e2e-bd64-212c3cc7be14,download_file,Kepadatan dan Piramida Penduduk Kota Malang,android,device_c2dd9db5,2026-08-25T18:40:57.523980+00:00,9a440ecf-18b0-4c1f-86e3-1793d657fe60,,5,infografis
77cacb91-0ce8-42d7-8bcc-e7dc2cd96bdb,view_pdf,Statistik Kesejahteraan Rakyat dan Pengeluaran Konsumsi Kota Malang 2023,android,device_bf3a5d5b,2026-08-25T19:44:32.033398+00:00,23a58e84-c462-4bf8-a5ea-c7bc3825a70c,,7,publikasi
3490e49d-069c-4ef5-9abb-64dce8805942,download_file,Kota Malang Dalam Angka 2024,ios,user_31_lukman_hakim_31@example.com,2026-08-25T20:43:42.717930+00:00,4d21cdd5-8bbb-4588-9d75-bdf304eabaa2,,5,publikasi
51f32891-7b84-4ac1-9c91-2755be07789d,view_page,Produk Domestik Regional Bruto Kota Malang Menurut Lapangan Usaha 2023,android,user_29_rian_pratama_29@example.com,2026-08-25T23:01:42.972424+00:00,b4138e54-6653-472c-ae8b-b01fa86a3b0e,,1,publikasi
675fef24-5a45-4dc8-8007-907125e6103d,view_page,Kota Malang Dalam Angka 2024,ios,user_33_ahmad_fauzi_33@example.com,2026-08-25T23:58:36.343413+00:00,4d21cdd5-8bbb-4588-9d75-bdf304eabaa2,,5,publikasi
4c4017e7-b529-4d68-815b-89c138a310e6,view_page,Tingkat Pengangguran Terbuka (TPT) Berdasarkan Tingkat Pendidikan Kota Malang,ios,user_7_dewi_anggraini_7@example.com,2026-08-26T01:19:55.420286+00:00,2b4ccc8e-b559-4c16-ac4a-59687e9c10bd,,3,publikasi
f0a5a4b6-2317-4ea6-9755-1a4583a2740f,view_page,Indeks Pembangunan Manusia (IPM) Kota Malang 2023,android,user_12_hadi_wijaya_12@example.com,2026-08-26T03:11:49.388908+00:00,b77e7e0a-b2da-418b-8f86-6cc73c24254a,,4,brs
517d7710-f6c2-4bda-b919-a397f300236c,download_file,Perkembangan Indeks Harga Konsumen / Inflasi Kota Malang 2024,android,device_bd313702,2026-08-26T04:10:01.994443+00:00,153eb443-bf3a-4972-91d8-9789b011510b,,1,brs
2e54897c-6876-4821-9872-1b77defffa34,view_pdf,Produk Domestik Regional Bruto Kota Malang Menurut Lapangan Usaha 2023,android,user_32_rian_pratama_32@example.com,2026-08-26T04:35:10.298559+00:00,b4138e54-6653-472c-ae8b-b01fa86a3b0e,,1,publikasi
420050fa-4bff-4c32-9f27-d41a8b755609,view_pdf,Garis Kemiskinan dan Jumlah Penduduk Miskin Kota Malang,ios,device_ac1adb92,2026-08-26T05:25:42.342628+00:00,92628f5b-aa64-41bb-a679-f0b01507a173,,2,infografis
a8f4783f-c283-4ac5-b112-07fea9f7aa5c,view_page,Gini Rasio Kota Malang,android,user_20_oki_setiawan_20@example.com,2026-08-26T09:16:22.710546+00:00,,,7,fitur
d69acb11-27f5-4fd0-83a1-cd2f2fdfabcd,view_pdf,Indeks Pembangunan Manusia (IPM) Kota Malang 2023,ios,device_2662ff67,2026-08-26T10:31:37.413998+00:00,b77e7e0a-b2da-418b-8f86-6cc73c24254a,,4,brs
7a8d068b-34c7-4b4e-8d4f-30ed0698babc,view_page,Infografis Capaian IPM Kota Malang Tertinggi di Jawa Timur,android,device_bb002908,2026-08-26T11:57:01.203668+00:00,66f6edee-0df5-41d3-a724-c4f06da0926a,,4,infografis
3d880508-db07-43f2-87bc-49c041b75298,view_pdf,Profil Kemiskinan Kota Malang Tahun 2023,android,user_39_gita_permata_39@example.com,2026-08-26T12:05:50.504733+00:00,29c70151-0b4a-4225-8eb2-eb5abce97b15,,2,brs
d7fdb1ab-80c4-471d-9cf4-29faf6bd97b0,view_pdf,Statistik Kesejahteraan Rakyat dan Pengeluaran Konsumsi Kota Malang 2023,android,device_bb002908,2026-08-26T13:00:10.119250+00:00,23a58e84-c462-4bf8-a5ea-c7bc3825a70c,,7,publikasi
290cedc5-6729-4b95-8f56-973ae0df16f2,view_pdf,Tingkat Partisipasi Angkatan Kerja (TPAK) Kota Malang,ios,user_9_dewi_anggraini_9@example.com,2026-08-26T13:05:43.661495+00:00,0ad0a195-2b38-4f46-b205-0ca879fa1dbd,,3,infografis
9136e4b2-a0ce-49f4-93d5-ef2f486c3908,view_pdf,Tingkat Penghunian Kamar Hotel Kota Malang Semester I 2024,ios,user_12_hadi_wijaya_12@example.com,2026-08-26T13:15:04.901348+00:00,73f00342-0b53-43b9-bbcf-1a523751ddda,,1,infografis
8627a02c-96af-4b8c-ad3a-8433915726cd,view_page,Garis Kemiskinan dan Jumlah Penduduk Miskin Kota Malang,android,device_52931df5,2026-08-26T14:36:49.327126+00:00,92628f5b-aa64-41bb-a679-f0b01507a173,,2,infografis
d2d91a9e-abbe-4e74-a075-25cb73be8413,view_pdf,Produk Domestik Regional Bruto Kota Malang Menurut Lapangan Usaha 2023,android,user_11_citra_lestari_11@example.com,2026-08-26T15:26:03.290645+00:00,b4138e54-6653-472c-ae8b-b01fa86a3b0e,,1,publikasi
6648d499-b59e-4ad8-9433-10255be5b0d6,view_page,Harapan Lama Sekolah,android,device_00fd2976,2026-08-26T16:55:51.423170+00:00,,,4,fitur
6215bcc1-9e79-4313-be67-f49cb7df6fd4,view_page,Tingkat Pengangguran Terbuka,ios,user_13_lukman_hakim_13@example.com,2026-08-26T18:53:27.507891+00:00,,,3,fitur
d5c80103-6126-43e1-9b6c-ae79df35f03f,view_page,Tingkat Partisipasi Angkatan Kerja (TPAK) Kota Malang,android,user_43_hadi_wijaya_43@example.com,2026-08-26T19:52:40.338243+00:00,0ad0a195-2b38-4f46-b205-0ca879fa1dbd,,3,infografis
94fd6f6b-f716-4ab4-b756-0a7b6b0fab01,view_page,Kota Malang Dalam Angka 2024,android,user_32_rian_pratama_32@example.com,2026-08-26T20:31:14.894167+00:00,4d21cdd5-8bbb-4588-9d75-bdf304eabaa2,,5,publikasi
47ca8ad1-51a2-4553-8f50-cc9db512a7f2,view_page,Keadaan Ketenagakerjaan Kota Malang Agustus 2023,android,user_46_nurul_hidayah_46@example.com,2026-08-26T20:44:23.164720+00:00,dbb4a727-6747-4aad-95de-33be8902e079,,3,brs
c15208ee-c5b4-4b7f-9a84-731a742a0c2a,view_pdf,Angka Harapan Hidup dan Harapan Lama Sekolah Kota Malang 2023,ios,user_15_nabila_syahrani_15@example.com,2026-08-26T22:40:53.501384+00:00,bfb01c78-0ed2-46dd-9631-7d6cdc32c4a8,,4,publikasi
68f74822-ea68-4d8e-a831-a8456d79b7fa,view_page,Penduduk Menurut Kecamatan,android,user_36_siti_rahmawati_36@example.com,2026-08-26T23:33:47.567924+00:00,,,5,fitur
331ff6e8-47fc-4955-a2c3-b19c3c1c20cc,download_file,Tingkat Ketimpangan Pengeluaran Penduduk (Gini Ratio) Kota Malang 2023,ios,user_27_yolanda_fransiska_27@example.com,2026-08-27T00:20:35.557466+00:00,d8f046d4-0fd0-424e-9b7d-1ad89485766a,,7,brs
6ceeb33e-40e3-4b89-bb70-411ea7748ad0,view_page,"Statistik Pertanian, Peternakan, dan Hortikultura Kota Malang 2023",android,user_27_yolanda_fransiska_27@example.com,2026-08-27T01:35:41.590255+00:00,821622ab-94f7-498c-b216-82c39b77ef9d,,6,publikasi
1d78c7b6-d135-4383-9577-196b7f5536a0,view_page,Tingkat Partisipasi Angkatan Kerja (TPAK) Kota Malang,ios,device_9ff94146,2026-08-27T02:25:28.481356+00:00,0ad0a195-2b38-4f46-b205-0ca879fa1dbd,,3,infografis
2498d3e9-d3d3-4f84-a032-8f848166f863,view_page,Laju Pertumbuhan Ekonomi,android,user_29_rian_pratama_29@example.com,2026-08-27T03:12:37.343828+00:00,,,1,fitur
21be0a92-4a82-4e20-9c94-0ae8129b0acb,view_page,Perkembangan Indeks Harga Konsumen / Inflasi Kota Malang 2024,android,user_26_zulfa_azizah_26@example.com,2026-08-27T03:55:15.349878+00:00,153eb443-bf3a-4972-91d8-9789b011510b,,1,brs
5f38244f-ebc6-4d39-8ba2-55478f329905,view_page,Keadaan Ketenagakerjaan Kota Malang Agustus 2023,android,user_41_hadi_wijaya_41@example.com,2026-08-27T04:19:56.956088+00:00,dbb4a727-6747-4aad-95de-33be8902e079,,3,brs
8f7a545a-71b5-4827-95b8-566b9406c8bd,download_file,Kepadatan dan Piramida Penduduk Kota Malang,android,user_50_fajar_nugroho_50@example.com,2026-08-27T07:35:59.370990+00:00,9a440ecf-18b0-4c1f-86e3-1793d657fe60,,5,infografis
bec2455d-c03f-4234-ac73-b085c00d9575,view_pdf,Profil Kemiskinan Kota Malang Tahun 2023,android,device_86adf413,2026-08-27T07:51:04.214553+00:00,29c70151-0b4a-4225-8eb2-eb5abce97b15,,2,brs
2f602f02-b464-42fc-8159-3caeb4fdd85e,view_page,Angka Harapan Hidup dan Harapan Lama Sekolah Kota Malang 2023,android,user_43_hadi_wijaya_43@example.com,2026-08-27T10:20:47.358380+00:00,bfb01c78-0ed2-46dd-9631-7d6cdc32c4a8,,4,publikasi
9b16888b-d2ef-4c92-920b-7999d24ebb26,download_file,"Statistik Pertanian, Peternakan, dan Hortikultura Kota Malang 2023",android,device_31bb5897,2026-08-27T11:43:59.719581+00:00,821622ab-94f7-498c-b216-82c39b77ef9d,,6,publikasi
6ac2fc10-b7ca-4977-9df8-c62c749b9004,download_file,Kepadatan dan Piramida Penduduk Kota Malang,android,user_9_dewi_anggraini_9@example.com,2026-08-27T13:05:45.126559+00:00,9a440ecf-18b0-4c1f-86e3-1793d657fe60,,5,infografis
e3822be2-36c5-419e-81db-6bacf69d3f79,download_file,Produk Domestik Regional Bruto Kota Malang Menurut Lapangan Usaha 2023,ios,device_d43a4c3f,2026-08-27T14:55:46.444126+00:00,b4138e54-6653-472c-ae8b-b01fa86a3b0e,,1,publikasi
085491a9-276d-471f-9087-f9f76e570a91,view_pdf,Profil Kemiskinan Kota Malang Tahun 2023,android,device_aa56314e,2026-08-27T15:12:41.573082+00:00,29c70151-0b4a-4225-8eb2-eb5abce97b15,,2,brs
4da31cd0-7714-44f5-a56f-a1b924c6418a,view_page,Penduduk Menurut Jenis Kelamin,android,user_9_dewi_anggraini_9@example.com,2026-08-27T15:17:01.087814+00:00,,,5,fitur
e8996d14-cb57-42be-a205-2292cce51c3c,view_pdf,Keadaan Ketenagakerjaan Kota Malang Agustus 2023,android,user_5_taufik_hidayat_5@example.com,2026-08-27T17:13:05.905592+00:00,dbb4a727-6747-4aad-95de-33be8902e079,,3,brs
c8b38b78-dcd1-4b66-8b39-dffe1c524265,view_pdf,Hasil Sensus Penduduk dan Proyeksi Penduduk Menurut Kecamatan 2023,ios,device_71e576a8,2026-08-27T20:54:08.394004+00:00,d1f9c425-45eb-4e73-b65e-c08d0fad3caf,,5,publikasi
7cb432dd-0210-4c63-9bb9-6790a6ad8942,view_pdf,Tingkat Penghunian Kamar Hotel Kota Malang Semester I 2024,ios,user_23_rizky_firmansyah_23@example.com,2026-08-27T21:07:23.103892+00:00,73f00342-0b53-43b9-bbcf-1a523751ddda,,1,infografis
7c188cad-40c6-4a89-9ed4-3713dc984980,view_pdf,Tingkat Partisipasi Angkatan Kerja (TPAK) Kota Malang,android,user_50_fajar_nugroho_50@example.com,2026-08-27T21:20:47.026673+00:00,0ad0a195-2b38-4f46-b205-0ca879fa1dbd,,3,infografis
3bdbaa5f-49e0-43f9-9bc2-c931debb1a62,download_file,Hasil Sensus Penduduk dan Proyeksi Penduduk Menurut Kecamatan 2023,android,device_9bbb3fdb,2026-08-27T21:24:27.451241+00:00,d1f9c425-45eb-4e73-b65e-c08d0fad3caf,,5,publikasi
7a12fc80-60f0-4214-85d9-cd2e54816e2a,view_pdf,Garis Kemiskinan dan Jumlah Penduduk Miskin Kota Malang,android,device_7fc9c339,2026-08-27T22:33:52.511390+00:00,92628f5b-aa64-41bb-a679-f0b01507a173,,2,infografis
a6007fc3-326e-40c6-b4ba-62d8bb9da05b,view_page,Gini Rasio Kota Malang,android,device_52931df5,2026-08-28T01:39:40.886756+00:00,,,7,fitur
a3523f4d-89c1-4959-b1ac-819c9ccfb3cb,download_file,Tingkat Pengangguran Terbuka (TPT) Berdasarkan Tingkat Pendidikan Kota Malang,android,user_23_rizky_firmansyah_23@example.com,2026-08-28T01:49:23.789481+00:00,2b4ccc8e-b559-4c16-ac4a-59687e9c10bd,,3,publikasi
e6a03bb9-c7b1-4fe2-9173-8e7af833c94d,download_file,Kepadatan dan Piramida Penduduk Kota Malang,android,user_20_oki_setiawan_20@example.com,2026-08-28T04:02:21.376359+00:00,9a440ecf-18b0-4c1f-86e3-1793d657fe60,,5,infografis
8f169d31-cd56-45b9-91cf-dadbd099d604,view_pdf,Hasil Sensus Penduduk dan Proyeksi Penduduk Menurut Kecamatan 2023,android,user_50_fajar_nugroho_50@example.com,2026-08-28T04:58:14.771905+00:00,d1f9c425-45eb-4e73-b65e-c08d0fad3caf,,5,publikasi
2c5a1d9a-b112-4147-83f1-b89a4ad00bdb,view_pdf,Angka Harapan Hidup dan Harapan Lama Sekolah Kota Malang 2023,android,device_6db1e2a9,2026-08-28T05:15:01.178908+00:00,bfb01c78-0ed2-46dd-9631-7d6cdc32c4a8,,4,publikasi
83b82259-a2a9-4184-a1b2-7ee2b1643510,view_page,Tingkat Kemiskinan,android,user_18_indah_sari_18@example.com,2026-08-28T05:18:01.389229+00:00,,,2,fitur
ffe7fbad-f764-4c25-8b65-3e08d3fc68b4,view_page,Perkembangan Indeks Harga Konsumen / Inflasi Kota Malang 2024,ios,device_04fc4a94,2026-08-28T05:29:50.806082+00:00,153eb443-bf3a-4972-91d8-9789b011510b,,1,brs
49c34c9f-36a2-44a2-97a8-93a1b12880b6,view_page,Indeks Pembangunan Manusia (IPM) Kota Malang 2023,ios,device_05cce64d,2026-08-28T05:37:24.728394+00:00,b77e7e0a-b2da-418b-8f86-6cc73c24254a,,4,brs
c16a1023-804f-45e5-891c-1b68c617815e,view_page,Gini Rasio Kota Malang,android,device_88283ad1,2026-08-28T06:49:01.301273+00:00,,,7,fitur
68a7b788-9cb8-4d75-9d59-87727247e757,view_pdf,"Statistik Pertanian, Peternakan, dan Hortikultura Kota Malang 2023",ios,device_52931df5,2026-08-28T06:52:08.504412+00:00,821622ab-94f7-498c-b216-82c39b77ef9d,,6,publikasi
101c0f65-aff9-45e2-81d0-bf3e8abfcb1c,view_page,Tingkat Ketimpangan Pengeluaran Penduduk (Gini Ratio) Kota Malang 2023,android,device_6db1e2a9,2026-08-28T07:28:05.337624+00:00,d8f046d4-0fd0-424e-9b7d-1ad89485766a,,7,brs
bc6b55a5-3ad8-4fea-86a3-b760f5593931,view_pdf,Produk Domestik Regional Bruto Kota Malang Menurut Lapangan Usaha 2023,android,user_20_oki_setiawan_20@example.com,2026-08-28T09:16:33.484157+00:00,b4138e54-6653-472c-ae8b-b01fa86a3b0e,,1,publikasi
51407f4b-e594-4ea3-8ffc-a693fb212dc8,view_page,Produk Domestik Regional Bruto Kota Malang Menurut Lapangan Usaha 2023,android,user_22_lukman_hakim_22@example.com,2026-08-28T11:27:07.532623+00:00,b4138e54-6653-472c-ae8b-b01fa86a3b0e,,1,publikasi
ec45722a-52f1-458c-8e58-5e5129136376,view_page,Penduduk Menurut Jenis Kelamin,android,device_75d4e6b1,2026-08-28T12:01:11.875101+00:00,,,5,fitur
4cc4acd2-3ec1-426c-9a5c-8103019d1ef5,view_page,Laju Pertumbuhan Ekonomi (LPE) Kota Malang Triwulan II 2024,android,device_bf3a5d5b,2026-08-28T13:05:42.040851+00:00,34649ace-ddf1-4f19-aa4e-2f065c52ac56,,1,brs
c333f1f4-0559-41c6-86b9-1ed071b50eb6,view_page,Gini Rasio Kota Malang,android,device_70cce41e,2026-08-28T13:19:09.902145+00:00,,,7,fitur
5b951660-dd7b-45a0-ac4f-181161de5ec5,view_page,Produk Domestik Regional Bruto Kota Malang Menurut Lapangan Usaha 2023,android,device_aa56314e,2026-08-28T15:26:33.815537+00:00,b4138e54-6653-472c-ae8b-b01fa86a3b0e,,1,publikasi
173221e9-2fe4-434c-b8e6-e2dcb45d997b,view_page,Laju Pertumbuhan Ekonomi (LPE) Kota Malang Triwulan II 2024,ios,device_018ad5f7,2026-08-28T15:48:41.113277+00:00,34649ace-ddf1-4f19-aa4e-2f065c52ac56,,1,brs
1ba3b831-cb36-4038-a839-0190ca6d2764,view_page,Tingkat Pengangguran Terbuka (TPT) Berdasarkan Tingkat Pendidikan Kota Malang,ios,device_d43a4c3f,2026-08-28T16:42:51.818777+00:00,2b4ccc8e-b559-4c16-ac4a-59687e9c10bd,,3,publikasi
f7b90ebb-9989-4a2c-b146-8efab8e0484f,view_page,Angka Harapan Hidup dan Harapan Lama Sekolah Kota Malang 2023,android,user_36_siti_rahmawati_36@example.com,2026-08-28T17:38:13.073138+00:00,bfb01c78-0ed2-46dd-9631-7d6cdc32c4a8,,4,publikasi
4db5e3b7-40bb-4ea7-b180-f4f371c83239,download_file,Hasil Sensus Penduduk dan Proyeksi Penduduk Menurut Kecamatan 2023,android,device_8741b3e4,2026-08-28T18:17:03.589157+00:00,d1f9c425-45eb-4e73-b65e-c08d0fad3caf,,5,publikasi
6d28a0f1-c617-4949-80f7-cd35dc2acb55,view_pdf,Tingkat Pengangguran Terbuka (TPT) Berdasarkan Tingkat Pendidikan Kota Malang,android,device_f8e0ac4d,2026-08-28T18:41:53.146543+00:00,2b4ccc8e-b559-4c16-ac4a-59687e9c10bd,,3,publikasi
65e15259-33bb-418e-aeaf-a3643ac476e0,view_pdf,Infografis Capaian IPM Kota Malang Tertinggi di Jawa Timur,android,user_2_dewi_anggraini_2@example.com,2026-08-28T19:28:13.651201+00:00,66f6edee-0df5-41d3-a724-c4f06da0926a,,4,infografis
03ccdace-0ced-4b8b-b493-0e865b30511b,view_page,Produk Domestik Regional Bruto (PDRB),android,device_018ad5f7,2026-08-28T19:43:28.435371+00:00,,,1,fitur
366cda80-1a50-4f8d-8b40-003f4dad5d11,view_page,Keadaan Ketenagakerjaan Kota Malang Agustus 2023,android,device_7db2638c,2026-08-28T21:01:24.082952+00:00,dbb4a727-6747-4aad-95de-33be8902e079,,3,brs
d9d0a4c4-13dc-4780-ae82-07b6d5edbcad,view_pdf,Kota Malang Dalam Angka 2024,android,user_27_yolanda_fransiska_27@example.com,2026-08-28T21:01:32.865987+00:00,4d21cdd5-8bbb-4588-9d75-bdf304eabaa2,,5,publikasi
47fc9ce8-e999-4290-878b-a0e56bb97180,view_page,Infografis Capaian IPM Kota Malang Tertinggi di Jawa Timur,ios,user_39_gita_permata_39@example.com,2026-08-28T21:12:18.738126+00:00,66f6edee-0df5-41d3-a724-c4f06da0926a,,4,infografis
37123475-2662-4d81-ba80-467540dab822,view_page,Statistik Kesejahteraan Rakyat dan Pengeluaran Konsumsi Kota Malang 2023,android,user_33_ahmad_fauzi_33@example.com,2026-08-28T21:41:47.979388+00:00,23a58e84-c462-4bf8-a5ea-c7bc3825a70c,,7,publikasi
b5a9c628-be19-4a92-b993-98713c60059a,view_pdf,Angka Harapan Hidup dan Harapan Lama Sekolah Kota Malang 2023,android,user_40_lukman_hakim_40@example.com,2026-08-28T21:53:57.830801+00:00,bfb01c78-0ed2-46dd-9631-7d6cdc32c4a8,,4,publikasi
13ac919d-5526-41d3-8824-f4dd03a6cc87,view_pdf,Perkembangan Indeks Harga Konsumen / Inflasi Kota Malang 2024,android,device_75d4e6b1,2026-08-28T22:02:47.950618+00:00,153eb443-bf3a-4972-91d8-9789b011510b,,1,brs
9db2c394-c1fa-460c-a7ab-83016a41bbae,view_page,Gini Rasio Kota Malang,android,user_17_budi_santoso_17@example.com,2026-08-28T23:27:46.079206+00:00,,,7,fitur
650bdfc9-d674-430e-9d80-bf665c91326d,view_pdf,Tingkat Ketimpangan Pengeluaran Penduduk (Gini Ratio) Kota Malang 2023,ios,device_f7e7ad1e,2026-08-28T23:42:13.229869+00:00,d8f046d4-0fd0-424e-9b7d-1ad89485766a,,7,brs
f7c3b1d5-b111-4475-a44a-59298456fa43,download_file,Kota Malang Dalam Angka 2024,ios,device_7fc9c339,2026-08-29T02:19:48.706659+00:00,4d21cdd5-8bbb-4588-9d75-bdf304eabaa2,,5,publikasi
edb224d0-e04e-4830-903a-6ea602ba86a5,view_pdf,Kota Malang Dalam Angka 2024,android,device_f7e7ad1e,2026-08-29T03:10:12.824245+00:00,4d21cdd5-8bbb-4588-9d75-bdf304eabaa2,,5,publikasi
4bdb19fe-7932-47dd-bb38-5d50f97c862f,view_pdf,Infografis Capaian IPM Kota Malang Tertinggi di Jawa Timur,android,user_1_yolanda_fransiska_1@example.com,2026-08-29T03:13:06.648091+00:00,66f6edee-0df5-41d3-a724-c4f06da0926a,,4,infografis
43ecea9b-3436-4961-a4cd-fd616622f39d,view_pdf,Tingkat Penghunian Kamar Hotel Kota Malang Semester I 2024,android,user_16_siti_rahmawati_16@example.com,2026-08-29T03:52:12.779742+00:00,73f00342-0b53-43b9-bbcf-1a523751ddda,,1,infografis
4bbdc6e5-a1b2-4300-93bb-3d8462153062,view_page,Perkembangan Indeks Harga Konsumen / Inflasi Kota Malang 2024,android,device_31bb5897,2026-08-29T04:09:58.546627+00:00,153eb443-bf3a-4972-91d8-9789b011510b,,1,brs
aa41da0a-ce9b-4eee-8d26-62db871390fb,view_page,Penduduk Bekerja (IPM),android,user_19_gita_permata_19@example.com,2026-08-29T04:47:38.652143+00:00,,,4,fitur
66b2bdc3-662d-444b-af98-28509f26aea6,view_page,Infografis Capaian IPM Kota Malang Tertinggi di Jawa Timur,android,device_aa56314e,2026-08-29T04:52:58.861956+00:00,66f6edee-0df5-41d3-a724-c4f06da0926a,,4,infografis
b960169b-9043-4897-9019-dda55da61402,view_pdf,Kepadatan dan Piramida Penduduk Kota Malang,android,user_47_nurul_hidayah_47@example.com,2026-08-29T05:22:32.338136+00:00,9a440ecf-18b0-4c1f-86e3-1793d657fe60,,5,infografis
25998fa6-73ce-4493-88e4-9dbd6b7ce443,view_pdf,Luas Panen dan Produksi Padi di Kota Malang 2023 (Angka Tetap),android,device_4c5e8a4b,2026-08-29T05:58:50.666790+00:00,53ccbf55-ec6c-41ee-b286-a287c99906a8,,6,brs
35e3adbf-14f4-4854-b917-cfe23248d514,view_page,Laju Pertumbuhan Ekonomi (LPE) Kota Malang Triwulan II 2024,ios,device_b8dad4f2,2026-08-29T07:24:08.761171+00:00,34649ace-ddf1-4f19-aa4e-2f065c52ac56,,1,brs
eb926dbc-cc72-4505-a2bf-7fd0ad5749bb,view_pdf,Indeks Pembangunan Manusia (IPM) Kota Malang 2023,android,device_8659e198,2026-08-29T10:46:39.677576+00:00,b77e7e0a-b2da-418b-8f86-6cc73c24254a,,4,brs
913addb9-b4f0-4be4-b855-21b14d219857,view_page,Infografis Capaian IPM Kota Malang Tertinggi di Jawa Timur,android,device_bb002908,2026-08-29T11:34:58.843138+00:00,66f6edee-0df5-41d3-a724-c4f06da0926a,,4,infografis
48da491e-1a65-437a-9868-251bb0f9079f,view_pdf,Kepadatan dan Piramida Penduduk Kota Malang,android,user_9_dewi_anggraini_9@example.com,2026-08-29T12:37:01.272782+00:00,9a440ecf-18b0-4c1f-86e3-1793d657fe60,,5,infografis
25725821-e0a0-4f0d-b170-c68e8549a91c,view_page,Penduduk Menurut Kecamatan,ios,device_7db2638c,2026-08-29T13:07:00.303519+00:00,,,5,fitur
07376296-9d5e-469f-8a0e-9b1d35d4f4a3,view_page,Tingkat Penghunian Kamar Hotel Kota Malang Semester I 2024,android,device_ac1adb92,2026-08-29T13:09:30.936094+00:00,73f00342-0b53-43b9-bbcf-1a523751ddda,,1,infografis
3a9fa91f-6660-4be2-9dbf-7f3cc413779d,view_page,Perkembangan Indeks Harga Konsumen / Inflasi Kota Malang 2024,android,user_42_taufik_hidayat_42@example.com,2026-08-29T14:22:10.884332+00:00,153eb443-bf3a-4972-91d8-9789b011510b,,1,brs
72912008-f7b9-4f10-ab23-fa1b1d8fa865,view_page,Tingkat Pengangguran Terbuka (TPT) Berdasarkan Tingkat Pendidikan Kota Malang,android,device_88283ad1,2026-08-29T14:47:38.179753+00:00,2b4ccc8e-b559-4c16-ac4a-59687e9c10bd,,3,publikasi
e64a2e22-e7a4-449f-b90f-7a425b7c29ff,download_file,Garis Kemiskinan dan Jumlah Penduduk Miskin Kota Malang,android,user_44_rian_pratama_44@example.com,2026-08-29T15:32:41.535439+00:00,92628f5b-aa64-41bb-a679-f0b01507a173,,2,infografis
80e2e751-88d1-4512-9978-23d859d75bee,view_pdf,Garis Kemiskinan dan Jumlah Penduduk Miskin Kota Malang,android,user_22_lukman_hakim_22@example.com,2026-08-29T17:04:47.831873+00:00,92628f5b-aa64-41bb-a679-f0b01507a173,,2,infografis
c3363b48-9e56-45dd-8436-3315966da699,view_page,"Statistik Pertanian, Peternakan, dan Hortikultura Kota Malang 2023",ios,user_25_rian_pratama_25@example.com,2026-08-29T17:20:17.336643+00:00,821622ab-94f7-498c-b216-82c39b77ef9d,,6,publikasi
bc73474a-3c66-4838-b78b-bfd3d86e7775,view_pdf,Statistik Kesejahteraan Rakyat dan Pengeluaran Konsumsi Kota Malang 2023,android,device_00fd2976,2026-08-29T17:32:50.728024+00:00,23a58e84-c462-4bf8-a5ea-c7bc3825a70c,,7,publikasi
b13748d1-aa10-4178-82c7-4dcc5acc945e,view_page,Tingkat Ketimpangan Pengeluaran Penduduk (Gini Ratio) Kota Malang 2023,android,user_26_zulfa_azizah_26@example.com,2026-08-29T18:20:56.889761+00:00,d8f046d4-0fd0-424e-9b7d-1ad89485766a,,7,brs
dbb756e2-4e11-4532-97bc-5f4ce98dae47,view_pdf,Garis Kemiskinan dan Jumlah Penduduk Miskin Kota Malang,android,user_44_rian_pratama_44@example.com,2026-08-29T18:25:22.097323+00:00,92628f5b-aa64-41bb-a679-f0b01507a173,,2,infografis
8caf8a77-b085-4cda-ba0b-7bf5588ff886,view_page,Laju Pertumbuhan Ekonomi,android,device_25e07130,2026-08-29T18:35:58.258651+00:00,,,1,fitur
34b9a2b9-c513-40ec-bb21-2ecee242e4af,view_page,Kota Malang Dalam Angka 2024,android,user_31_lukman_hakim_31@example.com,2026-08-29T18:49:20.515148+00:00,4d21cdd5-8bbb-4588-9d75-bdf304eabaa2,,5,publikasi
74cb6e8a-1f1c-4e0b-8d89-2ed4bd0fd706,view_pdf,Luas Panen dan Produksi Padi di Kota Malang 2023 (Angka Tetap),android,user_5_taufik_hidayat_5@example.com,2026-08-29T18:50:46.815350+00:00,53ccbf55-ec6c-41ee-b286-a287c99906a8,,6,brs
62c9ada7-0af7-4cdb-883e-cde8c9a537b4,view_page,Laju Pertumbuhan Ekonomi (LPE) Kota Malang Triwulan II 2024,ios,user_44_rian_pratama_44@example.com,2026-08-29T18:58:02.646590+00:00,34649ace-ddf1-4f19-aa4e-2f065c52ac56,,1,brs
6d1798d9-96f4-4bad-80fd-120183d5324f,view_page,Produk Domestik Regional Bruto (PDRB),ios,user_46_nurul_hidayah_46@example.com,2026-08-29T19:50:12.090608+00:00,,,1,fitur
340bc77b-fa87-4785-ba70-07593c1b14d9,download_file,Tingkat Penghunian Kamar Hotel Kota Malang Semester I 2024,android,device_37f4a7b9,2026-08-29T20:16:38.779353+00:00,73f00342-0b53-43b9-bbcf-1a523751ddda,,1,infografis
b70548b1-8c48-4dfe-a2e6-3d9ef786bff1,view_pdf,Garis Kemiskinan dan Jumlah Penduduk Miskin Kota Malang,android,device_ac1adb92,2026-08-29T20:24:07.092280+00:00,92628f5b-aa64-41bb-a679-f0b01507a173,,2,infografis
4aaf0bba-634a-41a2-ba9b-659224d790f7,view_pdf,Indeks Kedalaman dan Keparahan Kemiskinan Kota Malang 2019-2023,android,device_aa56314e,2026-08-29T21:47:26.511473+00:00,849d2910-63e6-42b9-bc4d-f43f9d152bcf,,2,publikasi
bd6678c6-8af4-46bb-be0e-c6d795881714,view_page,Produksi Padi & Beras,android,user_44_rian_pratama_44@example.com,2026-08-29T22:16:41.391311+00:00,,,6,fitur
d7936377-6c24-4b84-8944-e51c3ba9acd8,view_page,Perkembangan Indeks Harga Konsumen / Inflasi Kota Malang 2024,ios,device_fd476588,2026-08-29T22:19:05.675583+00:00,153eb443-bf3a-4972-91d8-9789b011510b,,1,brs
9a119a3f-4b20-494a-8aa6-5206b546fa50,view_page,Tingkat Pengangguran Terbuka (TPT) Berdasarkan Tingkat Pendidikan Kota Malang,android,device_d43a4c3f,2026-08-29T23:33:35.289762+00:00,2b4ccc8e-b559-4c16-ac4a-59687e9c10bd,,3,publikasi
5d476482-5467-4eb5-a174-d3d422b4a711,view_page,Gini Rasio Kota Malang,android,user_30_yolanda_fransiska_30@example.com,2026-08-30T00:33:06.144371+00:00,,,7,fitur
44afe0b9-c8e2-4a65-8a1c-df7af57c0ebd,view_page,"Statistik Pertanian, Peternakan, dan Hortikultura Kota Malang 2023",ios,device_33720fe8,2026-08-30T00:35:15.018882+00:00,821622ab-94f7-498c-b216-82c39b77ef9d,,6,publikasi
3d13d04f-c71f-485f-8b64-6a360959b589,view_page,Tingkat Ketimpangan Pengeluaran Penduduk (Gini Ratio) Kota Malang 2023,android,device_ac1adb92,2026-08-30T00:47:29.251029+00:00,d8f046d4-0fd0-424e-9b7d-1ad89485766a,,7,brs
44d40df0-30ad-4dd1-9e70-02d8f37ba74e,view_page,Kepadatan dan Piramida Penduduk Kota Malang,android,device_31bb5897,2026-08-30T01:27:24.029280+00:00,9a440ecf-18b0-4c1f-86e3-1793d657fe60,,5,infografis
685b09e8-32f5-459b-8a4f-45170a17540f,view_page,Gini Rasio Kota Malang,android,device_04fc4a94,2026-08-30T03:18:56.300311+00:00,,,7,fitur
1bae0861-78e3-46d7-be29-604af631cd41,view_pdf,Indeks Kedalaman dan Keparahan Kemiskinan Kota Malang 2019-2023,android,user_39_gita_permata_39@example.com,2026-08-30T03:42:30.285731+00:00,849d2910-63e6-42b9-bc4d-f43f9d152bcf,,2,publikasi
fe9e07aa-37dc-4b75-aa0d-76f1922892d4,view_page,Inflasi Bulanan Kota Malang,android,user_23_rizky_firmansyah_23@example.com,2026-08-30T04:04:06.900844+00:00,,,1,fitur
9ac49d1a-be3b-4070-bea4-cf925781a195,view_page,Kota Malang Dalam Angka 2024,ios,user_48_dewi_anggraini_48@example.com,2026-08-30T04:54:38.803292+00:00,4d21cdd5-8bbb-4588-9d75-bdf304eabaa2,,5,publikasi
b0c3c208-e34e-4914-ae09-e812d3c2852c,view_pdf,Tingkat Penghunian Kamar Hotel Kota Malang Semester I 2024,android,device_7db2638c,2026-08-30T06:13:44.267078+00:00,73f00342-0b53-43b9-bbcf-1a523751ddda,,1,infografis
bc7609a4-ba35-49f2-b63d-18183760649b,view_pdf,Garis Kemiskinan dan Jumlah Penduduk Miskin Kota Malang,android,device_aa56314e,2026-08-30T06:35:58.688790+00:00,92628f5b-aa64-41bb-a679-f0b01507a173,,2,infografis
2ea45ead-6f19-423e-9521-287a0e2b70e1,view_page,Laju Pertumbuhan Ekonomi (LPE) Kota Malang Triwulan II 2024,android,user_44_rian_pratama_44@example.com,2026-08-30T07:26:13.383472+00:00,34649ace-ddf1-4f19-aa4e-2f065c52ac56,,1,brs
14a47e65-2f40-4fd0-88d2-c126e95298b2,view_pdf,Kepadatan dan Piramida Penduduk Kota Malang,android,device_20a9d480,2026-08-30T08:08:24.712164+00:00,9a440ecf-18b0-4c1f-86e3-1793d657fe60,,5,infografis
c005e665-a815-477a-8291-f7672c3bd2e8,view_pdf,Kepadatan dan Piramida Penduduk Kota Malang,android,device_b8dad4f2,2026-08-30T08:58:45.896005+00:00,9a440ecf-18b0-4c1f-86e3-1793d657fe60,,5,infografis
083bcc25-371a-444a-a60f-922072cf17b7,view_page,Penduduk Menurut Kecamatan,android,user_27_yolanda_fransiska_27@example.com,2026-08-30T08:58:56.182127+00:00,,,5,fitur
fd324de6-32c5-4040-8e11-faabe271fee7,view_page,Laju Pertumbuhan Ekonomi (LPE) Kota Malang Triwulan II 2024,android,user_41_hadi_wijaya_41@example.com,2026-08-30T09:03:25.285283+00:00,34649ace-ddf1-4f19-aa4e-2f065c52ac56,,1,brs
a1608c62-af41-400e-bd9d-0e65afafb4e7,view_page,Harapan Lama Sekolah,ios,device_05cce64d,2026-08-30T10:07:56.007662+00:00,,,4,fitur
1242f943-43e4-45bc-82d9-496234ed69a7,view_page,Tingkat Kemiskinan,android,device_70cce41e,2026-08-30T10:33:14.235034+00:00,,,2,fitur
0de1768f-294b-4d67-94c5-6c82700ca6ff,view_pdf,Luas Panen dan Produksi Padi di Kota Malang 2023 (Angka Tetap),ios,device_33720fe8,2026-08-30T10:58:58.790985+00:00,53ccbf55-ec6c-41ee-b286-a287c99906a8,,6,brs
d2e2eec7-b8d3-48a0-880f-6417673c0e0f,view_page,Perkembangan Indeks Harga Konsumen / Inflasi Kota Malang 2024,android,device_37f4a7b9,2026-08-30T11:03:49.014395+00:00,153eb443-bf3a-4972-91d8-9789b011510b,,1,brs
d2a26f51-cdbb-4065-9b7b-7c872cf2ec7d,download_file,Laju Pertumbuhan Ekonomi (LPE) Kota Malang Triwulan II 2024,android,device_b8dad4f2,2026-08-30T11:27:54.689966+00:00,34649ace-ddf1-4f19-aa4e-2f065c52ac56,,1,brs
3da399e0-2bca-4d73-825f-25b035f8d044,view_pdf,Produk Domestik Regional Bruto Kota Malang Menurut Lapangan Usaha 2023,ios,user_24_zulfa_azizah_24@example.com,2026-08-30T12:32:31.347180+00:00,b4138e54-6653-472c-ae8b-b01fa86a3b0e,,1,publikasi
886781b0-636a-463f-bc47-e1edb36fed6a,download_file,Keadaan Ketenagakerjaan Kota Malang Agustus 2023,android,user_23_rizky_firmansyah_23@example.com,2026-08-30T12:38:09.965589+00:00,dbb4a727-6747-4aad-95de-33be8902e079,,3,brs
717fe36b-74c3-496f-bde7-7dfd6831463f,view_pdf,Laju Pertumbuhan Ekonomi (LPE) Kota Malang Triwulan II 2024,android,device_d43a4c3f,2026-08-30T13:21:37.037585+00:00,34649ace-ddf1-4f19-aa4e-2f065c52ac56,,1,brs
a541fc9c-1598-4a3c-9319-37074e8785d0,view_pdf,Produk Domestik Regional Bruto Kota Malang Menurut Lapangan Usaha 2023,ios,device_31bb5897,2026-08-30T13:30:30.053372+00:00,b4138e54-6653-472c-ae8b-b01fa86a3b0e,,1,publikasi
80e44c78-21cc-4fd2-a8b9-4c687414b249,view_page,Hasil Sensus Penduduk dan Proyeksi Penduduk Menurut Kecamatan 2023,android,user_31_lukman_hakim_31@example.com,2026-08-30T14:04:32.873350+00:00,d1f9c425-45eb-4e73-b65e-c08d0fad3caf,,5,publikasi
1d0484cb-6ea6-46c8-9b03-8c1d140d0128,view_page,Produksi Padi & Beras,android,user_15_nabila_syahrani_15@example.com,2026-08-30T14:04:47.301530+00:00,,,6,fitur
f1444447-8509-450f-b6fb-4a0e37c77e9d,view_page,Garis Kemiskinan dan Jumlah Penduduk Miskin Kota Malang,android,device_fd476588,2026-08-30T14:31:57.902284+00:00,92628f5b-aa64-41bb-a679-f0b01507a173,,2,infografis
de2f68cc-f0cf-4385-85ce-60bb792c2a28,download_file,Tingkat Partisipasi Angkatan Kerja (TPAK) Kota Malang,android,user_6_dimas_arya_6@example.com,2026-08-30T14:54:35.355678+00:00,0ad0a195-2b38-4f46-b205-0ca879fa1dbd,,3,infografis
2b5b8363-d66f-45a2-b5e2-c6b9393cfed0,download_file,Kota Malang Dalam Angka 2024,ios,device_25e07130,2026-08-30T15:19:54.135113+00:00,4d21cdd5-8bbb-4588-9d75-bdf304eabaa2,,5,publikasi
9136c009-42ba-47ab-bae3-cff97fcf0269,view_page,Kepadatan dan Piramida Penduduk Kota Malang,android,device_75d4e6b1,2026-08-30T15:25:48.754811+00:00,9a440ecf-18b0-4c1f-86e3-1793d657fe60,,5,infografis
adf92d90-5e2e-47d7-87a3-63eb9dc0fa6d,view_page,Perkembangan Indeks Harga Konsumen / Inflasi Kota Malang 2024,android,device_ac1adb92,2026-08-30T16:35:27.375279+00:00,153eb443-bf3a-4972-91d8-9789b011510b,,1,brs
acd42f01-2aae-4d28-8ee2-2a0663766d85,download_file,Laju Pertumbuhan Ekonomi (LPE) Kota Malang Triwulan II 2024,ios,user_16_siti_rahmawati_16@example.com,2026-08-30T16:45:16.719737+00:00,34649ace-ddf1-4f19-aa4e-2f065c52ac56,,1,brs
6be330c4-a7db-4bf6-99a7-5f232c131f23,view_pdf,Kota Malang Dalam Angka 2024,android,device_018ad5f7,2026-08-30T17:35:25.659190+00:00,4d21cdd5-8bbb-4588-9d75-bdf304eabaa2,,5,publikasi
8d51173d-1fe8-4d95-942f-bcabaeb797c5,view_page,Inflasi Bulanan Kota Malang,android,device_737eae19,2026-08-30T17:38:10.148992+00:00,,,1,fitur
60a83279-4995-46ad-a594-15f6f1a32db2,view_page,Produk Domestik Regional Bruto Kota Malang Menurut Lapangan Usaha 2023,android,user_44_rian_pratama_44@example.com,2026-08-30T18:21:36.826055+00:00,b4138e54-6653-472c-ae8b-b01fa86a3b0e,,1,publikasi
f246486d-3b68-4936-83c6-75d2e1448489,view_pdf,Tingkat Ketimpangan Pengeluaran Penduduk (Gini Ratio) Kota Malang 2023,ios,device_04fc4a94,2026-08-30T18:24:18.829059+00:00,d8f046d4-0fd0-424e-9b7d-1ad89485766a,,7,brs
9e8df46b-f75d-4552-9ae5-140393a081aa,view_page,Penduduk Bekerja (IPM),android,device_52931df5,2026-08-30T18:36:30.865253+00:00,,,4,fitur
c18fd804-f6b8-49f3-a93f-0dd122b3418b,view_page,Laju Pertumbuhan Ekonomi,android,user_49_hadi_wijaya_49@example.com,2026-08-30T19:18:43.724799+00:00,,,1,fitur
4b806ac8-c5e1-4777-9e58-280840ed166a,view_page,Produk Domestik Regional Bruto (PDRB),ios,device_ff877645,2026-08-30T19:37:04.628163+00:00,,,1,fitur
a519cff4-5f2e-4ad0-8c7e-a1320407a225,view_page,Produk Domestik Regional Bruto (PDRB),android,device_52931df5,2026-08-30T19:54:55.418219+00:00,,,1,fitur
f7f0d994-abb8-43ae-955e-521edbdb5b4d,view_pdf,Garis Kemiskinan dan Jumlah Penduduk Miskin Kota Malang,android,device_20a9d480,2026-08-30T20:34:02.716266+00:00,92628f5b-aa64-41bb-a679-f0b01507a173,,2,infografis
af1902ea-d274-46ff-94a7-f9e358b6677d,view_page,Indeks Kedalaman Kemiskinan,android,user_44_rian_pratama_44@example.com,2026-08-30T21:20:37.822620+00:00,,,2,fitur
e79d9959-e712-4dfd-a15a-da39dce67a43,view_pdf,Angka Harapan Hidup dan Harapan Lama Sekolah Kota Malang 2023,android,user_37_siti_rahmawati_37@example.com,2026-08-30T21:37:26.278801+00:00,bfb01c78-0ed2-46dd-9631-7d6cdc32c4a8,,4,publikasi
9e2c1c4b-1cd4-476b-9b78-b337e709ee16,view_page,Penduduk Menurut Jenis Kelamin,android,device_f7e7ad1e,2026-08-30T22:15:23.639648+00:00,,,5,fitur
a3de031d-7687-4271-8094-794e4ab2ed52,view_page,Kepadatan dan Piramida Penduduk Kota Malang,android,device_9bbb3fdb,2026-08-30T22:18:06.663088+00:00,9a440ecf-18b0-4c1f-86e3-1793d657fe60,,5,infografis
2c3632fc-3838-4895-a8da-311952a0d01f,download_file,Tingkat Partisipasi Angkatan Kerja (TPAK) Kota Malang,android,user_49_hadi_wijaya_49@example.com,2026-08-30T23:14:39.315974+00:00,0ad0a195-2b38-4f46-b205-0ca879fa1dbd,,3,infografis
9a65a4b5-ecda-493b-a93f-322a603ea8fa,view_page,Produk Domestik Regional Bruto Kota Malang Menurut Lapangan Usaha 2023,ios,user_46_nurul_hidayah_46@example.com,2026-08-30T23:42:38.031899+00:00,b4138e54-6653-472c-ae8b-b01fa86a3b0e,,1,publikasi
8e044dfb-ae98-447f-9917-21cc053399d6,download_file,Tingkat Ketimpangan Pengeluaran Penduduk (Gini Ratio) Kota Malang 2023,android,device_86adf413,2026-08-30T23:50:30.805885+00:00,d8f046d4-0fd0-424e-9b7d-1ad89485766a,,7,brs
a5f02dd0-0c58-4a57-b18f-028546147d44,view_pdf,"Statistik Pertanian, Peternakan, dan Hortikultura Kota Malang 2023",android,device_8741b3e4,2026-08-31T01:10:13.478936+00:00,821622ab-94f7-498c-b216-82c39b77ef9d,,6,publikasi
c4452cbb-26fb-4d02-afcb-7c21559a66fb,view_page,Penduduk Menurut Jenis Kelamin,android,device_9bbb3fdb,2026-08-31T01:13:34.979056+00:00,,,5,fitur
3c6cc2dc-e073-4331-ad60-fe1bbc579632,view_pdf,Tingkat Ketimpangan Pengeluaran Penduduk (Gini Ratio) Kota Malang 2023,android,device_00fd2976,2026-08-31T01:41:12.562437+00:00,d8f046d4-0fd0-424e-9b7d-1ad89485766a,,7,brs
626ebe9e-82f3-4206-9220-c4a91fb855cb,view_page,Kota Malang Dalam Angka 2024,android,device_75d4e6b1,2026-08-31T01:42:34.291915+00:00,4d21cdd5-8bbb-4588-9d75-bdf304eabaa2,,5,publikasi
8f29d266-c279-4dc1-8c4c-96c724ecc4d4,view_page,Laju Pertumbuhan Ekonomi,ios,device_25e07130,2026-08-31T02:57:07.405894+00:00,,,1,fitur
f73f8034-22d6-4815-8a79-528bd316f266,view_page,Produk Domestik Regional Bruto (PDRB),android,user_38_gita_permata_38@example.com,2026-08-31T03:42:41.611803+00:00,,,1,fitur
da5dac8b-c930-4abb-8c7d-4b3e4a24c9cf,download_file,Laju Pertumbuhan Ekonomi (LPE) Kota Malang Triwulan II 2024,android,device_ac1adb92,2026-08-31T03:48:44.413498+00:00,34649ace-ddf1-4f19-aa4e-2f065c52ac56,,1,brs
9cd4752f-a3f2-4ff1-9ba8-1b83277753f8,view_pdf,Tingkat Penghunian Kamar Hotel Kota Malang Semester I 2024,android,user_23_rizky_firmansyah_23@example.com,2026-08-31T04:29:45.461948+00:00,73f00342-0b53-43b9-bbcf-1a523751ddda,,1,infografis
526e8033-be5b-42cc-8654-4f20e52dd54a,download_file,Infografis Capaian IPM Kota Malang Tertinggi di Jawa Timur,android,device_6fe823ba,2026-08-31T04:51:35.744923+00:00,66f6edee-0df5-41d3-a724-c4f06da0926a,,4,infografis
e0d63deb-a521-414e-9991-d7d29aa8fa57,download_file,Profil Kemiskinan Kota Malang Tahun 2023,android,device_55e8f06e,2026-08-31T04:58:40.623850+00:00,29c70151-0b4a-4225-8eb2-eb5abce97b15,,2,brs
5ba7429c-e92b-4c94-9630-bdfb4066ee02,view_page,Hasil Sensus Penduduk dan Proyeksi Penduduk Menurut Kecamatan 2023,android,device_2662ff67,2026-08-31T05:17:14.453104+00:00,d1f9c425-45eb-4e73-b65e-c08d0fad3caf,,5,publikasi
498c2929-391a-470a-8598-e51a69f270d8,view_page,Angka Harapan Hidup dan Harapan Lama Sekolah Kota Malang 2023,android,device_8659e198,2026-08-31T05:33:41.428058+00:00,bfb01c78-0ed2-46dd-9631-7d6cdc32c4a8,,4,publikasi
bd54341b-1ce3-4796-9f9a-ee3050d00ce2,view_pdf,Garis Kemiskinan dan Jumlah Penduduk Miskin Kota Malang,android,device_9bbb3fdb,2026-08-31T05:43:39.362576+00:00,92628f5b-aa64-41bb-a679-f0b01507a173,,2,infografis
f6c2832c-8cf1-407b-8589-dcc0a38a7d86,view_page,Indeks Pembangunan Manusia (IPM) Kota Malang 2023,android,device_2662ff67,2026-08-31T05:45:38.429642+00:00,b77e7e0a-b2da-418b-8f86-6cc73c24254a,,4,brs
6901a93f-49f4-4ad4-94e9-f547fae09329,view_pdf,Kepadatan dan Piramida Penduduk Kota Malang,android,user_28_ahmad_fauzi_28@example.com,2026-08-31T06:12:13.445544+00:00,9a440ecf-18b0-4c1f-86e3-1793d657fe60,,5,infografis
07f99f17-5b2a-4688-9d1d-ace973407820,view_pdf,"Statistik Pertanian, Peternakan, dan Hortikultura Kota Malang 2023",ios,user_31_lukman_hakim_31@example.com,2026-08-31T06:43:14.546731+00:00,821622ab-94f7-498c-b216-82c39b77ef9d,,6,publikasi
5ce8b0a1-59a9-47b6-964a-77b11dd32512,view_page,Penduduk Menurut Kecamatan,android,user_8_indah_sari_8@example.com,2026-08-31T06:50:10.243090+00:00,,,5,fitur
50e5fac0-bdee-43b2-8fe9-e817a482796b,view_pdf,Profil Kemiskinan Kota Malang Tahun 2023,android,device_05c90f14,2026-08-31T07:57:46.767516+00:00,29c70151-0b4a-4225-8eb2-eb5abce97b15,,2,brs
e232402d-77b6-4f8a-83eb-a85d3a3d310b,view_pdf,Tingkat Penghunian Kamar Hotel Kota Malang Semester I 2024,android,device_ac1adb92,2026-08-31T08:04:31.063033+00:00,73f00342-0b53-43b9-bbcf-1a523751ddda,,1,infografis
e1c0afe6-611f-4409-a504-08e02ae5a221,view_page,Harapan Lama Sekolah,ios,device_31bb5897,2026-08-31T08:23:31.255117+00:00,,,4,fitur
98a65744-450d-4f51-ba21-6c6e802bad1a,view_page,Produk Domestik Regional Bruto (PDRB),android,device_7fc9c339,2026-08-31T08:53:30.137350+00:00,,,1,fitur
151d1be8-0621-42eb-ae8e-2f4a76bf6450,view_page,Inflasi Bulanan Kota Malang,ios,device_71e576a8,2026-08-31T09:10:37.251049+00:00,,,1,fitur
6e0cdf14-dc1c-4e7a-8afc-0e5a5830e58c,view_page,Perkembangan Indeks Harga Konsumen / Inflasi Kota Malang 2024,android,user_8_indah_sari_8@example.com,2026-08-31T10:41:09.558727+00:00,153eb443-bf3a-4972-91d8-9789b011510b,,1,brs
85321269-d6fb-40f5-89ae-c0af9428f2f5,view_page,Laju Pertumbuhan Ekonomi,android,user_29_rian_pratama_29@example.com,2026-08-31T11:11:14.910701+00:00,,,1,fitur
fb040f47-6030-4888-988d-6d4c2180f440,view_page,Keadaan Ketenagakerjaan Kota Malang Agustus 2023,android,device_ff636399,2026-08-31T12:05:15.216777+00:00,dbb4a727-6747-4aad-95de-33be8902e079,,3,brs
1dbfd4f3-50e1-48b7-97d1-4384fb6cd3ad,view_pdf,Tingkat Ketimpangan Pengeluaran Penduduk (Gini Ratio) Kota Malang 2023,android,device_9b20524d,2026-08-31T13:43:41.315202+00:00,d8f046d4-0fd0-424e-9b7d-1ad89485766a,,7,brs
9353ba5f-3bf6-4237-bc9e-78e79565e199,view_page,Indeks Pembangunan Manusia (IPM) Kota Malang 2023,ios,device_05cce64d,2026-08-31T13:54:07.135910+00:00,b77e7e0a-b2da-418b-8f86-6cc73c24254a,,4,brs
6756a9d3-9666-4815-9d46-5bcf2327f6f0,view_page,Produk Domestik Regional Bruto Kota Malang Menurut Lapangan Usaha 2023,android,device_71e576a8,2026-08-31T14:46:14.196221+00:00,b4138e54-6653-472c-ae8b-b01fa86a3b0e,,1,publikasi
091f2a15-2c9f-4b86-81ad-ef2b5cf794bf,view_page,Penduduk Menurut Kecamatan,android,user_50_fajar_nugroho_50@example.com,2026-08-31T15:51:03.183123+00:00,,,5,fitur
897b7cd0-2a41-48ed-8171-620821eead86,download_file,Tingkat Penghunian Kamar Hotel Kota Malang Semester I 2024,android,user_8_indah_sari_8@example.com,2026-08-31T17:24:38.441668+00:00,73f00342-0b53-43b9-bbcf-1a523751ddda,,1,infografis
69ba1c30-b6b1-4d78-a6cf-a543b841894d,view_pdf,Angka Harapan Hidup dan Harapan Lama Sekolah Kota Malang 2023,android,user_6_dimas_arya_6@example.com,2026-08-31T17:29:41.118523+00:00,bfb01c78-0ed2-46dd-9631-7d6cdc32c4a8,,4,publikasi
c3308aef-e070-4502-b5be-3c29c9da8128,view_pdf,Perkembangan Indeks Harga Konsumen / Inflasi Kota Malang 2024,android,device_ff636399,2026-08-31T17:32:57.504844+00:00,153eb443-bf3a-4972-91d8-9789b011510b,,1,brs
9b9dd2a6-2730-44fb-95bd-fa19143a755f,download_file,Indeks Kedalaman dan Keparahan Kemiskinan Kota Malang 2019-2023,android,user_48_dewi_anggraini_48@example.com,2026-08-31T17:33:53.346490+00:00,849d2910-63e6-42b9-bc4d-f43f9d152bcf,,2,publikasi
f3df40d9-b1db-4c43-b498-9dbec5a98d39,view_pdf,Keadaan Ketenagakerjaan Kota Malang Agustus 2023,android,user_16_siti_rahmawati_16@example.com,2026-08-31T17:44:12.704609+00:00,dbb4a727-6747-4aad-95de-33be8902e079,,3,brs
af410e21-ab6c-4536-8e70-99f9e83dec24,view_pdf,Statistik Kesejahteraan Rakyat dan Pengeluaran Konsumsi Kota Malang 2023,android,device_04fc4a94,2026-08-31T18:01:48.347556+00:00,23a58e84-c462-4bf8-a5ea-c7bc3825a70c,,7,publikasi
9f6fd6eb-22a3-4614-bca9-1b179aa2f13f,view_pdf,Profil Kemiskinan Kota Malang Tahun 2023,android,user_23_rizky_firmansyah_23@example.com,2026-08-31T18:30:26.505602+00:00,29c70151-0b4a-4225-8eb2-eb5abce97b15,,2,brs
d9dd111e-a663-48f3-be59-67f41972260c,view_page,Indeks Pembangunan Manusia (IPM) Kota Malang 2023,android,device_20a9d480,2026-08-31T19:15:24.923157+00:00,b77e7e0a-b2da-418b-8f86-6cc73c24254a,,4,brs
0eb60d8a-3f00-489e-b4f0-091af7740b34,view_page,Tingkat Partisipasi Angkatan Kerja (TPAK) Kota Malang,android,device_55e8f06e,2026-08-31T19:35:45.614690+00:00,0ad0a195-2b38-4f46-b205-0ca879fa1dbd,,3,infografis
ad7c63ac-8dcf-404f-a854-6e8e977b9070,view_page,Gini Rasio Kota Malang,ios,user_46_nurul_hidayah_46@example.com,2026-08-31T19:41:40.600358+00:00,,,7,fitur
2d7f986a-df3d-4ee3-ac6f-ff2a22d11958,view_pdf,Profil Kemiskinan Kota Malang Tahun 2023,android,device_aa56314e,2026-08-31T19:55:43.900170+00:00,29c70151-0b4a-4225-8eb2-eb5abce97b15,,2,brs
65ef0d1f-3c8e-48c7-a0e7-9742f836eff4,view_pdf,Angka Harapan Hidup dan Harapan Lama Sekolah Kota Malang 2023,android,device_6fe823ba,2026-08-31T19:57:18.106931+00:00,bfb01c78-0ed2-46dd-9631-7d6cdc32c4a8,,4,publikasi
ea511ccb-5177-4a4d-a20a-1c8ffe598722,view_page,Indeks Kedalaman dan Keparahan Kemiskinan Kota Malang 2019-2023,android,user_21_indah_sari_21@example.com,2026-08-31T20:34:15.620017+00:00,849d2910-63e6-42b9-bc4d-f43f9d152bcf,,2,publikasi
df5c413b-548e-42e1-a1f8-ac4ac82e7edb,view_page,Indeks Kedalaman dan Keparahan Kemiskinan Kota Malang 2019-2023,android,user_22_lukman_hakim_22@example.com,2026-08-31T21:29:57.637326+00:00,849d2910-63e6-42b9-bc4d-f43f9d152bcf,,2,publikasi
691b3f04-ebac-4258-9ce0-ce065ee63a7c,view_page,Gini Rasio Kota Malang,android,user_26_zulfa_azizah_26@example.com,2026-08-31T21:33:55.914167+00:00,,,7,fitur
8970046f-d5d9-4966-b423-04ddfb17e4f0,view_page,Penduduk Menurut Jenis Kelamin,android,device_75d4e6b1,2026-08-31T21:36:19.198538+00:00,,,5,fitur
0add62bb-a610-4036-8d66-217db8559365,view_page,Produk Domestik Regional Bruto (PDRB),android,device_7db2638c,2026-08-31T21:47:01.305178+00:00,,,1,fitur
c4c3da95-d8cf-4104-ade5-966e03011958,view_pdf,Indeks Pembangunan Manusia (IPM) Kota Malang 2023,android,user_37_siti_rahmawati_37@example.com,2026-08-31T21:56:10.649207+00:00,b77e7e0a-b2da-418b-8f86-6cc73c24254a,,4,brs
8dc90278-07b7-47df-8dfd-e5010c79216c,view_page,Produk Domestik Regional Bruto Kota Malang Menurut Lapangan Usaha 2023,android,user_4_siti_rahmawati_4@example.com,2026-08-31T22:24:19.168883+00:00,b4138e54-6653-472c-ae8b-b01fa86a3b0e,,1,publikasi
5d4c4fc7-e88d-42f1-8a54-904dfc11a675,view_page,Produk Domestik Regional Bruto Kota Malang Menurut Lapangan Usaha 2023,android,device_e3ac245e,2026-08-31T22:31:31.742599+00:00,b4138e54-6653-472c-ae8b-b01fa86a3b0e,,1,publikasi
6d364237-2543-4146-b617-76475c1cd363,view_page,Indeks Kedalaman dan Keparahan Kemiskinan Kota Malang 2019-2023,android,device_fd476588,2026-08-31T23:03:28.841513+00:00,849d2910-63e6-42b9-bc4d-f43f9d152bcf,,2,publikasi
8c1ff88b-a1af-4034-beb0-87d109509166,view_page,Perkembangan Indeks Harga Konsumen / Inflasi Kota Malang 2024,android,user_41_hadi_wijaya_41@example.com,2026-08-31T23:17:43.872374+00:00,153eb443-bf3a-4972-91d8-9789b011510b,,1,brs
a6c0a47a-3266-49d3-aced-643f10c8b528,view_page,Infografis Capaian IPM Kota Malang Tertinggi di Jawa Timur,ios,user_42_taufik_hidayat_42@example.com,2026-08-31T23:27:28.927667+00:00,66f6edee-0df5-41d3-a724-c4f06da0926a,,4,infografis
b4c6c40b-f2eb-48b4-ab7a-485682a823ef,view_page,Tingkat Penghunian Kamar Hotel Kota Malang Semester I 2024,ios,user_16_siti_rahmawati_16@example.com,2026-08-31T23:40:14.577990+00:00,73f00342-0b53-43b9-bbcf-1a523751ddda,,1,infografis
10586a94-776e-4d49-9cf6-bff0d3a358f2,view_page,Garis Kemiskinan dan Jumlah Penduduk Miskin Kota Malang,android,user_22_lukman_hakim_22@example.com,2026-08-31T23:52:24.890479+00:00,92628f5b-aa64-41bb-a679-f0b01507a173,,2,infografis
50a242df-185f-442e-82b5-b9c811fc9e8c,view_pdf,Laju Pertumbuhan Ekonomi (LPE) Kota Malang Triwulan II 2024,android,user_48_dewi_anggraini_48@example.com,2026-08-31T23:53:01.329903+00:00,34649ace-ddf1-4f19-aa4e-2f065c52ac56,,1,brs
7a9658df-6796-490e-960d-8e64b8724142,download_file,Tingkat Partisipasi Angkatan Kerja (TPAK) Kota Malang,android,device_018ad5f7,2026-09-01T00:09:27.138055+00:00,0ad0a195-2b38-4f46-b205-0ca879fa1dbd,,3,infografis
3c1ddfcc-d6af-46e0-ace6-777835dfb479,view_page,Indeks Pembangunan Manusia (IPM) Kota Malang 2023,android,device_aa56314e,2026-09-01T00:23:38.848301+00:00,b77e7e0a-b2da-418b-8f86-6cc73c24254a,,4,brs
f5c8ca98-a305-45e4-aef8-45d9579bb4ca,view_pdf,Perkembangan Indeks Harga Konsumen / Inflasi Kota Malang 2024,android,device_7db2638c,2026-09-01T00:24:20.895456+00:00,153eb443-bf3a-4972-91d8-9789b011510b,,1,brs
4e3dcb70-64b9-4f38-b56b-5c146b2c92f4,download_file,Statistik Kesejahteraan Rakyat dan Pengeluaran Konsumsi Kota Malang 2023,android,device_9ff94146,2026-09-01T01:37:58.187898+00:00,23a58e84-c462-4bf8-a5ea-c7bc3825a70c,,7,publikasi
389c1e0c-8fb5-438f-9057-8701ecb9d4c1,download_file,Tingkat Partisipasi Angkatan Kerja (TPAK) Kota Malang,ios,user_41_hadi_wijaya_41@example.com,2026-09-01T01:49:29.410763+00:00,0ad0a195-2b38-4f46-b205-0ca879fa1dbd,,3,infografis
1f59ffc0-a282-4615-8e03-d605bf5c3120,view_page,Penduduk Menurut Kecamatan,ios,user_37_siti_rahmawati_37@example.com,2026-09-01T01:49:57.080715+00:00,,,5,fitur
615219c2-26f1-4ea2-a950-52d50ca8d925,view_pdf,Garis Kemiskinan dan Jumlah Penduduk Miskin Kota Malang,android,device_04fc4a94,2026-09-01T02:05:05.238243+00:00,92628f5b-aa64-41bb-a679-f0b01507a173,,2,infografis
484227e1-af74-4081-8d0b-3abaf93ee493,view_page,Perkembangan Indeks Harga Konsumen / Inflasi Kota Malang 2024,ios,device_04fc4a94,2026-09-01T03:41:31.195652+00:00,153eb443-bf3a-4972-91d8-9789b011510b,,1,brs
7650c2eb-1dd7-4b1b-9d38-b02ea4a1a30a,view_page,Statistik Kesejahteraan Rakyat dan Pengeluaran Konsumsi Kota Malang 2023,android,user_33_ahmad_fauzi_33@example.com,2026-09-01T03:45:40.582211+00:00,23a58e84-c462-4bf8-a5ea-c7bc3825a70c,,7,publikasi
0c411e5e-ea91-4a7f-acf4-d9cf3ac22876,download_file,Statistik Kesejahteraan Rakyat dan Pengeluaran Konsumsi Kota Malang 2023,ios,device_fd476588,2026-09-01T04:19:22.500359+00:00,23a58e84-c462-4bf8-a5ea-c7bc3825a70c,,7,publikasi
226d1209-87e6-4d22-af3a-809f380fe319,view_page,Kota Malang Dalam Angka 2024,android,device_25e07130,2026-09-01T04:34:41.261226+00:00,4d21cdd5-8bbb-4588-9d75-bdf304eabaa2,,5,publikasi
2cdd2995-62fd-4e92-96b3-99844a8ca323,view_pdf,Profil Kemiskinan Kota Malang Tahun 2023,android,device_c2dd9db5,2026-09-01T04:36:18.360302+00:00,29c70151-0b4a-4225-8eb2-eb5abce97b15,,2,brs
57253565-8926-4210-bed0-0e5ff2db3413,view_pdf,Kepadatan dan Piramida Penduduk Kota Malang,android,user_14_zulfa_azizah_14@example.com,2026-09-01T05:06:26.864052+00:00,9a440ecf-18b0-4c1f-86e3-1793d657fe60,,5,infografis
5f4fe2a5-77d1-487c-9736-de21e5cf1ce5,view_pdf,Infografis Capaian IPM Kota Malang Tertinggi di Jawa Timur,android,user_36_siti_rahmawati_36@example.com,2026-09-01T05:13:37.480367+00:00,66f6edee-0df5-41d3-a724-c4f06da0926a,,4,infografis
b7253479-4a12-49e1-aa18-a83d91a2e510,view_page,Garis Kemiskinan dan Jumlah Penduduk Miskin Kota Malang,ios,device_d43a4c3f,2026-09-01T05:36:13.459858+00:00,92628f5b-aa64-41bb-a679-f0b01507a173,,2,infografis
bfd04be6-800d-4267-b41a-a511da0775eb,view_page,Laju Pertumbuhan Ekonomi,android,user_31_lukman_hakim_31@example.com,2026-09-01T05:39:00.173134+00:00,,,1,fitur
3cc49290-3a9a-45b6-ac5a-194fb0465de6,view_page,Laju Pertumbuhan Ekonomi (LPE) Kota Malang Triwulan II 2024,android,user_4_siti_rahmawati_4@example.com,2026-09-01T06:05:11.110791+00:00,34649ace-ddf1-4f19-aa4e-2f065c52ac56,,1,brs
90bc6e43-104a-49eb-af02-b1576b05a8de,view_page,Penduduk Menurut Kecamatan,ios,device_88283ad1,2026-09-01T06:11:59.971105+00:00,,,5,fitur
56a1bf2a-fcf6-4003-82ef-7ff2a5877e85,download_file,Kota Malang Dalam Angka 2024,android,user_12_hadi_wijaya_12@example.com,2026-09-01T06:24:32.191841+00:00,4d21cdd5-8bbb-4588-9d75-bdf304eabaa2,,5,publikasi
e918a60c-f5f5-445a-92d3-c34606d3b4d1,view_page,Laju Pertumbuhan Ekonomi,android,device_31bb5897,2026-09-01T07:04:50.839397+00:00,,,1,fitur
b8882c1f-1f99-4728-aa69-1a3e3e19a7a8,view_page,Gini Rasio Kota Malang,android,user_12_hadi_wijaya_12@example.com,2026-09-01T07:15:01.174228+00:00,,,7,fitur
58ec3f08-a071-4e3e-8d8b-e8bf3d82b7c4,download_file,Angka Harapan Hidup dan Harapan Lama Sekolah Kota Malang 2023,ios,user_6_dimas_arya_6@example.com,2026-09-01T07:17:43.279873+00:00,bfb01c78-0ed2-46dd-9631-7d6cdc32c4a8,,4,publikasi
da7a8102-7b8c-42c2-914f-52caecea6adc,view_pdf,Produk Domestik Regional Bruto Kota Malang Menurut Lapangan Usaha 2023,android,user_9_dewi_anggraini_9@example.com,2026-09-01T07:24:20.922002+00:00,b4138e54-6653-472c-ae8b-b01fa86a3b0e,,1,publikasi
6f2f9e86-92ee-4153-9977-605e254e3fea,view_page,Inflasi Bulanan Kota Malang,android,user_32_rian_pratama_32@example.com,2026-09-01T07:25:13.036633+00:00,,,1,fitur
0469cf42-e81e-48e5-ba8a-8d153eddbce5,view_page,Gini Rasio Kota Malang,android,device_7002225b,2026-09-01T08:13:17.861710+00:00,,,7,fitur
2a95719a-0d62-4dd4-aae8-0d669d471758,view_page,Tingkat Ketimpangan Pengeluaran Penduduk (Gini Ratio) Kota Malang 2023,android,device_04fc4a94,2026-09-01T08:16:10.739132+00:00,d8f046d4-0fd0-424e-9b7d-1ad89485766a,,7,brs
c67dc8fc-47ec-422c-a96f-566722b706e5,view_page,Perkembangan Indeks Harga Konsumen / Inflasi Kota Malang 2024,android,user_17_budi_santoso_17@example.com,2026-09-01T08:18:20.706319+00:00,153eb443-bf3a-4972-91d8-9789b011510b,,1,brs
7ef73f05-c262-4216-876c-ac1062a8d922,view_pdf,Kepadatan dan Piramida Penduduk Kota Malang,ios,device_70cce41e,2026-09-01T08:34:12.924597+00:00,9a440ecf-18b0-4c1f-86e3-1793d657fe60,,5,infografis
dac9757b-6bff-47c9-b5ff-4819885f2e9f,view_page,Hasil Sensus Penduduk dan Proyeksi Penduduk Menurut Kecamatan 2023,android,user_3_ahmad_fauzi_3@example.com,2026-09-01T08:39:03.989663+00:00,d1f9c425-45eb-4e73-b65e-c08d0fad3caf,,5,publikasi
3f629490-8ed0-40fd-8211-423800918a02,view_page,Perkembangan Indeks Harga Konsumen / Inflasi Kota Malang 2024,android,user_32_rian_pratama_32@example.com,2026-09-01T08:41:22.606907+00:00,153eb443-bf3a-4972-91d8-9789b011510b,,1,brs
ab013236-56f5-4135-b336-c1aefb347b56,view_pdf,Keadaan Ketenagakerjaan Kota Malang Agustus 2023,android,user_39_gita_permata_39@example.com,2026-09-01T09:06:55.223003+00:00,dbb4a727-6747-4aad-95de-33be8902e079,,3,brs
2bd929c7-07b9-47d8-b805-7e2a34c3c5fd,view_page,Laju Pertumbuhan Ekonomi,android,device_20a9d480,2026-09-01T09:08:36.326502+00:00,,,1,fitur
70db971e-4053-43f7-8477-3787c0af4ff3,view_page,Tingkat Pengangguran Terbuka,android,user_17_budi_santoso_17@example.com,2026-09-01T09:28:00.961134+00:00,,,3,fitur
7c5adb6d-5ccc-4768-b498-aede22595d4e,view_page,Harapan Lama Sekolah,android,device_33720fe8,2026-09-01T09:37:35.291144+00:00,,,4,fitur
dc36d7f9-df7c-4027-9af1-f2498579580c,view_page,Produksi Padi & Beras,android,device_b8dad4f2,2026-09-01T10:36:33.440798+00:00,,,6,fitur
5ab8956d-7dba-450b-9588-429c1066dfe7,view_pdf,Profil Kemiskinan Kota Malang Tahun 2023,ios,device_33720fe8,2026-09-01T11:07:00.381283+00:00,29c70151-0b4a-4225-8eb2-eb5abce97b15,,2,brs
20a1b32d-0bed-4e7d-a4d1-449958605d50,download_file,Kota Malang Dalam Angka 2024,ios,device_ab308a62,2026-09-01T11:10:44.058694+00:00,4d21cdd5-8bbb-4588-9d75-bdf304eabaa2,,5,publikasi
cddf258b-05ba-4e54-badc-7bfd24ba45bd,download_file,Kepadatan dan Piramida Penduduk Kota Malang,ios,user_37_siti_rahmawati_37@example.com,2026-09-01T11:12:46.373583+00:00,9a440ecf-18b0-4c1f-86e3-1793d657fe60,,5,infografis
b5968b92-c3f2-416a-a348-2c1358f28f85,download_file,Statistik Kesejahteraan Rakyat dan Pengeluaran Konsumsi Kota Malang 2023,android,device_f825630e,2026-09-01T11:53:12.518212+00:00,23a58e84-c462-4bf8-a5ea-c7bc3825a70c,,7,publikasi
4a5b1b86-3451-433c-9d42-a5c571e71ece,view_page,Angka Harapan Hidup dan Harapan Lama Sekolah Kota Malang 2023,ios,device_6db1e2a9,2026-09-01T11:53:45.960745+00:00,bfb01c78-0ed2-46dd-9631-7d6cdc32c4a8,,4,publikasi
e313ad35-b78e-4fa7-b326-9fecda9a1750,view_pdf,Infografis Capaian IPM Kota Malang Tertinggi di Jawa Timur,ios,user_12_hadi_wijaya_12@example.com,2026-09-01T11:54:53.187414+00:00,66f6edee-0df5-41d3-a724-c4f06da0926a,,4,infografis
1ea248c8-bf65-4fbe-b7cf-4ae69294c515,download_file,Tingkat Partisipasi Angkatan Kerja (TPAK) Kota Malang,ios,user_43_hadi_wijaya_43@example.com,2026-09-01T12:23:06.104155+00:00,0ad0a195-2b38-4f46-b205-0ca879fa1dbd,,3,infografis
1d95b62a-9805-43dd-8223-2c65296a2eee,view_page,Produk Domestik Regional Bruto (PDRB),ios,device_ab308a62,2026-09-01T12:40:39.878417+00:00,,,1,fitur
42a6f181-7f26-4858-87dd-dbdc6d91e29c,download_file,Angka Harapan Hidup dan Harapan Lama Sekolah Kota Malang 2023,android,user_11_citra_lestari_11@example.com,2026-09-01T12:49:12.639817+00:00,bfb01c78-0ed2-46dd-9631-7d6cdc32c4a8,,4,publikasi
62f9f4a7-9521-482e-97b8-d6bbf5470e25,view_pdf,Laju Pertumbuhan Ekonomi (LPE) Kota Malang Triwulan II 2024,android,device_7002225b,2026-09-01T12:55:18.789895+00:00,34649ace-ddf1-4f19-aa4e-2f065c52ac56,,1,brs
4aa32ffd-72ce-4a69-95bf-4bfdc3e45737,view_page,Harapan Lama Sekolah,android,user_40_lukman_hakim_40@example.com,2026-09-01T14:14:29.576808+00:00,,,4,fitur
86028730-4cbc-40a2-87cf-4fe8e9ac3b75,view_page,Tingkat Ketimpangan Pengeluaran Penduduk (Gini Ratio) Kota Malang 2023,ios,user_28_ahmad_fauzi_28@example.com,2026-09-01T14:30:56.938575+00:00,d8f046d4-0fd0-424e-9b7d-1ad89485766a,,7,brs
05d53a8f-34cb-4ebb-ad16-acc4990b59b6,view_page,Gini Rasio Kota Malang,android,device_86adf413,2026-09-01T14:33:05.415653+00:00,,,7,fitur
a4a45e97-2e21-47d7-ac11-e944c63c78d7,view_page,Inflasi Bulanan Kota Malang,android,user_8_indah_sari_8@example.com,2026-09-01T14:36:14.700675+00:00,,,1,fitur
3ead9d7d-7228-4fa2-bcb1-1e0798751c01,view_page,Statistik Kesejahteraan Rakyat dan Pengeluaran Konsumsi Kota Malang 2023,ios,user_25_rian_pratama_25@example.com,2026-09-01T15:54:59.878377+00:00,23a58e84-c462-4bf8-a5ea-c7bc3825a70c,,7,publikasi
063da0df-5a29-479a-885d-6a7d1a8196e3,view_page,Hasil Sensus Penduduk dan Proyeksi Penduduk Menurut Kecamatan 2023,android,device_f8e0ac4d,2026-09-01T16:16:43.769679+00:00,d1f9c425-45eb-4e73-b65e-c08d0fad3caf,,5,publikasi
c1ff2d9b-2219-4a4c-bd0c-e1dc7cc4c5fe,view_pdf,Kepadatan dan Piramida Penduduk Kota Malang,android,user_29_rian_pratama_29@example.com,2026-09-01T16:43:19.354705+00:00,9a440ecf-18b0-4c1f-86e3-1793d657fe60,,5,infografis
a6761db1-4a99-4041-b541-4f104d60f35d,view_page,Penduduk Menurut Kecamatan,android,user_8_indah_sari_8@example.com,2026-09-01T16:56:31.982356+00:00,,,5,fitur
ae72b846-51d9-4afc-9a3b-5cd524956ebb,view_page,Tingkat Pengangguran Terbuka,ios,user_9_dewi_anggraini_9@example.com,2026-09-01T18:28:20.145539+00:00,,,3,fitur
edb1c11d-e649-4ec8-ac07-914402627a12,download_file,Kepadatan dan Piramida Penduduk Kota Malang,android,device_9b20524d,2026-09-01T18:35:08.927995+00:00,9a440ecf-18b0-4c1f-86e3-1793d657fe60,,5,infografis
3c38c705-e331-47b9-aaef-f41bb2aa79af,view_page,Garis Kemiskinan dan Jumlah Penduduk Miskin Kota Malang,ios,device_fd476588,2026-09-01T18:42:17.127786+00:00,92628f5b-aa64-41bb-a679-f0b01507a173,,2,infografis
df764b57-e90c-46be-86eb-91043fcdd6da,view_page,Produk Domestik Regional Bruto Kota Malang Menurut Lapangan Usaha 2023,ios,device_20a9d480,2026-09-01T19:22:09.342868+00:00,b4138e54-6653-472c-ae8b-b01fa86a3b0e,,1,publikasi
e99c33d3-9b72-43fb-baf5-ea30be175a1a,view_page,Luas Panen dan Produksi Padi di Kota Malang 2023 (Angka Tetap),android,user_7_dewi_anggraini_7@example.com,2026-09-01T19:43:14.661819+00:00,53ccbf55-ec6c-41ee-b286-a287c99906a8,,6,brs
f5326edc-5e4f-45a3-a9cd-9e8f288ea5ab,view_page,Laju Pertumbuhan Ekonomi (LPE) Kota Malang Triwulan II 2024,android,device_7fc9c339,2026-09-01T19:45:11.315094+00:00,34649ace-ddf1-4f19-aa4e-2f065c52ac56,,1,brs
c34e6d15-4f28-4401-8801-ca1afda1cd3e,view_page,Statistik Kesejahteraan Rakyat dan Pengeluaran Konsumsi Kota Malang 2023,android,device_bf3a5d5b,2026-09-01T20:11:31.175743+00:00,23a58e84-c462-4bf8-a5ea-c7bc3825a70c,,7,publikasi
45af0536-bff1-428e-bb67-00e071f685f0,view_page,Laju Pertumbuhan Ekonomi (LPE) Kota Malang Triwulan II 2024,android,user_14_zulfa_azizah_14@example.com,2026-09-01T20:14:52.239511+00:00,34649ace-ddf1-4f19-aa4e-2f065c52ac56,,1,brs
2061989d-99dd-4919-8ba4-f203c9759c20,view_page,Angka Harapan Hidup dan Harapan Lama Sekolah Kota Malang 2023,android,device_018ad5f7,2026-09-01T20:31:24.255468+00:00,bfb01c78-0ed2-46dd-9631-7d6cdc32c4a8,,4,publikasi
28d774d3-19c4-4eb4-b354-fbd4eb29aa53,view_page,Laju Pertumbuhan Ekonomi,android,device_37f4a7b9,2026-09-01T21:21:29.077492+00:00,,,1,fitur
91d1cfbf-3952-4979-90da-e52461f79051,view_pdf,Laju Pertumbuhan Ekonomi (LPE) Kota Malang Triwulan II 2024,android,device_2662ff67,2026-09-01T21:36:42.313380+00:00,34649ace-ddf1-4f19-aa4e-2f065c52ac56,,1,brs
9b483274-c75c-4b7c-b581-02173420c843,view_pdf,Tingkat Ketimpangan Pengeluaran Penduduk (Gini Ratio) Kota Malang 2023,android,device_bb002908,2026-09-01T21:49:16.503021+00:00,d8f046d4-0fd0-424e-9b7d-1ad89485766a,,7,brs
8d21d873-19ea-4f8f-88f9-11fc81d5f1c9,view_page,Penduduk Menurut Jenis Kelamin,android,user_45_taufik_hidayat_45@example.com,2026-09-01T22:33:38.257709+00:00,,,5,fitur
2bb15e88-c597-4364-a031-3f3b1c807900,view_page,Harapan Lama Sekolah,android,user_34_joko_susilo_34@example.com,2026-09-01T23:23:05.362842+00:00,,,4,fitur
13e91b40-717f-4f8d-bde9-7eec3da2facc,download_file,Kota Malang Dalam Angka 2024,android,device_6fe823ba,2026-09-01T23:41:23.018474+00:00,4d21cdd5-8bbb-4588-9d75-bdf304eabaa2,,5,publikasi
9ad4fa63-e8b2-4ed9-898d-f89a95302848,view_page,Gini Rasio Kota Malang,android,device_fd476588,2026-09-01T23:46:33.228960+00:00,,,7,fitur
10dd4185-689c-4313-9239-1dbd47fef51b,view_page,Produk Domestik Regional Bruto Kota Malang Menurut Lapangan Usaha 2023,android,user_50_fajar_nugroho_50@example.com,2026-09-02T00:13:40.650190+00:00,b4138e54-6653-472c-ae8b-b01fa86a3b0e,,1,publikasi
5268d02b-55a3-43b1-82f9-5b1ac3231729,view_pdf,Indeks Kedalaman dan Keparahan Kemiskinan Kota Malang 2019-2023,ios,device_75d4e6b1,2026-09-02T02:10:17.800103+00:00,849d2910-63e6-42b9-bc4d-f43f9d152bcf,,2,publikasi
dc25959b-1a08-4b8a-8015-357d2aec553e,view_pdf,Tingkat Penghunian Kamar Hotel Kota Malang Semester I 2024,android,user_8_indah_sari_8@example.com,2026-09-02T02:10:34.776885+00:00,73f00342-0b53-43b9-bbcf-1a523751ddda,,1,infografis
