id,title,action_type,cover_url,content_url,created_at,content_type
00181119-61c1-4c48-b3a1-9978e63abca7,Statistik daerah Kecamatan Kedungkandang 2011,view_pdf,https://webapi.bps.go.id/cover.php?f=NwvrivfFaaWDKaqKL2AeSEtoVDhMUTU4YW5Lb2h4aVpsR3dUeHBIVDFKWDNEeUUrbHpIWWh0S2dsVGVZS2VtYU1SSkVtWkE0cjYvN2VPNytSaSsvNktVaUV5V3RNUUh3c01GSHU2N2p6ZCtCcTJCd3ZYQ2kzZzVKYlp6Z05WWlp1aEJhUUtJZzZNRXhSdlFQ,https://webapi.bps.go.id/download.php?f=/1sWEaVch7KOfTZAymsrBElhVkl3Qk55MFhYNEVJeXk5MGpIVGgxTjFqVzV2amplbjhPZjdTR2dybENwdytQbUo3UGZxMjYxVlJxMGpraUluN1FldVJYM3ZoM0YwaFFoUm5qMkU2dkVhL1o3Q0NGRGZlWUJmQ0d2YVFoM3lpY0hrR1J1L21iaTIrY0VEY1NXcUtTKzBhUTVYcWNXd2FNUHczTXI5Q0swOERRS3VMY0pMbGhzeWM5eGM1Q3VjRi84SGxvUnJQZEcrZ09vaXVyZWZLOTI4Vnh0Sk1tYUdRSkIwR3VrUVhzUDRYcUE3RXJhSGh1QUJ0Qi9oaDB2ZjdENStuN2tqQ00zcm9nWWUzYVMreVFlc1E4UWlCVkR3alp6bUtvdk9RPT0=,2012-01-12 00:00:00+00,publikasi
00191b3f-e0bf-44ba-9eee-b1f2abf63b75,Kota Malang Dalam Angka 2014,view_pdf,https://webapi.bps.go.id/cover.php?f=HaFkjkdaNzcxoYGP794AqG1reThtZ25TMDlDV3IyNm4wZFpzMkpPU2hsdG5XTzUvRzVsZStBb29HTXZVMjlPTE1ab1NwWkFoNjhJY25UWHNOWHZvU3dEQUdPVmU5c1hVQWhnVzgvZ2xtRzFxOWpUVnJXNjdPOVJMeFhVV1Fhb0U5TERnRnBnMlg0WXhoM3dx,https://webapi.bps.go.id/download.php?f=fjw1RJFu7cfQ4XVrXaUXb2FYRWpnaUQ5d0FLRHhobUhKRUNhUlVHcW9jQkg4Vno1MVAyNDhQbUtBd2hXcDJqUmZlNUJTVStnVTd4UThFRzA1clFtTDhubjFZQ3JpdnUvd2k2OTdNUEZDRE1mbkJlNjliR0xrWmhVY3lMbCswU1JRSnJiWmludkdDcWpqVGFRZTJ3cmorVksweGI1U2VZZWhPc2Myak4rak9mYTloblhGb2YrYUJGNGJTOGlFZFIweDdSWXFzV0RqT0VjeHcwcFZVQWZTb0lIZXQvYjZ0cG91L2tCdDNtNVdkVFc1WjVLNHVhQ1FPMlZrYkdFejlKT3dXNG14WUNQempkZGFKZmY=,2014-09-18 00:00:00+00,publikasi
003829c6-372d-4b42-b843-0f34e44ada7b,"Tingkat Penghunian Kamar (TPK) Kota Malang pada Mei 2025 sebesar 44,50 persen",view_pdf,https://webapi.bps.go.id/cover.php?f=kNY8bATOeKwLf2oPVmtSCmZZSWZPcWUrc3pVR3ZObkdPZ2FBNDdxQ3M5VExjZkNleUQvc29WdENlOVJxTVdEMlZ4ZXA3TG84ZkFmMnluVVZRbW1teklJNzRBa050dm41dGhkRUp3PT0=,https://webapi.bps.go.id/download.php?f=t1xvk+S6D5+ze5o9IypaGStTN1JxS05VNU1PZmprVWtLSVUxN2VPWDB6NG9XSkZwWTdySy9ua244UUtaWHpzS3Z0Nk04aDhXWlROcFhvaVVCTXBNQTBOSGEvTzBJUyt3VHRWaVpjd1JxSm14bkNOUjZ4UDUxclljYXdRRmFQaXIyOENOc09BenZwemk3UWFPcEhzSmY5eGdMTGF1ajdwa0dRcWsvOUNlaktCTEZSTndjVGVQVU1oNllWNGFta3REV1dCN3pxU2gxU0NyUUtYSjdLejY3cXlVYUFQZGcwSW1mK21jYmtST05OazI4M3BsWmZJN3QyT1VFRVk9,2025-07-01 00:00:00+00,brs
007ec38c-e135-4904-abcb-f317f230156b,Statistik Hortikultura Kota Malang 2021,view_pdf,https://webapi.bps.go.id/cover.php?f=FQj2LBb1IZXW46fgzL5bcWdVSU9nTXFEQmNaeEptSlZza3VKcG0rMFMyYS82RHlDamhKeDVaNWtsRkJ4SXBWR1BxSndMc3d3c0NwTjlzSnZBTloyOXR6QWg0YXBqbXFkSFZHWWloSmU5QXhDS2ZBd0c0LzFxb1V6dUxJMlE5MjI3YnhYUXUzKzRsYlZjVGlL,https://webapi.bps.go.id/download.php?f=biySSlovPp9h/QFRBn5se1RsS0JNc0RjUTlncE9GQXFsWlFYMzVNQS9rNFNnMmZhYXpsOVlQSFpHVitqV3h2dVhtUGhXeXRlaHowY0RxWHp0QTFGcFEySU13N0J6WDZrVWUvNkc5aU9kTVBVeVNpTWlaTVFuUXQyTys4VTRRbHdYUkJiR0xBcXp5VDlIdWV0TWVSTlBiclI2VytsazAxbDc1K3RReDJGUkVhTWY5YUdUUW5uWFV1cXpxc0xQb3BrZzhuVGphYmU2OEFmWDc1QUYzZTNkb0xvK0VHUUFrRE5ZN29Cam9FUEh6OW9IWTdQOFdUb2E1MUU3clptNVk1citHVTNveG10NXZCSnBvNGFOZkRzQm00YXJ3SXFLa29vdmJod1p3PT0=,2022-08-30 00:00:00+00,publikasi
00be2cb2-54e9-49e5-8a36-c61d3b5376a6,Statistik Industri Besar dan Sedang Kota Malang 2015,view_pdf,https://webapi.bps.go.id/cover.php?f=M/1EC+rMZp51av7v8zLk+1BtU3pIdTRlWTJUVllQY2ViSDd6K016YjVIWW9BM01pSU8vdWtKb3k3ZEVOTmtPYlBoVkZOZnR0eEI5YmpTVzljTGpNTmRNenB2V2hEN3ViaFdhSmg4QWRXNldTaHJiL0NmODZFMWVDWFNQb2dtSkhoK2NKenZUUWE5K0hKMEw4,https://webapi.bps.go.id/download.php?f=xWL2MJtqJWLT/vxCEtTnVXgxRE02cVoxM0lMQmJ4cU1QQXdNeHc0VFEzZW9aZlhURUlLQnhJbTZJQ1ZDWHdlTmxmaGRtVi9TaVlpV0RMNFlHYkt1eG1pYUU0S3hpNnVLSnFOcEdqN29MRzd0SWYxQ1R6WGhVbkJrUGtxdU5HNVRCMHV3V3ZvcG1CV1h3WnB2OEd3MkRtNytJMzdodzY3OFZYYis1RE02WG9xYktBTDJjY2RwRmJXS1dCZUdiazRvMHdQRlhhbEJsUm9OR0ozK1YyWS9qK3ZrWkFQak5FYmpLb2xYZDJwUXRSVy9qWXQrb2M2bXhRR0NFbWJndzNPNnN3SWY5NERnNzBRbnZ1ZGVuZ2dIdGVTV0RDVzkwenlhYUdaMmRnPT0=,2018-08-14 00:00:00+00,publikasi
00cad0c5-a50b-47b5-b733-716df8798f8c,Perkembangan Indeks Harga Konsumen/Inflasi Oktober  2014,view_pdf,https://webapi.bps.go.id/cover.php?f=eztQ4bapXw4QZyM6VdfnHWZQOVNxREtmcUtzeWh2bkx4dlZlK1VOTmw5U2U3NHdkdVh3UFNncUtBdHVNQjJnbmhZZzRMbGdJRmtlcWZDNWxGazgrNFUzY3ZibzlETERZMFpFVWpBPT0=,https://webapi.bps.go.id/download.php?f=qxe6CAPRyoL4O4D2iSGvGDU4aktvZFg5WUJ4UFVsWEVYRXYzaEh5S1M0eDVyK3A0VzJkMk5yS3VvYXIyc0w2VmlNMTBJSlg3WE93Q2J0VmJjY2ZZMHNtRjVyMkN3bEdyUlhPNHBHYzZIcEpCQXYvejdsclN4MzRma1haNlJrck42MzlSZU1SSTVUNURqWnNJektwTFBORytLdUNhSXZJUG50SDZNVFBDM1M2Uml0RmhZek5JcGYwNCtKWnl0VVBpZDJSckFTaXZuZnZhQm9QcVJ1K281TW45UkV6T1lBT2dsaG9JSUZOZnlRVHpvZkVZc1pLcjlNUXpZdEFjR0taVndGQ252dWJlQnYzQXNaV3ljbUdQdTdBWHVrWEVxcUFpR0ZvTWpESnlvU1Q4YTJsT2Jqc3czZEFjUlFSRjdyZHhGUVFJUFRZbWh4VHBBcjBvSjVBYWsrdGhmdG16QnlHcHRRWVUxL1FBTUg1ak9SemJWMWYyKzRTcTJHZW9BTmltR2c5QVNUeEEzMjBjNkFKcQ==,2014-11-03 00:00:00+00,brs
01484596-3eeb-4787-b744-6c40ce544cd9,Perkembangan Indeks Harga Konsumen (Oktober 2025)(1)2025-10-01,download_file,https://webapi.bps.go.id/cover.php?f=F3oOzzi/vToAJuuBJJqdoFNZbFBhK0lZWkUrMUs5d2tLdlQ3dHJaQVZlek9wRUVuRFlmeDhuVTErOUZ3R1lFdTlYSUl6a0NqSUgybWQwK0ZOekRydm1DbEgzaUptTXkvbGk1VUJnPT0=,https://webapi.bps.go.id/download.php?f=sw6F7i4G8tgPc7mXZj5a+1ZPMC80cURqNHR0WU0yd3FOYVNRd0JJVWhjOWhZa0RCK1VLZlFXcDJvUjlzc0RsNXZabHpxWEE3NXVrM0FnSHlFcUI3T3ZuYlh1bHRQbzFNMGs0cEFKd3dzR2xTMFJuQTgyeFF5OEpmZXZEUk1udi9aeHRrWHpNVmEzeDZTOXQ0b1B0bEd2bU1URlhLK1g5bTN0QTdZeGxwdFR1dHo5ck1FMDBmVzZ2Qmp3S2J5alZtWWJzNlFDNUV2eldadXpDVEtQK0xJZzdJeU5YNUkxNVhEdG5KWXRMVWp5MnJKV00vVk1qNE5HakZyYkU9,2025-10-01 00:00:00+00,infografis
015542d0-a45f-40be-a7c8-a3fdd55fb33c,Inflasi Kota Malang 2021,view_pdf,https://webapi.bps.go.id/cover.php?f=iDoyRaJXvjRk0euq/2I+1XhPZi9HdVZsOXk1SHlMWmVwdUswR1RHOUNLL0Q5QWJKN0pzNXN5aGRRMXVrZ3hueDlldytwK2xhdmlFTWdHZjRhZW4vZHBISGE0S2hac1VVenZIUk5WaTZ3cDBNQVk0NHFlMkx2WFFLaytZcndzM0xmNEFYM1B5QWVoelhTMVZC,https://webapi.bps.go.id/download.php?f=FF/SGjZKD5sU0RwfiPMW7k91WURnbzlTc1Vha3NQTlJJNjJRSGY4QlQxU0ZNWWw4eDlCZEhwd2hqVlB4V1Y1WVN3QWwwN0QzSWUwOHhTdDdFeFlIeFFGOFZpNEp4Nlh2TVhYZGlJZGZSbU9pbytXS2RYRlpzaitFd2tWY00xK2gwc05CQzFGT2dxUFVWU3pCMEJ6YUhiQTJpcnRyc0lkTjZxQVZVSmNmYUNIRktOa1JZT1VtUmorWnRkV09kcEFBdkFNWkpIQlBGYkZGVy90RGVFcFNINVNNQkVhSExLTG9ESy9Fc2VkYVRQMjZPMnFUa3NrNk1sOWdseFNUODluVkQ2b0tUOGZ1NTEvZ2ovcTY=,2022-01-31 00:00:00+00,publikasi
015f1ca8-9286-4c4e-80cd-454b475307a7,"Perkembangan Pariwisata Kota Malang, Desember 2024",download_file,https://webapi.bps.go.id/cover.php?f=z07Ts0/tFrTir9kMrc75sm53MUpmN3IwdGltbzdnUnBrNW5haDU2MVB2WGQ5SE54MDBFSXRiL3UvR1lJdTdtTGJDNVhLekdvOU9keWhGTjcxT0hQM2t1dlM3UHBkdjFyaXFnblNrWXE5MC8wdHlrbHFmQW1hUWw1VXBBRFY5YkVkTDBlTkNoYlFLNlBwRUZDQ3hnbkhSL1lFUGYwN1lScHd2KytFQT09,https://webapi.bps.go.id/download.php?f=5Y1eKL17nXDyZJ1wAT8On0xramQ5Z0tQZWhzRXYrUitBSEFuZkVpeGlyK0dVNUFQWEtidEhBeHdCRVcwek9UTGh3b0FudjJnSE1JR0FDVmprRFJ0U0E4c2h5VHdLUndCbXhPTW5yakpvY1lIb1l5WjgranROcjg3WTJuU1Fxc2pLL1ViWDhZeG9BOWR5aWcwMy9lQXRtc05TRFpOZE05WWp0bUg0NDQwR1dOL0NobVdKa0tOQm53ODNOSWRVVWxqekF6VFl6MHM5dTI3am81K2lqTWZHaU1LRTE3NkZzQjZaSzEzY1NhbVFMQzlmNWNBYlRWU0RiVndhMWZpR1FyUktqZkVHS1hIbFd6ZzBjd20xVnd4VkxnY09ZNWZTMFIxSytJaGRBPT0=,2025-02-03 00:00:00+00,infografis
0167e3f2-6fbb-426c-8bdb-05e5dd683bd6,"Perkembangan Pariwisata Kota Malang, April 2024",download_file,https://webapi.bps.go.id/cover.php?f=kRZQrsgWAvkRX+OqnbquEWFmdXJOSGFNaHhtS3M3VHVtdkg0TWYwdmlYc1pLM0NBTnN1ZFIxV2JHQmx4VzkyVWJrcFhETHBhTmR1OS9LbGRMTnBZK0pPZko1M0lkOUVUbzRhb2hmZ0JaR0J6WnZsK3pwK1NzdVk4c283RDc3bTdHRnVVUDRra2lvc3JwckVWajNiUFJhTWNQM0NLQlFnbDRaZkFYUT09,https://webapi.bps.go.id/download.php?f=p5Dx+7sHbANPoE4upmr1/XZMTUVleGRZams4TTJpa1pWQmNxbGNOa1JEVnRIUys0TTRqK0pyZmpZa2dZNlE1dXpNZlZ6SVd1WHg0M1BTdnFQZ2ZRWlZhZVpyWnFVTHFmN0J1TlYyVlNSMVFvRVEzdVlmc1R4M2xDQ0t6ZnlieTJHQmJtTnNEamVWUHgxNWw4RW04OTExZUlQdkE3V0U5d3VXZWYxdlJJaEhobzFJaGhvSGYwUDdsVUZTV2IwZmFoRDM2VXk2TUFtaDN0VmpoMVYxc3kvQ2I1UnVWTk1IdkZ6RzhrWUJVZDBoWUFZS3FmK01RSTZCQ1hTclhSK3NwYzg5VmNCNkxMdmU4TkxwblFBWGIvckZjOGZOV1hOeFE0Rmx5cEVnPT0=,2024-06-03 00:00:00+00,infografis
01a52ab1-55f1-42fb-ba09-bc81d6e4ecc8,Kecamatan Kedungkandang Dalam Angka 2023,view_pdf,https://webapi.bps.go.id/cover.php?f=R7keU0umEbwKgfdjFA+1XTdPZ01PS3NBRWVWTVhOVERlaXV4dnI3ZmVZOU5MSGVYeXo1a09VZFROaThoaFl4Qnh2K1loNjZhNnRpQ2pxSi9oSCtJMGMzOFdnLzBEQUg2MGtzdElYR0diVitWNFpwcmxNbXJVek94M2s3TjFwL3B3N2p0Q3l3Q2hseWVGcjBY,https://webapi.bps.go.id/download.php?f=jT8/C+TG3AQtbDEOAY3XZ3dNdCtkZUFvbi9KRVdIWnRkWmJQcUZpRmV2ZjVTbGVrb2JPNk1WZ0xLMEs1bW44R2xyalppbE1qczlyNzZxdCtzODhjT2tKK1RMMkcvWnp2ZnY4RUJwTzd1T3RZODVSbUNMdWlEMEM5ZExpZU1TSXc1Z3Z4Nzk3RDNTTUJCMnhzcmR2T20yamhlNEFLYWlyOFF1cTdHQzlEWGRrcVlXc0JzYVljYk4zUGxVWFVrSGhxQk9FRHJqcm5WMXdIbFp0eUVGV09CSEpZWnVIN3BBeGNkeEpNczBEQ2RmK2YzVU5JMFdwNThBSVhMdjhmTWo5Sld2VEdRc2JvR1JPc0RRdG83WHpOUE5LMlNEK1VIQ2N6ZEFBMk9RPT0=,2023-09-26 00:00:00+00,publikasi
01a9b000-37ed-4cbe-bddb-decfc6eee45d,Statistik Kesejahteraan Rakyat Kota Malang 2018,view_pdf,https://webapi.bps.go.id/cover.php?f=b1lW6pdqhDJyZvU+M5Rp+W04cEh5UnR4ZFFBcHVmdnY5Q1FZRWpNU0ZDdHh5UlJEdDg2dGZzL3drYlVQdlJ0VEtLUmhTOVBQNmpZYzg0bkdTaFpxYVpQZytJemx6SzFIQllhN2RObkNLQnZNSUtKZGZ6WWpnRmRUY2Z4NHo0bElqWEJ1Ym96a3lEc3VmbzZ6,https://webapi.bps.go.id/download.php?f=1WwihYkKBRYL1+ZQ+VyrwUpuZWFGNUpGR1FvMERVZmUxMklLV0d3UHFzdXF2bm9zdDZCTGU0YkZmZFd4OTlmWjNpcDVkWXlNNXFzU3ZtaTVJMTkzVUl5MWNiSEpNNit6V1ZOQ0dPN2V3Y0FLQ1VyVFpySXNZVERkUWxsUHpwbDdEM0M5MWhYa3JxeFE2Ukx0dGt4N1g0dzE2cDAvRXd4MC9sR1I3VWZnODRTUjg4UzJqODJ2REZEZzQ3azhIUFAxSHM0OXlxS2p6VnlPa21iZGRWTmRnVzk0V2Rsa2ZsU1dtdHZBR1o3VlA4NFRwQkw3V05wNFl5RnZzQis5V2huV2dBSzZJKzBYOEEwVW00TTdHbEZmT3F5TUE2dkF5WFpQT1BTKytnPT0=,2018-12-28 00:00:00+00,publikasi
02c35551-c586-479e-82a9-fb97ff9ae1f7,"Perkembangan IHK Kota Malang, September 2024",download_file,https://webapi.bps.go.id/cover.php?f=II4WhEG8Z4c0C1N03dzQyENadXM5MWRWaDFjSW9ZcGc1MjU5Y3Z4M2VJL2lzZlQ0Y0VGMXBUR0g3RlhPaUcvN0MrRnUvamo2ZkpybDU2OE1QeGMrU3BzWXFWa01SVkFKRWVGS2ZKM0hhZElGZnV6ODJvZFlHanZCTGtsNEFMVHdaa1dnYmxSL0VMZTdscUw1YVFHUklrVDNJbmpDNUg1Q0xtTkI3dz09,https://webapi.bps.go.id/download.php?f=tZClo81WB6vrBLJbGqmEj2NyMzdqVTNKWEJpcEt6Wm9kbkRyT013TEx0QnVCNGVwU0c2RzFLTGRaTTVydGxnbE84UDFEWXhGZGh2WnAvTk90aGhrbm0rTFZ5cWdBWGxtVzBUZG5VNU1ORDlNb2poeFFHeFlsSHREWEd6bkIremtSU3JTU3dMUEJndmpSUWJheTVkaVNjOE81elFxeWRsUHViTkFocXlzYmZpWFRYa1lldjl1Q2dUY01FQVpnZXpJOFZlQk9YaitRSWhLNkJXNjdUNnFRUlNrU3psaE14Y0VMM1NXWERSWEt2VVJURElieDlKdFQvT0t1R2wwelFUdk9tckhRbjN5V1RiNWFYdDY=,2024-10-01 00:00:00+00,infografis
0314b1b9-496b-4ad8-a073-697bf6b2ae77,STATISTIK DAERAH KOTA MALANG 2015,view_pdf,https://webapi.bps.go.id/cover.php?f=Sb07jTVy4ltak9CK9ZU94ERKSjhSTUppeG9kMVRIL2xtOXloSklBZTV6MUx6V0VpaWJaZnhoWnB5NjFVQVd6eWtjanFJdnhIWXBXR3JYem8wT3ZVcDIvM2ZNdWgyS1FjSzdQZ3FaaWZRSXRYcVQyM3hRM0ttY09yOHp4czZ2SW1QeUxwU2V6VlVNWHVkRjU5,https://webapi.bps.go.id/download.php?f=sk0t6fBS84gF4ePxgOgSy1J6V2RIazhvVHIwZTk4WVQxMXFzd0ZTaEVRU0V5L3ZpdCthcHlWRmlmU1U2V3NxK0pUQTQxbzBzSVVPUmRNbGJwQnB0Ukwrd3NGMDlLNy9rcng5WUtobVhCNTVMVHo0U1libElrMGwya2RXQmNrdjMzRWdzaTZGTjlRVUVOaXlvcS9LRFMvOWNxUEdycnZURFg2SjZBbkU0UkxtZU1pbEJUVGtwYlFhYTNUU0k3RWRhb09UZm4yTDRxRFJLclg1azRhblkrcWJxTUg5SUZkMlIybnFxWk0rVU0yckN4YTJnSFF2RTNqUjNBT0V3UHNPZ1NDR29tbXVqQ05SNi9zYWk=,2015-11-20 00:00:00+00,publikasi
0323a351-5961-4f90-a467-3891529c2edb,Kecamatan Klojen Dalam Angka 2018,view_pdf,https://webapi.bps.go.id/cover.php?f=xS9kpZDBc2L+EaYoZbp0fHJyMGVSeW9URG4rWXF6OTRqSm1iQ2FpTEgxRklUcWxxSDQ0czY4djZ3d0U0SEdjdlo2eU1OR3JJUk52Vzh0YmZURWxlOEVNK2txMW5QUVg0dmhvVFhzS0VyK2dkQkxuSGVhSEhLTi85emJWMWUzU203ayt0cFA2R1pYNUJBYXVp,https://webapi.bps.go.id/download.php?f=ErexGzv96EHBtp3309tlGTVuQzZTa3NBSWJDdzE3UmpCWG9KWkxMUDlWUnpuZm11VE1tVXlZbWcwOTZFWmRVb0w1R2R4dk5sME16MEIyMDRDWVk4UnBPOEZxRFBvcFBZMXJ4SWF4L29NdHd1OE01L3c1VHM1SXFTM0JFVjlaUW5LZGlLY2NYclN0SHI4SjJVcCtoTUFFQUZnWGN4ZTFyNCtaNzBnaDZNUnk4bG05Q3gzbEJ4QzVmS2tMOUhRNk9ORzY3TVo4Tk9PZ08yV3hKK3JKZzFNN2pUZHhtMGFEKzA5V1FWZEZlRHFzSklPbUxYd3lXQTlqZ1o0VDExaXI0WndlbC95bHg5YU1qWGUrSHY=,2018-09-26 00:00:00+00,publikasi
0347c7e9-adc4-4c1c-9a4d-a0368934926b,Perkembangan Pariwisata Kota Malang September 2023,download_file,https://webapi.bps.go.id/cover.php?f=PZhyOpc05f4p8zhAagrWqXJ6c0VFRlhNclNUNTlieFRDNi94dHI5MDlnaTc5TkE5ai91c2Q5Zmhmb3hJbXUybTNwcnBtQjVuRHcvdk1WQlppbVF1NmlYWThKL0tEa3VHNEZqbXBvMUMvdXB6RkEzYitMUDd6TjFkY1B6TUxaMjl3bk1aRWpPZUFjWmNMdTRnS0pwenNxWmtvNDN3UGVCempVNVFOZz09,https://webapi.bps.go.id/download.php?f=4Z2UNb/SjSHo88FbPU/rz0xuTnRyLzQ0Tk00RmcyNmRUbnRQcy9NQ1NPYUpaVVdvdTQ5anVPSDU3QzlwQ0s4NzRZajVDM1ZTS2I2cmhSTlViVGgxbWFTOUVITE9ydGlRK0RUTjVNblJQb29xRE5LVjRHbk1yWDNyVXZtTGo5K0xQSG1mb1pQZ3lkeEZ0ZFFyM2RVWDE4bVNIaG1oUVV4YThOVGp2b01NYXpGcjkwZ2YwcXJrWGY1ZFpzeUdSN2ZOYzk0ZkxzRnV5eXphQ3IrSVBGNHhQOHVzaldjVVVaZXR4VWhxT2t0Y0xwdTZyZ1daQkRzYWEra3lYZjh2S0lxSHJDRmtxcmxzcnlSeEJHZGM1YUpzdkw0WVJnQmsrZjR4amVrb0J3PT0=,2023-11-01 00:00:00+00,infografis
03678c29-5e05-4b2e-a740-1194ea225a77,"Perkembangan Inflasi Kota Malang, Juli 2023",download_file,https://webapi.bps.go.id/cover.php?f=Oagr4jJQucruXlJXCVtuz3VzTm50cWFpeHFJM1o0eTlBT29RUXRJR0FmRUM0OVdmM1JiNEN4emoyTFpnU0hkdEV5eTVyNDI5ay9qbkZMTHh0ZExxRWNzenQzVmt4V25xVG1aUVJoSllodnR4bFI2RHVTNDBQc0JRZXBjb0lncDBTZUJPNFVQRE5FU21pazlKM3V5TjhCVHNvdVpzd0xadS9XMCtVZz09,https://webapi.bps.go.id/download.php?f=MSyMJEgJ5EM5JHxvwuLWaDgrMDVUdFIxdEtnVFdGZ05sS1BlOHdiS1hYTkl0OG1HaGlrZWZ2eTNTVVlXVHE4bTRhSGdBZjUwNFA3bm90bEhRWXp4UGM3WUdLVnAyeDFXamhSTTZIei9kMVhEc1BxTnFNcnZPdVgxMlBLaUkvQjlTK1Roa2pRWjBVcWxRbENmbTdDL1JqeFZYcEtTVWViOHpoV0MwZW9yTGtiNlc0NEFQamJkNFBFWlFnYkRuc3lHamxtc2J5RE5BMjVTM3pEZ1IvYThwSDVvbkIwbThBSHJINWNybE9YcDkydXB1Q0tweGdIeFN4eGZsNkUxeXJCUXRMczhBK1YxZkVORlY2MSs=,2023-08-01 00:00:00+00,infografis
03b35e36-508f-43fb-a6e5-82113f453d53,"Perkembangan Indeks Harga Konsumen Kota Malang, April 2024",view_pdf,https://webapi.bps.go.id/cover.php?f=j8fIT7mP/mxO8RjwORUC8kFqMGsvVGFYZFVjS3c5S2NaV3RIQk9rc1RRTVFJZUpEQTRUenVESzAxVU5vNVVPemx0bnBhYUpvTXJPSzRaYk92cTlSTUdJY2hGUUtPY21KL3VVNndSSGF4ZitOblYwU291c0Y2RlJRNEVZckI2ekhnUGJ3bEJrZTNOUmg3dUpCOWIxMzlHRmc2SUNmQUtYWUZHS1pxUT09,https://webapi.bps.go.id/download.php?f=PLGhK1DwhLoRnfPbmIcKODRJUHRsc3NtTzNVWW5CM3hxTlNMWkNiMlhUWnRWb2JHU1VUWERnazc5d1FYM1hqbk05eS80QXlzbEZITWEzdCtmanhuRWkyLzdyNEtPOEVmYUxMWHNiaWUwYW8rNVlNb0dIYkYrcnJHazUzb1ZNVWllT0ZEVHU2ZXhmU1g5Y01veWpPWFlkUWJLY3FJSHVnaFNKSjduVGIrTGk2c1pheGpKemtLaDEyL0ZBSmM1enBUazZUd2FhbUJMYUM4TnBGRXY0TXg1WHFvYXg3RDNZTTF2WUxWYzNCenVtRFRvWEJ1Wk1EbTg3ZDVCVFkwaG5rTnNlRHB1ZDhrVUFVNjJiTnpFYmVPVVZ1cUROblhnSHVGR0M1SC9YOXkwbG9FTklra3JPdkp5cXhkSC9JRjZCUkw2bW1PK0t4aFhNODhQTTZickVRZ285U1dpdDBCUTU2bXRKb1VCSDlqY2ZvMnF0Y2RTTGhrekdrZlNkaCtOeUJyVXMwM2ZlbkJIU2NaeEZ1Q0RoMkFGZzhmdTdNRUpscm5sVHRVL0E9PQ==,2024-05-02 00:00:00+00,brs
04d883ad-921a-4fba-b4b6-5ff79feacb34,Hasil Sensus Pertanian 2013,view_pdf,https://webapi.bps.go.id/cover.php?f=BqFTrwJeqgDPqQzKIjKhyGV3bFVwSGhTQlVZNVRLYzdDTDJHSURaQk9ua3RjM3NyWmRabW5HOHljaWdYNFFuZW10SnFRUXlhTzhyVlkwczRBM3N3TndpM2E3ZEpwVmMzcmk0bVJ1S29qem1nVG9YaXN1eWhLRHd6MEVpVGdPaXRrN3Jlc3NhQUxFbjJBeURE,https://webapi.bps.go.id/download.php?f=pxhQWAwkHG6Ibyvi1r2ntzRHLzliQ0ovN2UweEI5U3RZOHB4ZDMybzFDVUVMaFVXK1BXdFpQM1JxMGRhU3F0SWkyeXlNcDc1eGthb3g0eXFERTFtUEozb0tNUytHdC8rbUNRSGhJUGRDU21ueW1jZXNnaUNsc0p4OWU1R2NIeVZqd3hvU3ZaREJLYkJuQmk4Y0tFUTg5WGZncVBFcmkzRjFxU01TeXBoN2JVUFZPYytZS2xYNWVXd1pydG1pdTVjQTBxRG1SU01weWJKNEVGUjUzblMwY2N5UmEyU1FmcFIrR0hLWUE0Tm82MUw2S05CZXFISEJ2d3FGM0pHcEZFMHlLLzRlWWxUSXNKQk9jdFI=,2013-08-14 00:00:00+00,publikasi
04f1854a-3cd8-4aee-a7ae-cb4d7b2444ed,Statistik Daerah Kecamatan Sukun 2012,view_pdf,https://webapi.bps.go.id/cover.php?f=ic8uL/RmQ+5quDm80y+ICE9FTDlXLy96bFJJSkl3RTcvWVVkcmRuVUFpV05yMTNWVTBNcEZqTHVrbkdkMXFhY1RrU21nbmFZc3E3RGxqN1B0clRVNjNZTWg1TWp5MlFRa1lwOEFSRUlwUDFJZE9ZaE9HYzY2SG5IOFg0bzQ2alpMZVR2azkwTEJmUXJ3QVlH,https://webapi.bps.go.id/download.php?f=LZd80DortRAYiWcLHRauilNyaTFROEZSYnFoM1BweWxNbXlvaDFJQ2h3NXBnWVFGT0t3YTRISTcvMmZyL0hOUlN0NXJOd1FQaDl3OWVyRk5vUG5SaEQzTFoxb014ZE91V3VlclIxbjdJaUUxb0w5bjdRczVzM1Q1ZlFkYTRmVzRnYlMwL0VieXpKS2JPazNQYXU0ZWtSQWFYcXNVNGpXSDRnY2FGWWRibGxTQ25zR3NhN0JpNGl5bFRXKzk5dHZwUDZJbitaQUJvRlJwUVlBVFZPVXlxeFJsQjNnYnEzMkVwYmVWcy9oeTBjL01LbVhJNXNPckZEamZIdm01TmNGL29EYUZpOHZkRzI4alNNQXk=,2013-02-27 00:00:00+00,publikasi
05011e6a-8a7c-4bc4-856e-abdaa577213c,Perkembangan Pariwisata Kota Malang Januari 2022,view_pdf,https://webapi.bps.go.id/cover.php?f=NyTVdH54Jkq6zWzTHdgrGXRydlBHbWNjTXdFOStCTzlEMFJXbHkvVXBCQnY2cTBIbzFpb0Y3MzJNRHhkQWw0Nlk1UGZtNEZYNU03eEdLRHZwd2hLbk41ZmFtU0xoNGI4ZXhGS0EvWW9NZVpZRjVuTFZVanVFWDE2Ym5kMmYwMXl3YjZ2MlFvMlVSMUM4Q2FI,https://webapi.bps.go.id/download.php?f=muucahK6+JfPIn5ErquXZlJ2T01OVlk1OUVqZW5XRUIvSE5qQ2MvRTNLTm9vUVMvU1I0bmo2ZVB5dlB2SWZGU0pXMmx3L0JlQXgrM2RQRURNSDBGRDJpMHBPUjVjYy9hZTgyNm5Ha3FkWjYwclcvMUc4M3U2OWxPTERoZU9KSUJva043OVYrWkJmaThQdzVmYUhkRENHUUdWRWFrOGpVWStYb2g4OFR1b2JJK0lxK3ZUNEd3MzlYVzBJSU5KVEF1T1RGNnBPeVZpd3ZTZUFPbmtJRk52NC9nWU5DdEcwekk4cnR2dXlGdVYvYkh2TmIreGVXRjIrQVJNN0NQNmlIeFFLdnV3WnFzSkNGMmpaRUV6QnBlbXRDckVTSlFzOEVNV0I4Tkg1RUhaUEt4d25FLytSSTJ0ckNWYjZSalVtQzJLRzdMYnB3RkJZZVNnWUxFalh4bGljYWVhcmZ1dXpFeDFvTndBMGVRZGY4Uk5FZU43RVNQMHhka2FxL0pldXpKalBZbmg0ODB4SXR6c3hDRQ==,2022-03-01 00:00:00+00,brs
050c57f3-d2fd-4402-b2d6-9751ce92644c,"Perkembangan Indeks Harga Konsumen Kota Malang, November 2023",view_pdf,https://webapi.bps.go.id/cover.php?f=Bvsn19M/Mr9elMUiSTEdSjJDRHV3UC9RZXVVa09TZDQ5YklUVXRBcWlyWmRwRWdSYVlTbktPUjd2Y2cvSEJPOTFlSURLWDNacnV4Q1hVNmk1alJvemFzSEgrUDVYZDVBTWRJYVBpQUlQOWJvVGlXQUVDdWpYYVVQNEJ1VWt1RjRoQWFNaXFnRS9UaldSRDdCR09BV2Z3M3p2bENVdlZsZTQvd1gzQT09,https://webapi.bps.go.id/download.php?f=rcIPsNH2lMYKXBI2KyKDhFdyV2U2WXRLVy9Wbmx1WTNOaXdMdjlmMzViemVWMXBFak5xTEdEQlVhUExZeXZZa3A3VUJKa1VoN2JCQ1VCTDAzb3FFeTlCMDFZanRDeHRhZ1AvT3A2QzZxWFVTZHI2S1hsckgvdzlXRGl2eWdaRmovaUdUSVRvZEp3ZFR6U2pJRGZpdWs1eTFIK3R6NTUrdjIzSjFFbTRmd3RZdjBQSENDT0JXN3VzNjdGTXlUK1pMMkw1VVp2OHQvOUxmQmJvdlRJTmUwSkNCR2hoV20rbHNtZktSU0dpS3dsMU12Smd3dkxEalR3dkNGOWRITHpMb0dYSmNrUS9vMmZWc3Q1U1VKSVorUUw5MDRjalFHVkNqSGdoNWRNd2VOUEV6eWQ4eEM3QjlCbjh3OFBKSUFzeWNZZThKOXhJYkN5a2Z6S2pKdEU4Zk9VUUdrakh0Q3htYjdQUnBYbDNVTzFaeEhGeFdEWEhCbXplNUppeGhLa0JPZjhPd3YvU0svZjdpMEI1Y0VwSDFKdGxMSFk0cjBVdVlKYmZYUnc9PQ==,2023-12-01 00:00:00+00,brs
05158336-fd14-491b-83c1-764c02ffb3e4,Kecamatan Blimbing Dalam Angka 2008,view_pdf,https://webapi.bps.go.id/cover.php?f=MfsnlPoOdt6EfX+3Bp86U0pXbmdxZlpqeE5mb3IxanBSZURPM1VWTGRPeTRTT2tWM2Z0ZnFRZzRFU3BMOXVBbVh0NS91SDdnOVVPYnZWMGxPTEU3ck5DWGxSSnNBOTVSNUdxMDY5MmJiQTR6NmRpcW9LbWJGaGJ5QTVVZ3JXMWI3L3Z2MmF3UmFQMXVPNSs4,https://webapi.bps.go.id/download.php?f=z5JxHjmZMrQSKOE4ZN/9U0JsTnAwTlRWejBVZE40NkJ0RnNJdmhnYVhrbEZLSk9GbzkyYWhvays3SlU5cE9WdTZCaEtCQUsyQmJvSmJrbWlXVGdFRlZLNWFidXVNQi9ZRzVBeHlzSnAybGVUVkNXSlY2SkhGZHNyNjY4Zjc2OU82QU1KZ251N0NYMDRjQyt4SVdQQWNlL0JaWGdHTzlkaDdxaDJSWWw4NlBscGtwTk9vdGdSanRRbVRHazdFeVk5RWxLY1I5WTdudXB0bjgvOGJKejhOb0laakxLUmhhVVV1M3UxMXNqR01SeXNzMXlxaXdjYmI5ZVFHeVVUMzM5MkwzTmFmU0RweUNTOGtGcHM=,2009-02-25 00:00:00+00,publikasi
053d70d8-4eb6-44ec-8e2f-a0ba3e384e91,Indeks Pembangunan Manusia Kota Malang Tahun 2024,download_file,https://webapi.bps.go.id/cover.php?f=8MLRr/QMllLJDlR+3+ZqvU05WmVvS1RWcitKYjE5TThjNXRPY0JTUGhWVXdNN2xxYmN0S0E5bEYxMy9pSWI3enQ3ZGV6cDUrOU94REVQeE1pbHByZUlnYk9jV0Jndm9ZVkhCOUk2YmFWRkpBV08rcWQrWEg3cU1aOUFBd1FrZ2lWSVNpSmxFRXk4M0hmY0YxbDMxMUlmZHZIWVNaRXE3bk0rS2JYZz09,https://webapi.bps.go.id/download.php?f=ia9aEySv8xky9BvnUiwjAGcvdUtLdFNXVU4rZlArOHJuVGQrQXU1Y1pubDMyTExVNm12NExMOTRKZnA0eDZWMVlKUDBPeTdOckVNK3g3OWpUeE5qaElqRmxFdytmTjM1THJ3VTVHdG1TMUYzUkVUcVh2UTNwSGdzeTl2N0l5b1Y0ZWVNUDV4cS9VaklMQjZrQ0dvNU4rblBMZVQvVEk2TXRzQ3lmUGZ6MnhWMGF3eU9PTG4yd1JDelRXMVkyanQ5c0tUVklWTGVENzdqSXBibmNuUHhXQ1M5blVQMHZMQU5Zc3dKc3QzVjhaQytSM0NmTjE5aGo2UXEybUhaSnlmNVlpL0ZjbFFSTTcvaGZRVVNsTzEwQyt3WjBtSG1vZjhqNXRPVFdRPT0=,2024-12-02 00:00:00+00,infografis
05711fa5-2811-42e6-a794-26973c27bcae,Perkembangan Indeks harga Konsumen/Inflasi Desember 2019,view_pdf,https://webapi.bps.go.id/cover.php?f=IBgCV+s7UY+Xy39VPZLevjU3NDNFRE91TGMwZzU3ek1iTk92UEZDMmhhRjcxaVE2dWhWSnhWR0hodXJGd3o1RC9zdDNqUVpkL3FIcDdkQ2JrRU5xUEdkRnB6M3NYQWcrRGZsWEFnPT0=,https://webapi.bps.go.id/download.php?f=/b9PQMl8N1b6ZScGZDeE7DRvVWV6OUtlQzRwVnovZndDMGVyOSt2Q1ZyUjBWVWI2VHNNcUZZS2dVallVMkxIMXB5Z2VYV2NZVGFoaHgxT2dvVHZ3ZE80Z2hLSStLNlBBSnZmM3k3cUNLQVRoM3dSQ1gzVk1tNmNGQ2RTZUlDaWFoWGl5cFRYNWprUWRFV2hHUU9rdjNNOFhPdk13bXlKaEdPUlVyUktPa3NCZzdQSVV6cG55T0pyRlNPc3plQ1kxTDBXbk9PaFZSOVd4OGdFV09tOHRpSnNQVEZ1a2RwaTY0UkhxbGZxYjVuQ3QrUlBVU3Q4akIzUEZSTkg5SFBramNBVE9MUmdoM054SERQbEJTOXhzYU5PZGxLajFEazRNM3ZEQ0RGb2VWODQvRmRpenVNbjA3dU9vOUp2bmg1cTFIRnBOcEo4aUVtVEJVMmM5bm1ReiszbVhvVWtuQ25FVWRReEIvY2lTR0ZCYnZyc0UyK09FT1FIZVVGdnVBOEhtUmo2N1VxVG52TXo4b0huZg==,2020-01-02 00:00:00+00,brs
063f313a-6a08-4e9b-9e14-ef757baf65bc,Kota Malang Dalam Angka 2025,view_pdf,https://webapi.bps.go.id/cover.php?f=1WCX1nPW3UYlNeiZua9NEkVneDg2TGw3UGlLbVFxQ0t0OE05S3JiTWs4MnBZcDdsM1ZrUFI0TEhqdmFCRnc2cTI1VEs2MG1hNVJJVWgzMzBjWkxvd1I3ZDRGOHdlUjlZVGlrS1FjR2RkdXJSTFJOaHVtL1pUcTZOL042NlVFaTBmcjZJdmZVNk1Lay9TNytj,https://webapi.bps.go.id/download.php?f=TeLsg7JPfVh0I6XoxMaibzJXMEJHVzNHdUp0cWgxUXRvc3N2bTg1VTIrMUdzUVFtVVJydHBNWGV4TmVKUE13clpUckNTMEhqU29teGo5ZXF2LzNpOVMveVhEZzQxeE1CV0xudTZnMnB6MXYrTDd1QW83cUU0QzRLN3g0OHA5QXVJMTRnT1A2UHR4VGtTZXF2RTZDaFBlYkhjTXc1bHpWc1Q0VTdXalZZbzhMU0VweFpxV3FsWGZvSmIwc0xmR2M5QXlhSXJNQnRpbGxkaWE1VXdTT2g1L05JMHF4eU5ESlhXWDNnbFBxRFVTekYwWmhUMUEwN2xxWm5ZSWhHV3ZmZUFGcnJ6Vkx2Rk1IRnpxMXc=,2025-02-28 00:00:00+00,publikasi
067c5f7f-daf2-4ce6-9d35-992bc27bfa16,Inflasi Kota Malang 2019,view_pdf,https://webapi.bps.go.id/cover.php?f=IO0dmwFP+KhUuI0XYYMalXhMemlZS0s5elBSNlpUVnhGV2xWZmNuR1NMZWNRcG1wQWJhK0ZJV0p2aDNyc3BmdnpRVEFuVU0wNm1lR21FbzhKZVN3WFRFUzBTZGhQQUtQNHl5cXRnVVEybzZTb2tLa2lvVmZnV00yL1V3U0VZYnNKOENFVVM1YWdHekZzYytW,https://webapi.bps.go.id/download.php?f=6V71yey/ModR4IciwvVBonZhekREWUtZUEZQVzFkR2hVckVrTFZPZS8rWTBKeFNSaHN3dVViOGI5bW53eFVZWjBybjMvdWdpQVQ1RDBuZjFtK1dFK1dBME0xamJLaU5YczgrbVdsY05YNE0xZTFLaHgvdXV1TGswM2FMMVFLVHJmYmxxVFBudW1XS3Ivb1hVU1BGcHIrenE5cTVBL1k4MGQzL1BSckplWG5rL1QzSWUvdGk4bnRUUmhiK3d6Sjhsbm1hQ0x4ZDh2WDdqMEpscFNhV21PektQR2ptU29IWnlTdmZnU0pWN2pZWi9MdDVJTWFOcHBaOCtJd2paYkwxK0RlNHJBYzFKUkZuUjlRL2k=,2020-01-31 00:00:00+00,publikasi
07400d30-1f36-4b06-9cfa-5176a0069a2c,Kecamatan Lowokwaru Dalam Angka 2021,view_pdf,https://webapi.bps.go.id/cover.php?f=qF2L3C8J2jtoopCAu0+3MzN0cUdaaTZjVGFCdzBYRjdZWGFxZnZEWjR2YVZvQ1lQQUVtc0hWNkZkRHEyY0tsWXBETTBjOFJOdEVpSUxrc3FOY0dpNnk2QnJkOEIzWlZmOHg1bzVkU0d4bGtodDBKTWxubkY0UjF5K1VnNkVaalRqc1kxbjVldUJESUJsN29K,https://webapi.bps.go.id/download.php?f=KmY2SY0qopk5ifMC8DtKREpta1pTc2Fub01tMnYrY0hsQW5qak1aUVAzWWtxVmVMN3BTenl2VnA2UStocjR3dkk1OG9mckFLdXJFTlgvOFJBeEM0SFFJRmIzM3Y0QWd0WlJlV3hhWXNYSVhka3IzSVpqNnB1Nm1GSXBwTERvZGUwTVBTbHJiWGVVOWZMZURrQTY3ZDU1NUZQYWlnYTFYMVlacEtsQURmYUxWd0ZTZjJoa1VqYkhmN2VVMHlvdk1ZcWdVWUg0c09tU3RzRW9IcTVKQ1ZwSVR5RHR0dFU2TzJWNVJHOUkyRmlEajRZdmwwYTNUSkpUU3hOaUowd0NKbTV3dElrUXhpL3QrcFM0QTA=,2021-09-24 00:00:00+00,publikasi
07d6814c-b247-4f89-962b-51b233307602,Pariwisata April 2022,download_file,https://webapi.bps.go.id/cover.php?f=HpnbFmBm0E5i6kdpxVjP/zlEbitDS1JqTUF1UDRkZkx4czk4cHk4bktQVVNLYTcyYjN4R2hDZXBCdzNLZHBpaGNDVDlRc0FmRkUwZTErV0JZQlYzcGplc1dYMzY2V01kR0poZGV0SkI4eWdXRHo3dkFwU0VWVzFGSlBEbkdvUEFFQVlNNnAzVGIvdkU5WjJz,https://webapi.bps.go.id/download.php?f=97SuMYra1NzxOHYk6UjOiEx5RDBFTHd4RGU1dWJxbkZ4UFNhTm9xQ3R2SExtb0dWa1R2U2ttd0J6ZVdpUnMxYmQxQnFDTmRrU3pDZjJ5UmN5bEJBOE0vaDM2NGRsMlBueklYcUc3SEcyRjFQbTIvMDJVbkhQbnkwakZWbmxXdUNEb0NuN1p1MWsvV3dTeDNiN043QUZIS2wydEl2Q2JveWI2bC9tSWZDcVA0YmZZbEVNYUR5ck9zcElDT1VueFgxREd3ZTVNSi8xMmIxbVp0Wg==,2022-06-02 00:00:00+00,infografis
085b8199-21d5-4fbc-b76a-0b0a9a0f4378,Kota Malang Dalam Angka 1999,view_pdf,https://webapi.bps.go.id/cover.php?f=zpA1hle39a8Sp369mk/DbFlLY3NzVHV1Q29yQlhDbE9SZTRwMTdpZTd1RUcwSGMrZlFTakZKS2ZEbm16c3JzNXlUT3pJcFdaM0RyUTdwRmxiNW9SQnByY0hERHZKbFI1TjZ3RGMvMUtVeEFDUi8zVzRrc2NBbXZBaHh1MS9qUkNvajVUTHpVbXJOL3Q0Y0NC,https://webapi.bps.go.id/download.php?f=bkLrszCfFl+s9RkKdtEmtnMvRlBDNVE3c1JHc3EwMXc5ZldNeEJSOVZ3WDQ2OGZTMFlqVDZGL1VneTMzaU9YNm5rcW5Bb1l0aUZhRVlwb1dRNUMxZ1VWVnpDMDRicXNETFVjdkxuZkswbDlVc29mU2NZZ2haaEhjb09LaEVyZ3ZQeWVMZHlCakhieVk2eGN3T25kcG1uS2lwZ3M1dlZDQlJKekNsU2hhUnNPVkRwYUMzZEV6cVJsUU9qWU5nOG5rUlZNODdTTHg4dGRwdVFGVmNPbnBDRGFDdnpFSFk0NlViZXB5TFB4N3BnaGNmVTVGS0VnYWhtV0tXWTU3Yy9PaUEwSnlDRzhwS3JETmJsVzY=,2000-11-14 00:00:00+00,publikasi
09803a5c-4d4e-4305-a5a7-a8b3ed8ae3da,Hasil Sensus Penduduk 2020 Kota Malang,view_pdf,https://webapi.bps.go.id/cover.php?f=zlmZ9x4ZqY1tQ5TdyqkG7DNzcTJtclp0bUFYMVhqT0dzSlpncGYyMXVRK0ZrWXdnMWZnTHhkcWpnaU1VR2hQUnRxOGdkK2lHVGRaYTNNbjJjZndJemFGa0pQNU01NGFEYVM2Z3VRPT0=,https://webapi.bps.go.id/download.php?f=XADiRAGYKlbyuuHchkvvnjg1KytBeUpmeWZaL3dnWDNyWlFtRzdqaURHZnpDeFp3Ym5mQUxQQTFTdWFIS3RtY0pNQThybXZKZE5XKzY1UDBlRHNFcFgrNFp5cjIxK2VBVEVubFRQVmoxVWIxU1RuN1d1MUNPNGFWOU80SnJlMklkMkc3YXNpeDVCek9IWjBHNUVKOGx3d1JITHR0L09UZmcyMm85Qlp0UDRkMmlPMit0ZTh2WmtPRG9aVGY0M1BsSTcxQWRjQUU3UHloOEVHbW5XOGNWSHBJUFF0dCtMTDFVVkVYcWt5OXhURDQ4YjNWblFJdTZPYk5QdGRwdzNuNFExazVkQjI1TXdTUUhUeTZ5OHlNdmxFSG4zZkkrWlkrOGZqU2NSZWZaMGpjU1pyUXR5NmhUb2VzNlN6N01ueTZ4TU8vRjhMazFvdUswUWJoc2VkZjl0UnVrcnVjZkxvMDRnWTJwa0p2VnNQcGlzOGpRdWRVUDdKKy82QT0=,2021-01-21 00:00:00+00,brs
09dde2b6-815c-4310-8a75-4bc179e81958,Luas Panen dan Produksi Padidi Kota Malang 2025 (Angka Tetap)(1)2026-03-09,download_file,https://webapi.bps.go.id/cover.php?f=rT38qDnWiXgoOkueCGV8PWdHTWV3UWtEOTNaa1VJRFl6dHhoREVGM2x4dU9pTU8zODhqdjZFeFV1dHJIUmd3Wk1JVWNmcVEzYmkvQ1Y4UWlaMGxoV1c1Zit0WTdVK1dsV3RLMnRRPT0=,https://webapi.bps.go.id/download.php?f=Zr+XRCZmJRIX9PL0i2HjAVNVekU0Uk1xdHM2a1lOWlFCUW5raGtLL0thVUdZTm5WL0R0Y1JvRkFvYzJvTkhhSkVwSkZYdjlhTHpJTWhYREdvWjRIQ3Fuei9JSndnRzhLei93aEpNc0xpOFFiUjk0MGJDY0c3cGptcFJBckJBU0NWbXFQaXo2dThqVGFOZ3JpaHkyamZvdjNkc2xtNjBOVmRWMHg0Rzdtd0ZkOGNOWEFHRXdMS2JyK3JHVWd2VFduWUtZN3BaRWZDUHFabitpUVBFZ2lNbWp1eDYvcHNzaldwUEpsNm1tUzJvM2cwajdVcExaSjBDN04wbW89,2026-03-09 00:00:00+00,infografis
09feac8b-2c8e-4dcd-bbd0-ce0e9f8a526e,Perkembangan Indeks Harga Konsumen / Inflasi November 2018,view_pdf,https://webapi.bps.go.id/cover.php?f=gweB4e771iAYwQPIzZt3U1hQZnVNbVdKcCtKbTV1VSs5TVdYSHg4bWNJck1HbG9YZlZ4czBxeGlCbEVPVlN1a2U3MHIwWWNZNEkyTUc2MldteVJoR2x1RHphOW1BbVBJR25HeUNBPT0=,https://webapi.bps.go.id/download.php?f=CDx0C9fnE1bz57zwsrA6+W5KaUk1TGxKcVRGZkhkRThpRGRadnpEYndFdHU0TDBJS1kyUnFrb2Y0THQvdW14aGxueDVSZWpsWHZUdzhVbWYvQVc2dS9teEsvNmNOeFZwRkJiRm5vcHYweDJ6aDgvSzV5ak1wa0Fab25ZMG9lWDZmTTVwZ2VHTE5FMTYyNkJiaGY2UXVVZVpzU2FVazNBS1dTa0d0bEtTUnliczdvc1p3RUV2RkFpRUppYmlxOEs5bWNuT0dlcUNlNjhaS1NWT0JJOHFmbDRqT1FkZGF0dFV4YXJOSTFqbm9jWVFWUnorbTVrZTlYL0FDTzZVUWsxb1ZVK0NNejF1ckpWUEdsQjFLZmtJSlZ1endkek9xY0tqSmdCcEhCNzN1d1duS2FHUzdSN0JPU3JvMDgrZDhVaGZnMHIwRThiWlJFL3M5dS9UTEFVM3dvZkoxWUpJeW5XNTU2VVdtbWN4dm4vajgxWHdSVk42T2tIREJyRk5oeU90OEFEVG9EWUs3ZFE0ZDBWaQ==,2018-12-03 00:00:00+00,brs
0a117644-ab17-4789-be07-d4e815545f89,Perkembangan Indeks Harga Konsumen/Inflasi Oktober 2016,view_pdf,https://webapi.bps.go.id/cover.php?f=TqSIdWXvkf3yEnwJ0+FTrjg4dXQzUHh0NERya0xDWDFHaUtsakwzZnA0eG9aVFhvdWMwVlJ3UVI0MEQ0ZXNhcWxocDR0TVh6Nkk2eUFjYi9VQkxReFhmUE9JcEpWS2tsY2xDWVl3PT0=,https://webapi.bps.go.id/download.php?f=WfOEZIu7yIiMA+MA+SKhoWs5TmxpZnBzNE1tbG1udVJTd2MweGpyWUVOMkhDN0xyMEVDMCtrTHRUdSs1MDZRK0c0Y3hLQzJVUStuZGlDRG9RWG83NnRCZTE4V3JsSXBZVmlyZW8zbDB6aWtsUm01MlJUVTZ2Q2dMRlhvWUYwK3RvakVQak9xWE80Z3B0T2VvQXhRYjVFc0FFTzVBUUVsek15azcycU1YZ1pROGRpQVJpMDhkSkZWaXdxT0toaXlleTVtRlR4cDJXNVVmTG5rb0t5S0dDNXhxMUV5bzg4U091dWVXOTNyWjlreDhYcWQvOHRHQTJGdzh4R0FQNjYvNlJYd0N0Z1lHUWk3bnZuZ1hpLzVGSFg5T2dUQ3IxelM1UlNaNjh3ZE81L2h4RTRKTXlzTC9QK0R6Ykx0S3k4bExZYnVWT2pzOHJVTVhtb1IxMjBsSFhTME5yL0liVHRRUnBmQVlLWkdrMjNqZVphaS9xTkpnZWNUY1dYczRGU3ZKYWdoOUFuL0Y0M1RPVVE1Yw==,2016-11-01 00:00:00+00,brs
0a3b133e-3d41-43a5-bf95-ccfedad8126c,Kecamatan Sukun Dalam Angka 2015,view_pdf,https://webapi.bps.go.id/cover.php?f=EcgPLCRwaaigAXoaad2U7WFvYTBHS0lCT0FCd1BoS0tVMENadWVWZ2RQRWNaRUQyMDVBaFEvSnQ3NjVFZWtlbng3TUFHNVZieDJVdVpkYnd6Y1YzN2xrbzV5WmRoeXM4WXc3VHFnTGkyVWFGSk96ZklJVkVsRlVOWkxHZW4yL0plZmRvOHNjbXpJU3VxMHhr,https://webapi.bps.go.id/download.php?f=/jdf2a/ApGwiE6RlAt5LBVFXT0RabCtERzc4RVBvSVl6VmR5ZHNwVmZaQmlCYjRBMFV3aFFIM0x3R3NSZ2hKbmdWMC9ibTFSWDV2dHZrWmlJQW1ybEJyZk14YThLdVl1NTV2S0NrdmtNZ1JjV1pwemhUditJZG9SMkR1aStJd2dEVmhHVm1sNnhkTFFNWEwyS1pvWE81VkFhSldNU0xQSU5paUxrVnF3cWNXV0Q4ZmVsbXdiZmk4YUROOWZGUGREa3NpVUVGYXBaRVA4L25PMlJzTEt1TkFmTkUrWWYwRGhrclAyQTh2QS9CSUtMSHJqRVFkdmZ3cHRQWTRsZElGYUpTY2J6Z2NsOW5XRzQ5ejE=,2015-11-20 00:00:00+00,publikasi
0a804a9d-d0f0-40f4-a18f-9a67e97cfde4,Perkembangan Indeks Harga Konsumen/Inflasi Mei 2014,view_pdf,https://webapi.bps.go.id/cover.php?f=IjD4jep0md+crwsnqzN2pGd0Rm9hdHhXRitRRjR1UERMZW5wdVNrMDFSR2wvbGJVMktJYU5QRlpsSEpHc3NWVnBySXQrSzMxSmZITm5SQTA3bHNSc1QxV3ZKNE1Pa0NHYXkyZytBPT0=,https://webapi.bps.go.id/download.php?f=ountJ+rggwa9vrZ14oau6nF0RU8wMlhmTUlRNzZ2UGQ4cU05V1Q0OS8yMFdyREtUNTlHb0pYTWV6RUZPRkV4WFRITHFSRzA0YTVqTm51bE43MDgxQUxzVE5hdXJyRVNoNDNYOFc3eUp1OTdTSkYzNU5BdFRVV0gyVUdpUlZHTHlrYkIySnBiWXBjVGFTNUltTUtlMXFoYTFaYzF6TkFyYmFiOVZvME4yTmYxMFVLbG9YeDlyMjMwbnVDd1BlRDJ5SEFoNmZCWDZSVWd4T2VzOVFKNUJsa1Qzc2xjOVhWUk9CUDNNc29vV1NzbkVEZGNUREtsQ3dxeGJpdHM0UjVCU0JzZktWdjhLQ09HbGk0QloyWWFwV3Nrc0hrTnZDdUFmVTdva0d1T2RRZlVyczRNNkNzakFwTzNHa3JGcnVFdVM0anhUYkU0QVArN1FHQU5TekoxU0Y4dWZ3MkhjTlZsUHArOWY5TGtYbVJCanFOaDdyb2x6dEd6Y2tlZjgrbWFqeFY1NDRvcEtGYnp1anY1eA==,2014-06-02 00:00:00+00,brs
0a80c24f-e5e5-48ba-922b-fa618b2f7237,"Tingkat Penghunian Kamar (TPK) di Kota Malang bulan November 2025 sebesar 50,64 Persen",view_pdf,https://webapi.bps.go.id/cover.php?f=Fo4Mj1Qc5gFqkTMuX0wifUk1UDA3dlpDUk4wWGRFTW1kVkxxN29LVFVGL2xjSUs0enVYVENzT3FGcXFwWFJnOE1Qd0lURTJwNWF4bVhvVnVtY01VS3BQcWF2OUxqUWNGc3V5TEdRPT0=,https://webapi.bps.go.id/download.php?f=9tiWPWnLwIqTzO99oxp0LUExUUlQTGNVT2g2ZTVYU3RxKzE0cEV5cXk2SGRaSVF5N0JVZElCR2RUT3FPUjlRdXI3T1ZEcVR3eFdjQVh5UHU4ak1XS0J2TmhHcE1kZk03TmY3MUUxRFptR0JIWmtzVmxPbENtOXBGTkxkUGpMT2tEMlVrMTJjd3cvYjJPMzY2dklBVXQwVUJZbFVqOWh1ckpzQVNreHZkRUhWajB1QysrT1Z5WFY3cXQ4Q2w2K2NnUndrV2dnSTNsZ3Y3TXAzV2FoWFF2WlFaVHBuNmZCYjZ3TTVUdUZ0NVJwa2RPMWRNdnBCd0FzTGJMY0pqNWhuTnZGYmJDdzVXTFAzWjNwSWM=,2026-01-05 00:00:00+00,brs
0ac1decd-0c65-4ecd-9a39-1e8e6fbc789c,Direktori Industri Manufaktur Kota Malang 2025,view_pdf,https://webapi.bps.go.id/cover.php?f=mTmmES8qayzV0lvXv1HA+U1uSFBhREsvbGJycmZsT2hDSWl6L3lQbi9KMTlzQW41bERQUGpmZzVQenpwMkwzNVpiRnFqZ1F0N3ZmVkJNT1hJMTVUMWp3NDZteHI1RmhNZ1NjS09mK3FSN3VGZ0U0Qk5KZlZ1T1gzUUJodzFmYWZTVWt2ZGNwQWMyc1YvVE5M,https://webapi.bps.go.id/download.php?f=xq2W3r55F/bZRA6+DRL7tkJZUUwyNWQ2Z2NjY1ZKSU1USGpIZnZ0NUhXUjRHRFdQcjNYWHA0cmhnK1o2VjRMUlRTTFVmZS9nSmM1NUQ3WEowNVM2ZWptMUhjZXd5UDBDRlJ5NDVXV3Z0VzREbDI2bUpxR1p5QUU3bS9wK3dCUCt3NmMzZXVxQ1czK3gyLzI1Z3pWRGVMWmRrSUhCVGZCZkxkZWFFM1JnRFlab09Yd1N4N1FHOVJiRlRTanR1Vit2MEkrUjBITG5RbzlHcWV6RERiM3dyb2Ivb29oV0xYTHo0SWFrd0NIRUR3WEY3c0xIbkVwQTlEcDMzWlV6YjVxU2tpQVVXQzBYL1Z4SXZ0YnFDYXRLbFdJOVV3bGJsTUQ1WDA2V3FBPT0=,2026-01-12 00:00:00+00,publikasi
0b6888bb-ff35-4ce6-b87d-1d2669f5ff3a,Statistik Daerah Kecamatan Sukun 2014,view_pdf,https://webapi.bps.go.id/cover.php?f=buZUi2iHT+lTGpYFFJJBpmhKbGxiQWdHZVdKWVJSU0lpSnh6a2pFTXlNcVcrdnN1UG5ETHczeFI3RUczRHVvM0FmWk10b05kS2RPRzVIUFNuTDlPZmJnWGNIOUNqY2g2UllCY3hhbDRaaEZkcFlVL2ZMakpjVE5INExOcUthNEVnNCswOXF5RENleE5uRGxh,https://webapi.bps.go.id/download.php?f=Xu3+r2UJLjQ+nXSxJDAeVzJnL2dmcFZIUHBWdzZ0ekNTKzVhejVsQUc2TWx2WVk2VjJRbXZSUm9QdTA3WXU3NUJlR0VXNk9GYlBTUVpESjBZdGRpamp3T2RWWjBJaEFzQXREM1M4M3Q5a2l3d2QwbSt3T1lhWi9yRUMvVFMzWU1uNW1VeHlqRnhRTjMwSXZDV1d6ZkMyUjZEenBNZHZ5ZkduajkvS0RrUGhmc0pnR0FKZzBCVWVWWE5TWll3Mks3R2s4U3REOTd2WG5MNnNUMGs1dzBOR2dVbG50aVhiN28vZU1jRFcxb29Sb21sbk41NjIvTUJQVDcwQ1N2NFl1czh5ckxkcC9EZUpMZjcxZDk=,2014-11-20 00:00:00+00,publikasi
0c78780e-0221-4120-9e55-4ff3a1e8ad28,"Perkembangan Pariwisata Kota Malang, Juni 2022",view_pdf,https://webapi.bps.go.id/cover.php?f=j4zBX9GxLnYMsI5GpHrlezNHMG9MZ3NBVTBUQ2kraWZwUHlWUnpyaHNEaU1YUFRpNXpOWDBRRFNpbWRLVWQzU3BOOEJxc2ErV205RmRwdENzZEF2NHBaZEJGdlhlM2o4Z3l1K0xuaWtvWjhob1VNTjRDRWNzWHVSUHl1ejV1ZFdUcENPWFRFcFpjcVRuYnJs,https://webapi.bps.go.id/download.php?f=GYBrF/EtF4Ac07eolGHewlZhVTh4bGlsSmUwR2NyS29EWGRBbHMyaER6eUVOa2RzT3Q1QTVMOVpwek1BVld0SlBTbFhpSUF0OFRPUWxVbEdjd1hwUnRNZERqbDYyVUxEd2NsK1cwdXVBL1NlckRrR1pSd29Xd1NVeTVzbjl2cUx2OEtzWUFveGNBYjhDS2RnUGYxTUI2OGNHcjFsMlhuai96MXU3NW9yYkRsSVFqMVc3L24wdWFJZkI2WE16UStNeTcrdGcrSFhRMm56S2c0dGVmWmVLR2I0VGZhc21XYWVnS1lidk4wL3FmSkdzUlV4M0RZYmgvclBYZ0JvdWI2bjJCS25HSjBab1kvelp3R0FBK3dPM1Rtb1V2YzB3VjJzM25MSVJRcWZhd0RvT3VtbW5RRFNZd1pSSk5nNjhqM3N2YXBDd3FsQkh1RDhtUXNkRmVBdCtBeXMyTGs1UzYwMnFaOXlLZEl6VXlrTHFWdTBwdWVhTm5yUlRSbnlSeUcrQURYVXRKZ1V5elE4RUlMVQ==,2022-08-01 00:00:00+00,brs
0cc3632c-7153-4f44-93ef-af999f80143c,Kecamatan Klojen dalam Angka 2011,view_pdf,https://webapi.bps.go.id/cover.php?f=oUsbuk5LZxG65urKnujHPCs0Z1hOR0ZRZmc0TFJvZ2FsWW5QdE0rYnE2RG92VWxwZ1hvWUEyR0tmUC9GUk1BZVlkNUhwQ2RTVkR5ZHlSYWh2TG9nWTl1SFpxQ0dqQVpULzlnMDZicmp0L21JWUNwR1h2UUd4WVlNUko5SGh5UDhEdVplNkpweUtIK1hwKzF1,https://webapi.bps.go.id/download.php?f=DQhyIFUzDn4Mn2ub8q4WGFQvUlFyeHdEVjUwTjRQczEwVHhubU5zcVdVVXRFQmhqY1R1dksyQUFIM21jUkFSOXpSTmp1Vmhmbkkra2xXemV2VFJyQWhUWEtRWU5zQ0JvSlhkQ29ZakVaRkFnd0tPdEh2eTIzRW9qYktSUDdYVU9rQ3pNblJzV3U2NktFa2dZWkNyMVZWck5HaGE5SHRpSzZXbmtLbXNGZHZ0cUlJVXF1citPL0I3ZTFNLyt2dlJ1cVBDWkJGS3NJMkV0RDBBZGxGNXZkQWVHdVRTemhiS0VFOXB5dkVaSzA4NW1CK2Jua0FuRXFKYTZ5VUhDVXFWQ0V1RDdZZzFJTzVNeTI2amg=,2012-01-12 00:00:00+00,publikasi
0cc9c58a-7aeb-4fe8-b0ff-ebffdc48c388,Statistik Daerah Kecamatan Blimbing 2014,view_pdf,https://webapi.bps.go.id/cover.php?f=BSj+NCJJ45qiV6ikAT0QnFdaNFg0cERrL0FCTSt2dk5CRFpoaGd2QXVxVGFXUHZhMVp4bnBZeEE4MGpQaWVWeXcvYmVsbm9rZmZ4UnBvc0lJVzZ2N3B0NUNjQSt0TWE4eFZBTkhWY0Z4bG12WGh0RTltU2RjRmJNRGxScG9zTVFtUkhQeDVJVHQ1YzlxbDY3,https://webapi.bps.go.id/download.php?f=9ZjeSFrceEWW5TtXhhK1g2xkVVhaUjZncmhsTHBMSGZEeTBmc0RLenA2SEFTdmJXc2llc09pZ2p1eDAxeVJmS1NTczI3eGlzU2pjdXZBckdSc2ZCMWN4VEpVdDJiMzh5eDYwR04vQWg4SWhVUjB6L3NBMkticjcxekkvS2crL3JBQTZBakJLZ3pGdzZwZHRmZithSEVURWhBQjgxdThrNE1neERqSDRqLzNldzB5cWc3Tlk1SGsvQUxqd2VEL3ZUY1J1OEMvTmZCK1U1eWNxWmIxNUlhUnJQdG1vcE9lZTJtRlk0dGtmUEZVdE5VS2hxVzA1WlpmWE1rZVB1OFY4d3hnZnU1V2FQa2pvRlcyUVFIOHFoR1FWZW1UbGh0MDkxbHl0K3JnPT0=,2014-11-20 00:00:00+00,publikasi
0cdb1f80-8d69-4b0f-8fc9-0e580d5f0b2c,"Perkembangan Pariwisata Kota Malang, Juli 2023",download_file,https://webapi.bps.go.id/cover.php?f=5fRsE/IrOvat7pY/hAp9+HdRb1JpWVRNSDRiWEl3WGZGUzBneGFKc1RpSVJMckhGcnhISDFuN1JVL281RDRxVHJ5Yi9aV3BYMkJ0cU9oUUNsMlFvT0tnQU9oVVQyUXlTR00zNFRrWm1GbTIxNjZ4Ry90bi9xV1RkTXQ2b016b0xhMmpYSVR3bkM3MHdqWVdJZHVZWkg0QzdaSllFY3Jxd3VtcXcvdz09,https://webapi.bps.go.id/download.php?f=Lbef6n+9FiObl7Tl3vgom045U3R6N0lwSUd0NC90VHRQR2xnaTlCNXRGL05zbHh1TXhYbncwUGRXVEJvM2I5RVppeGtVQkJiQnVYaDBUZWp4RGN3OXpwYUV6dlNEbFlwYkZ0TWpLT3ZTb3lFNFoyR3Z3QWxXa3BJSG9xaFljeW1vTGRqVEdPR2g1bHpkL2EzSkJNNnVQK1VidzVKZXNRUzltVEhpU1NQNS9MYndxR2R0UGY1ek5XdU1EY0syblQxZmxvZC9odVdGTytOUlBHTVhQZ0M2Z2pTenE1M1ZJNVFCTWJaVWlVRElTU0RkZklzeE9tei9ORXNaN0tHUUd4M3VSbi95OE4yZzBiZmh1NDZ4VlJjNkhmOXFzYmYwd091bkxtSW5BPT0=,2023-09-01 00:00:00+00,infografis
0d68426c-bbfb-4626-a47a-69f37df9d42a,Kecamatan Blimbing Dalam Angka 2019,view_pdf,https://webapi.bps.go.id/cover.php?f=NIOXO15MmoELT3PixwkAUlFBUC82MlNVdEg1Y3EvMDRsQXBxUUpSQnB1b1oyWkxFU1RlbnlEalczOGJabzVkTklnVmlRSG8zbHBtNGV6bG1xZ1ZoSk1GcVJtcEYyWDdSNjVUK3Zob2lha3lxSFdzVnJJUDdEZi9KTzJURXo5NGpIdFZRUUNyWDdaS2ZENDBO,https://webapi.bps.go.id/download.php?f=1MjamW6t7tZxrXX0sB7jukRYL0EyanhRT0lLM2dmcjEwdldsK1RDdXdPVGhoWElpVzhCVTFQZEE3Z2NSejNQVlZEWXhJTkhyZmliMW1LTVRieFplQytYRG5EMDFnMnlPN2NrRDV4K3VNUlpHdC9JSHFkZnh5V1c2bWZzSmtSSzV6VEU4eFYvbzN0RGRWRi91NmZnSnl5ZmJCKytyaFVkSjZnUG5pV21ZM3lsbWlpQXR0R1o2THBvaW8yaVJIN1g5a0RDQjRwSG14bGlZMkRnZHNDUEp0QVo4N3hYWGU1b2h2Y250Q3NEam9BUFIreGNHNTI4RWg1dUNEV1BvK24yTy8zVm9IV1I5NjFlbU8wZlM=,2019-09-26 00:00:00+00,publikasi
0d9b262a-b1a9-4d92-bbe1-78faa16436a0,LAPORAN EKSEKUTIF UPDATING POTENSI DESA 2020,view_pdf,https://webapi.bps.go.id/cover.php?f=Bx+w4LXkXUptE8OubKKHV3k2QjRObXlKZS9kMXhyMzc5UmlPM3krbEdtWGhBaUVkZ0RhZUJrOEFFM3pLdHF5RTcrVmsxT3VUeEZPMDlNT0pEYnJyNzE0VjUwWHNuenVWRjVwWHJlRm9nRHo3NlAyN0VPMkRMblFSS3FlWnNMaCtUd2pDOFNzbzNDZHg3VDA4,https://webapi.bps.go.id/download.php?f=Vg4H8l/aajYaRYCmD4Eif0dYVkVueDd6QTdYQ2dRMkc0cEkwS2RuNHl4MVQ5OWdibndjZ3VqbFZNZ25KQWNKaXIrMmJ1VmQvRXlMV2UyUjBUWFVSZ2tMZ0lDOHpjdGpqODIwYWdpeGdybHdKVklHQWlSbUt4Q3NCbFBJNHVhUElHUUM2cFlmN0QxOThoWTBUczRyUWI3NkM3WkZEZ2EvV0VhNUZqNUVsWSt5YUZMSEpwRHh6bFYvRjduNGY3U296QUhwSEMvM29VTkJHVlVwWHhPSWR1RStpZWIyNHR3UCtwWWl0RXcwcXRTNERWRkw1d01ZYjd1U1YzTVBCaFQyOC9TNjBKemhWcVB3UFJUaVF2bGx4ZjZZT0M4Z2wxem56c2xLVlJRPT0=,2021-07-06 00:00:00+00,publikasi
0e367bbc-1f92-4175-ad08-1b05c1023a58,Kota Malang Dalam Angka 2019,view_pdf,https://webapi.bps.go.id/cover.php?f=7iUswzFWCq8/GFwfDj8+U3Ixam44MFAybTA0eDNYSTg3M3pxRnFZR3VmejNTVjFBbHdrdmMwMXdjSjR4eDVRWVh4Q1VKbEpicmZyQ0RIZTJmK1BqdEtSNXlYRkIwZENpbnRsM2tKeTh3WCtjbmFMc084UlhhTEpMSm1aTGt5azdMV3BqS0dNalovY1djdDMz,https://webapi.bps.go.id/download.php?f=WZ9uIcWSSRH2UexHAAMBGkJyT0hDR3lBeU5zTnhFWFdlYktnbjRiMk9pVXF0MmdSNkllVEtxcmRhZFJhMld1U2ZqV0pmQkNEeDgwUXN2VXZRanlRTmxGR2VVaE93UisxaHN3bjhMbUxmZWpYV2FBajNFZDZXSHlYNzBvTG8yZHErUHlHYzRaZEtsTnBLc1NBdWFkYzdLeG9ONjg2ZHFGSDJUREp6d3Qwdjd6Zkx5RTRNa2lmek1JRWVqMFBocThCbkZWZ1htcjFaRmZ1M2tJc2R0VTZRSE1tT3dhRU92QUhCUHA5Z3hiMDEwSVpGWmUvL1NTYjVTQXpWdi9iSkd3MFJyZ0VuZVlEVlVSOTVyRWs=,2019-08-16 00:00:00+00,publikasi
0eaeb68f-f2b8-4c8a-8490-9ac3a8a8ac92,Statistik Hortikultura Kota Malang 2016,view_pdf,https://webapi.bps.go.id/cover.php?f=1NTrbP1kw+SStX7cMRg8Mythb0tlTE5EK0dHUWR3TlNNRy9vVWtzSnFROVVRTVVaWmM3Q0ZvSkFSV3kyVWpxK245WFI2V0VMMlVQL0k1VDhFaDg2V1NsU3dnZU1KbFgvUS9HT3BHVm5xeHBuQldkdGhPQWNYMEtJZlRtYjQwNkpzeHJnUk1GV1dZRWJqR3Rr,https://webapi.bps.go.id/download.php?f=OqikNlwe4JoZm3jcLZz9zCtGblNpZ2Y2NXYyblJnZzYxT0duUnVldDhCM1paUnc3SzdBaDZzYS9wYmFEby9aVTNTRnFoRzBsbzJPaHJpSGkzZllvSzROcWQ3U1BCeTN1R2N3bjErQTlBd0xnN0NEZml1U0F6QlNsUDFUb01URm12aENnNzd1U2NoelM1WWppT2E5bWVjYmpLNmYzT0lNOGc5Z0x2amhGUUsvbW1WcmNLd1JjTGNEQnRwN3pSeXlRZFdnY1B1aGJNc041dkRmUlZRYk11aHpOdHlxWDNmUk0yRERGUVRMNkwyRW9MSDBWbi9pVHhxTUI5UnNMaWtkNWU1ZXErZUZidmdMY3dyMEJOdVdad0pQOFNGTWJUNUlrSzMzVEVBPT0=,2018-09-05 00:00:00+00,publikasi
0f3566ed-bb39-4d47-b959-609b1adadabb,Profil Kemiskinan Kota Malang 2023,view_pdf,https://webapi.bps.go.id/cover.php?f=pM8mzMXgNLocc/rGB7dTzU9YUXB3SWNYU3BDSHRkTTd0NmRjcGhQVGVPRU9WVzFQeDJaa2U2MHlBMUtXWmtyRFFXc1RJSWtnckx0VWI0N084NDFoaG1qVTRIQkdOTjdTK2NQZXZiZG5mS1RRc21IM282MkxlQjhKTGdnNktubXd5d1JmbHNyaUdjeUxIQVNL,https://webapi.bps.go.id/download.php?f=LVSl7zowIrmuBrN6CT8wMEpqSGhudkpGekhiM2lYUy90T2ZJNmdwRDduTWppS0lsZVFrMmN0WktyQ3g4a3d4TWhzcWR5dXBubEdCMDdnS1VYalJmWDU4SG5OZzlPVU5JbVNiQ1M5SkJ4MDZNSTIvREZVWWdRWWhiVTZ1ZWlQVithenlSMGNwaVBzWk1QRXRqMUFhUjUyS1QrV01mbVh3RlZ2ZWhoZVA0akZQLzJIZFBIc1JCVHNaQUVSemNtdlpPUExXNHMwTjZMY2EwdFpUMzBWbzhaZzEraENKZmlxLzJnRW9sQW1rUThkVUlNaHE4OEg3QzRlNDNtbkgraHE5azBuRUUrZGJlVENISm1aVUxsTGNoUld2SWdvTjdlY2JtV0pzQlZ0QUpPUlB3WHRRRW5sQlBVYXl5YWh3SmdteHVZcDZPNm5ORkNJQnBseE5YWVhsbm02aW9mQW5KK2JUb1V6Ykl2cy9xekhUTVgwOGEwc2R0UjllMkNVTT0=,2023-11-06 00:00:00+00,brs
0fa31232-fc82-47ff-93ce-9300752b3b69,Statistik Daerah Kecamatan Klojen 2016,view_pdf,https://webapi.bps.go.id/cover.php?f=7QFTlek+tIAqmNnErYSEVHdYZGt3dFg2N0FBTFBXZHBLR3FZSExnR0xIRXg2YzQvRG5udnl1MlpmbWEwSjRqL3IvWHU5ZU9CeXFkQlJrVXFxSzhyalJneUZ4TmpwZzl6bHBFWEZkT3lWMExyZDJ5TzJ5aHBGUlBDejlaQUlQd3BjRk1IaVlQUzBadUZWM2Fu,https://webapi.bps.go.id/download.php?f=/QQH0D4ELumwz9U32712azlEdTg0Qk92RVBBam5jTFFJNEVNQ3kwSzRaUFJ4Q05XSEZ1WVR3YW9zTi80RHhIV1UzZEt1MnlDcDFTL0RVRDFIT3k4cGpxRERRQWZVWXlSMk9XejZRRjhKUzNwTlBhNUZwdnRxTkpGSVR4OTlBZ1h1cW0rNGVURlJNMkVWMnVWaGZLNWx1bE9zSkVNcGRqQUxmRHdxSlBVZVU4N1IwQXZSbFNPbVZyQ1NLWTFxOXdLbmZ2MS9WN3c1akZ5ZXJsSENQcEh0M2ZveG1GMlFCc3hoeFhlK29GbXdiaUI1VlhQd0p3bUgxbEYrczQzekRZRkRWNTMyd1RrY1J2UUI0S2k=,2016-09-26 00:00:00+00,publikasi
0fc4e28d-f807-4ac9-be5c-a38aa4ba90c5,"Februari 2026 Kota Malang mengalami inflasi Year-on-Year (y-on-y) sebesar 4,81 persen(1)2026-03-02",download_file,https://webapi.bps.go.id/cover.php?f=xLYS9q1Q+NN3OiHYRUcCg0FiaXRrK3hJN09tWEFYckNFOWZ0ejJIUXRNMkZlQzI0aXNVaVI1ODJXaDJnemVGd0Vjc1B1bWkySDE3amY5dUV0OGJVbDZBeGRPWGZ0RGNiTkdjNEJRPT0=,https://webapi.bps.go.id/download.php?f=Dnf6d+wQN+dONG8RaivFkzdncTB4anNmVEdHOFkvbGJoVEU5aWZqa1Bqb1I2MkFpaEloT29CVU9ta3JzNXNGenQ0c0JiWVBtZTExMmJuTlp0ak9BcWllbC9xQkU4aDVwZTdQQXZCQ1RWQmlranc1Mmx3TU41VlcvZjk1V2pBWFZ6a1c5NDhGOWs4NzdzS3E4UlNhUlZyWHlCVlFsckQzVFJ0OGlZTEg5cHZWenBSb09oMmp6eFllK2xvOFRSMUVNWldlZXZ0UVlINkxycWtEYkVHbTlpdkwxcEFSY21SY0tFTXA5R2dURXBxVHYwKzBobXlFRWdwcDNvdDNJMHZMUEF4NGJHNWZQTHdoTnRRTFBnemI1SXBraHhaazk3Mzg3cEhOcklBPT0=,2026-03-02 00:00:00+00,infografis
10c1d0f4-41fc-4774-88d6-4a268fb4958e,Statistik Daerah Kota Malang 2025,view_pdf,https://webapi.bps.go.id/cover.php?f=1nuLMo9+sha/4Ph4sHkQE21qMW5BWmhkTWcrZVZ6cE1LZmpzVytpUXpYMnQrdXduMFhITGhwaFJoS0Q1TklieS9KWFZQVk5mc1dhc1FVdFpuTVExNjJsLy9vLzFtN0gvc2RpTzZQOXM5VEtmR20zQ3dieVVwbnN6QVIzb3d4Qkh1SzRRKzFZd3ppeHRWMEZQ,https://webapi.bps.go.id/download.php?f=LLNkIcIT9SbBQQrR9tVDZ2FQUzZzYkZJaG1KeXhVdlNnL0JmMWFpenBPRTM3Nnl1cGJRQ0hpWmxxL0VEVVlaNklINWRYR05tUDZjOS9sV0NhUmN6LzM4Z0crTjJZQmo0UHFSUzlab3NJZ29xWk1NZ3k0WmRpbGpCbHExWjBpTGtBSFRQZXRwMzFwMDZaSklnRmk3Wk5lSy9Ec0x6UUpwcGdzeDNBTjlwQzB6N05NQ3Z0UkM0c0hkL2pLbERBV0o2MEw3eUNZOW1zVFY0bGU4ZXVvRDZXYnRESWIzb1hsY0J6QWtVUStmZm1zQmRDaWVnMVVnMkp1T0w5QmVha3BKVDM5elh5SjVtclRaSGMrMDQ=,2025-09-25 00:00:00+00,publikasi
115fd873-f819-4afc-a9fe-f6dec9eddfe2,"Januari 2021 Kota Malang Mengalami Inflasi Sebesar 0,06 Persen",view_pdf,https://webapi.bps.go.id/cover.php?f=RXaXTutPEqEv8BxwAhY5XlM5bTVRRUpwUGFrUUZpUkMwUCswV0dwNUhOaHIzWFFDeUl2MER6QjlocnRHYjJTKytNNHlRSmxxWDFPN214bDh3cFdyZzFHSEh0cnpKRDBwbDRESmtINE5nNEQxZ0M0YlhBODM3cGtGeGkwPQ==,https://webapi.bps.go.id/download.php?f=16c2wScIr5pv13ei5/DLdFRDSnpoTFhydWRacm5IVnk3WVRzNnpYUk0zajhwRXphTzNXRXI1aS9Cd1poRW1XZGdxRTZFTGF4d3FkMkVqTmErZGRTbUQ5WHhZYlJOdWJMRzNtMmhXUHFhWUc0M25tYUxIdkU3Ync2SnRqZktxTXNxYUJtNVdpd2xVZ0syRytabGppMlFScGNLeVpCRGJJU2ZaSzlkOUdMQWI1RlRFSFEza1FrdDhOYWR3RWtHUWh5Z0FBYTRYMktoSkxNTzcrZ1VJa1NDVFQzbmU5MEUwb2Q3SG8vUEg4OTk2UVViTU9HcVEvajNHY3JJeTQzT0JQYlBneHRhbE9ram9RcEFFcE1NMjY3SG1ZZFZyVXYreW9FRW02aXJacE1MR05qdHFlcDRPYThiclZENy9PQUMyRTBkMjBBNUIwQ1E5SitHaXRITWxxV1VWV3RiL2pzM1lHRzlzNER6RUthSWh5NHpVSi90NFJWTUROOWlwLzlCeDRINHg3QXIvdkE4bUc2YmR0aWE4bDJGN3hSbW5wbVUreUQvOE5jV2c9PQ==,2021-02-01 00:00:00+00,brs
11c724c2-3c83-4f46-94b3-255eb214dda0,Direktori Perusahaan Industri Besar dan Sedang Kota Malang 2023,view_pdf,https://webapi.bps.go.id/cover.php?f=PbhbwbZImWFrEqopdCGaVnRib2RMc2dMa0pXbjNzZTBCV0twdmEvZ0x4a3A1MXBUQ28xRHF4Ym9KUXd5VTFKTzJCVlZJMWVRNnBjajEyZS9PbVorTlVIZS9QMEJESXpSK2JZQ0hoeHRpNVhUanNMTEIwN2ZTbmRETGJjN2lrMmZNK2JuY0x2bUhhcWRhTnhP,https://webapi.bps.go.id/download.php?f=jmmtcMVROYqyDqcFBCQ2d2p6UHBBN1huT3FrVlNCd3pRa1Q5OGZZcGFGL2lqZ1dpVyt6OFZza0I2TDJRUDVWbCtZbEVhcm9UTGJ3NTFqMWtzYzhtdVFoa0daemc2RlVDQlNINE4vWU9nbmUxMnNsMElhVVZkd2Q5NU5pcm1RcUJDRm5xZW83N3Y1UkdVY3NIeUkzOVQzVEcybHlQM1N5eHN4ZE44L3FYRFFzVG55WHg2WmxsdENSdkJuTFgwR1hXNzNFRVZyeHl1bm9ESkR0YWU5ekZ3L0daSEtXZmVmZzVKRFh5MlhVQkh3R0FxbGlUc3V6TE40NGVyZXJMejJFazZTMXJFSzNadnJIb3dCZ2VxTkRNMUg5WDRhMnJ3UEJOK04vZzkrb0hIemQ1WFJUZFZzNVowejFIc2NnPQ==,2024-12-27 00:00:00+00,publikasi
12189410-4e5e-4cd3-a112-359929504612,Kecamatan Klojen Dalam Angka 2003,view_pdf,https://webapi.bps.go.id/cover.php?f=YD4xOjnQfD3J8GBT4cy/BVQ0Yi9uU09mdXNYWmlkWWxGNU11U0tpdXdOVTFQamM5cXVOY3I3N3BLWGxQYm1IZkJmWHpvV1Z3OXJld3VIaStETEIrL1h4bDhGcit0N1VhZ0NnWTJla2J1V2YySlo1Y1I2ZVV4dkpUOTh3KzkwbFNLUnB5dXlNVGpPOXNTZGtp,https://webapi.bps.go.id/download.php?f=8cW2fhyKfyb8nrIebsAX2TBjekVuMUNpNDhrK3o2UEhQdzQ1RXRXbXE0UmxpMWZsV1JNOXBZSVJaRG9JNXd1TTBrZTgvUWNGWm1XRk5FOHZWUUttWUd4bTFIaHpMeHVINEI0ZVVyRmIrYzdQaDR6aDVtUG1ib3NFTkFTa2RRL3J1Z2RWRWc4UVp5ZEFZR3FQRU5Pd3o3TjhnWnpZSUZ5US9LaTJxYTUzckxhK2x4REFuTGIycDdvUlUrL3V6ekYyMXZjazByRnN3M1JoZldYZmZLY1pySnJDQlRMRS9DTjVVK0JUbXF3Z093dDVCaFhHM0NwOElzTTgybkpaUnFLc0dWVkI0QnNLOWtRVGdmcG0=,2004-10-08 00:00:00+00,publikasi
12a78692-e645-4d5c-9cee-5d7092a78f2a,Kecamatan Blimbing Dalam Angka 2012,view_pdf,https://webapi.bps.go.id/cover.php?f=wvYv1PHKgv0Vdndte6OqQE1IM1dUeHVNNmx1N2UvbGpyV2Jna2ZiRTAycm81VW5vYWNPc3VqMmtIMTByK2dCL2lyNXJSeXUwcHRzUGdESWtMelRzcTFLM2FhOTVRMmV0RVFRU05QYnFybjc5ZldaaVBySm4yblhuQ2FWNmQyejV1SEZJNGlSMEJ3VC83SEVx,https://webapi.bps.go.id/download.php?f=B6wXiYsqrn/iPFdRVBzjC0FFL1lpckY4bzZoUnRGaW1OQ0hwbytudHNjQWs4bjNkdUp2L2RXTDZSb0lpcGtNN3JZbmh2V2FRcjQxeEFoeFhvTDNkYzdoVE5PWUxSU2NUbVBhYjhwVy8yeko5dWlDa3ZmRjVsVXo1NUxYZjB6ZTcvY3hyb3d3UGFGLzVibUM1ZVMwQkcyTUhHUE1KTTYvYXNOOUZVcEZaVjdiOVRGampueDBZckl5MDNmaHZGdFdjbGhQZDVuc0NPZElPakQ5Sm5EK2YvMDNvdHVhODEvZVlxd1VKbG5LcjhXV2JmeVIrWld4NUxEVy9La1lZazc0cXNVNVpVZ0pyUTk5aGlTQ3Y=,2016-02-21 00:00:00+00,publikasi
12cff44d-2862-422c-86d0-61f71ddec7b9,Perkembangan Indeks Harga Konsumen/Inflasi Juli 2016,view_pdf,https://webapi.bps.go.id/cover.php?f=N9c9hxiy8dyOyVWK9dGjjzRGME9RcHl4R1ZEYVpHRmdKY3o1MHpud2V5azlzc3Z2L1FXbEQxVWNTMElybm1Kb3ZYZ3cwQlAvbE5jbXpjZVk0cXRhL2NxOTJpV1lRS2krakdabDdnPT0=,https://webapi.bps.go.id/download.php?f=67cbXhJixAzHKVF1DdyI9nIvcUxjNmZsVHJ2N3JUZDJXNE9wU04ybzVxWVNPZVVYYWdYUHFYL3NhNXFTVnhVRjVLckpTZDdYcUxTUXNMazFDc3NjcG9zcDFER2pPbmp5V0pyZnhjTWtHRlAvMllUelpyanpxZGp0VTZQOWZRbVdQMzVLOXZHZzlTeExqd0IycjFERDBKVXJDdHhnVTU3R2tlY2pJalBaMmtvODFsM2pidUdlTkM4RVlZcENqOVZKRlZyQnhwb2VWRXI0NzZITGJRYTdvSEtFOXR1Ym9BdXVzTFdPL2E3dW40SStFT2gyZktLQ0lxclNhREFVcGhTakR0S1czMGJDRTh2RWo1NlVacitOUE5ld2Q4NDUzZXJsZ3QvRGlBck0zMU1yL1VGbmptNHZ3TFF5MkNJMERSN3ZLZzlWVVV6c2xSTEI3VEtWVGpEaCs0WGtYZTYwOTZDV2o0SkRzeDFHNTA4Z05TV25jdEJybnIxRTkxeDF1UEc2VUlZdWc5akU5dDBWQ3ZIZw==,2016-08-01 00:00:00+00,brs
12ed8f0e-2462-44bf-944a-5bb548e7b323,Kecamatan Kedungkandang Dalam Angka 1995,view_pdf,https://webapi.bps.go.id/cover.php?f=AAZjB5YPkLJf9XorapQL2GpPblpBWHpkRUhYblFUWHJtS3oyWnAyVjRPOGRHWjF3cEFuMjFGLzdrUWRvOEdkN0l5WVIybDBQL2hYZ0Q1cjkxeDdXRXlWWk1OR1g0cXBzUENXUm14V1QzdVdiNkt6Z0lESXVDMFoxYXdncDJkMW9BZVduMk05MmZlc1NlNklk,https://webapi.bps.go.id/download.php?f=k3IqveeaomKXHVFgkJ+BokVxMFowUUZVRXcrU0dDdG1JY21MMW45cms1TkphSUhXU3FweFlTU2pyZlJaemx3N1FIMjdTTlJUT2ZKeHh5QlJRMXlXSElndlR6YmlLam1LQVp3TTd2bXd5Y2hXYXBJYlFEeVJwZUl6di9ocDNkZ2EvZkNrMUlqRjNpYnBESFdFcVk5K0hJenlZd3NZbFRleGRFRjRUT3VmNTkwbUhabkRzb2cyR1ZHMWpHVmZPKytYVUViZTJFT3pkcHlCZXQvQXZUaVJhOGpGaGhwanZVTFI3MHRncVRTY2dVamtEbmo3T2Z6QldDNkZIRHpDb242TzIraDhYNVVlYzdiTzBoZnZTSjEzUFRRSzltK2E4TDlDZVdqWG9nPT0=,1995-03-10 00:00:00+00,publikasi
1347674b-aed4-4e2d-82e1-1668f03f6e2f,"Perkembangan Inflasi Kota Malang, Maret 2023",download_file,https://webapi.bps.go.id/cover.php?f=oQT1pVZcr46XrLyoz0fWRFFJa2Y3ZnVUVlhqRHBiWTNIVk5BWGNUd29MMis3MXVBQ3c3RjhHL3MxZ0hjdjlTRUk2V0JjS2ZtNEVhY29RMzNacDdFM2hoZ0ZSYjhQenI5aWRTblJ4TFMxTUc2bm9Rd2VUNmdhVDVQSVpqOXZOeVAwcmp4Nks5di83dldkanJyQTN4c2poZzNjMTl3RG5PWjZpMTNIUT09,https://webapi.bps.go.id/download.php?f=qggVBL6IYKliyr4vFw7spE5kVzN6NGd4ZkNFcUpIb2ZHcnpMQXNWMVpVaFoxL1dTem1DMzBDclV2RzFCRXVEMWhHU2htTU1JMXk5dHJ6c0htVUJzdkhESWF5aGZkODdhSVpPMkh2ZmpLSi8rYytnWTlWUDJGSDJtRlI0eTZqTll3cjhLV2pSK1lwbFIrYk5RbEtkU2YrNXd0NS9FNFhXWDZzOUpBbkc0VEVJZStVQjA0akNIN0pRcFRseWFXTStaV3JOc2Jrb3JCc1JHNVBuM2pWVnU0MWVqcXgzN0dIMENGTHVXS0IzOE16RElCSElqT1dkeDlIRWZYTVA4QTVRR1ZrbENjRm5nUldMQ1NObEM=,2023-04-03 00:00:00+00,infografis
13841d24-66d5-42c0-bfaa-0515ae5e86b0,"Juli 2025 Kota Malang  inflasi Year-on-Year (y-on-y) sebesar 2,24 persen",view_pdf,https://webapi.bps.go.id/cover.php?f=FlCtoqzGScmH8bStaX5KsmVWSmhzUko1S1FSakhCYVB0RzBtMlUzMGZIL3Nwd0hPSWpKYkdYY3NTVkZDQnVhUW4xVHd1UDA2UnNLSjI4VzExSzVZQmRGOC8wUUlubVluYW9ZRHRnPT0=,https://webapi.bps.go.id/download.php?f=6FJVxPywb0lNu8gSQOkTezVRRWp5RjhROFVNVXBueVdxLzhXL2tXdkU3N0xld2hKK1dFeTZ1aGZ1YWtZeno4ekpyK3lkdmFEVDB1MVZmdkVIbTVDVzBaVzBKcTJ1MVFQTkhGbW1SZDVUQytCMkp4MldPZVVZZmFzT3FQS3Joa0s1dk1TYkltV3BZaEtaNjlhZjR4aVhrQ3lsd0g3UHRKM1c3NFBUR3VHYlU4SlAwSjFRM1Z4YVQ1cUpQRGpoN096OFd3L1NaYlNFbXRKNk9DVmMwWk9xSE4xU3Q0bVFqV3RyQXFVelBYbmlaUG1XQkZVcDFnWGRBaFJMT1k9,2025-08-01 00:00:00+00,brs
13a86f0c-99a9-44be-afd2-453651e27bc8,Statistik Kesejahteraan Rakyat Kota Malang 2024,view_pdf,https://webapi.bps.go.id/cover.php?f=OcfprRF+xQsDsNyaQVJa/DNzbnBvZXBIWTN1RFBqOGh2US91ZWJtM21PMTNQT2hFeFJiL3hyNDhISUNJOTNNN0p6endkdXZYZTdyU0RmMjN5Y25kLzNheHZFekRMejNiZytGVG55K29MT3g4MGQxOGJNVXFPS2VIa2xpa2ZGM1VqL2RackZjQUxHb0x6Mjd2,https://webapi.bps.go.id/download.php?f=k1FctYaN27aFTohxWRWxBjZVdlkrTFp5cXd6NjhjUXdjcnZxeUtkazZWSUF6RjBmMUxRR2xGYm92aTd2a2hMdXdtMUNEazNRVEZJTldWVmZkdWhoRGh0RkZjMC96VTUrWGM2MzZLWUs3eW14eEtMNHNJakhJNmFiWlNGOWhmZkxvU3FleWRTWURYbVo2N29CdC9aaDZlcW90WERRMUV6N1g3dFlkTzkydGp4UzU4Rk5YV1lYVFNDS3hzUUszOGlaVHZJRlZ3RndxUlNMNG9HSWVzY1FCOVI2T2dYbHFVQTFhcExXZThQbWQ1UmM0WXhuTytUTVlGdHlPTUlPazZNWEkwK25iZW83UXpQM2xuTGxURzNlb1IvZTgzMW1SRGk0L0loaXVBPT0=,2024-12-13 00:00:00+00,publikasi
13e93b4d-d7d7-441a-9be6-3b1925138c0d,Perkembangan Indeks Harga Konsumen/ Inflasi Mei 2020,view_pdf,https://webapi.bps.go.id/cover.php?f=Dokj2SbFwEiW3+MsSJFQ+W5ZQkFRZVEreVFodWpaWG11QVZkUjBsdGMzSXlxSUErK0xCN2tQQjd3M0I2NWE3bWFWRHd4ejFYbHZ1dERPaVp1RnVNS2tobnJPMG94R1d3UHhoYWNUZzdJSmxISzNsUTlGVlpYVGR0UVViQThuZDBCZmJFeTlramR2TzVidEVG,https://webapi.bps.go.id/download.php?f=iplO1BkdawEBbB7CwqjifDUwVzZ4NTFzVWIxTTBlY3hmdmMrMzR1dTBPU1IwMHBtUEhsWmMxQmVKdURJdCtSTGVLY0dPWUYrcmpJTGxYZkNWRkhFcnZsV2RxZUgwdEl5eVlubGZIVEVOTDFZekF4WnU2enRMaVViT1RkNkt1aGxyQmkwWnlzci9Qd0VvaGhhTWZiWUJBMTNuZ1NaYmF4Y1daWTZFUWl2MVZZWTUwUWM1WGFnVUxTZ1dtY2hCbGx1UU51UFRBSTVGRUdCQTFVejFzN3ZERE5YNTlpV3ZtR0ZFbGd3dnJwUkhrY1pHTWF4ZnhabEp4OGlvdXBlV05KR0xRZ2RiNmNYVjR5ZnQyMERLQ2NvQy9XWFZaTFJ0MzFodTNzWHpxdDd5QzJEbXd0VFNXVFgvWjlVL2lpZFM5VkNjRzltazZ3TFdRQUFaWTllS0Jwb3JnYmZ1NXFIVmlpUHJSZzJrVzdXSlFheTBLTzhrWm0zeUE1NGVROUQvQmw5dXNwc0NqM3ordU5XNnpLRA==,2020-06-02 00:00:00+00,brs
146d5658-c53f-4b32-810b-36eda729367e,Perkembangan Pariwisata (Juni 2025)(1),download_file,https://webapi.bps.go.id/cover.php?f=DwvahDLOG0roOJJNv1WxozZVZWZ4R2Y1UEsyWDU3cXAxV3JvcWQyNmttMkM3T2pZUnFHV3dtVUlPU0NOTEtXdXU4OWUwWEVnM2lYNk9hY2pJSHJJeTkwTUdMRW9QOVJmcXZvQnNBPT0=,https://webapi.bps.go.id/download.php?f=Fq5cm27pkvtmUztX5OkBtjQ1WnF4VjVxLzdWT2laRGVIOS84aVUwVi8xTHpiVWJ0YVZ2VlM2Z3dRVENsb0wrYmQzV3JvNW5rZFdBZUlPcW1HTEhQMlUzN1VoRllxaDJBQ0ZlMDZHaUtmbndtZzhHMDc1a081L3ZtZ3VvMFRLaVplVlNHNFhRMVE0TTNjNjJYeUZ5K09IcEFlaWw1dTBsU3pJazJLeFp0cEd0cUd6cWlTdE5zVlBrUnhuV1RxcFdWNlkvdjVKTWpONytDOHNCZw==,2025-06-02 00:00:00+00,infografis
157620d9-ab55-44d8-91db-b84ae521df87,Indikator Kesejahteraan Rakyat Kota Malang 2020,view_pdf,https://webapi.bps.go.id/cover.php?f=rfQdWJePragTve6EUhP3PnJPT1JPOW9pM2lJenh1bE9IR0RnUEhnYTJJaDFYVC80L2ErNVBvR1lISW16QlRwVzIwVXRvdnloV0VjMjhETTBiR25Pd1cyV1Y0M0FYb0lXSHdwUGNZaGthelo0cHI2VXhLdWNNL3N3ZDFPemZlMCtrOHRtcFoyNEpzMkJLV1Jo,https://webapi.bps.go.id/download.php?f=D9rhl1Txv7N3BSbRVi5Vy1dvdjFXTkg5d0JiNVNlaHlNd3BHSW8yRXVvNHVWajRtM0xXOEZIREtORjlmeDZWL09jeFVzWjAwajBZV3I4WnNuYjNGTkxSOGxqMllHdzdMQjVrK0V6M000V3VwNnZIT0E4VmoxMkFHMTZBSXVJRklQRWNMWXNkMW1DRU5aWjI3TisvOUxxL0xubDF1QjF4QnA0Y0ZEUWo0a0RjZ3A5aTN0TjExYXhmUThYRitlZXZUUXYxNVlUQ0Z1WlV5dW4yWVdhYlBhd3ZFRG82TTEzVDM2N1NoTGhBRXpTM1JVVkt1Y1o5bFhMVjl4WkNmbnNXYjM5QlhZdWNzY0xBWlZHUGgrTUFvYWVKMlVmZ0h6RXZmMDVONFNnPT0=,2022-01-06 00:00:00+00,publikasi
15ff48b5-3912-4bff-a80c-865a1e1d5805,"Perkembangan Inflasi Kota Malang, November 2023",download_file,https://webapi.bps.go.id/cover.php?f=/oHMsf41K17yxhvla3uDmE9tZUpwYUZNeDlwdzMrT2U1RDVNY084VUh0bDBaQjJ5U2Q4SjIvN3JMaFhna293UUJoYjg2V1ZHQzN4MEoxcVVPRk1SNWR4bzB5WHZOcVpCM2JLUkxycEswTEdVRHBGQzhET0haaWNNeGZtNGJ3b2U3VnlEY3dBN2sxektDOFUvYTZINmhEamk0dy9hU2RLL3VCMStjdz09,https://webapi.bps.go.id/download.php?f=XBA4mhNZSkYLYR1XxSc0inRpckRMMFprSkJKTXFBdzNucnc0K2krbi9aQjExM3poYmh1NU4xVTZIS3VRNGdmZHk4Z3V5Q25QQVpFd0ZTWGhhSnJWa1NmdTJENEQvUGNPR1JFN0hlYkRCVDNISFo3bU9aTW9Nb1lHbjUrN1Q1Nk42ckwwWitZUzZWRmJKYVdZaVRNbGk5OXFIS25ScFFTazlYNjdSTkVlMmk3T0VEYUcwR3ZtaTlnNEhaL3JIeEFmblY0MXk4WCs3NkFEekVtVE8vZFhpUW9qMXkzYVlWRE11cXdqOTFUcVkrUUJwZjNZYkZNWGZkWGtOaW0xNjgwT1dKME85bVJlaEdmU3hBa21RY1RWVzNPeWhlTjBQLzk2ejhsdXp3PT0=,2023-12-01 00:00:00+00,infografis
166c4f36-24fd-4015-876f-4a6f63b8142e,Kecamatan Sukun Dalam Angka 2022,view_pdf,https://webapi.bps.go.id/cover.php?f=Ro663U22I77lGhsnCpGv3G1sUUdCcVBOSVMyY293em1VWmMzM1hVYjZhb0U2SGFPaFJFVWtUcXM2ZGwyalcxK2Q0ZXhWRGlBM3J2Q3p0MGxzRGpvRURpVWxmV3MzdW9LSDVqdUVtdmdPUVhkSWZQNzdydHhaSEUvRHZWM0F3QmRHNlZNZEsxTkJTRG8wMnl4,https://webapi.bps.go.id/download.php?f=+R4l3Vso+8bAyRlCkwtXcE9icnhSaXJyK1JPVE8rZ1ZXRUNvU3RXclIxSUtScWI5bWY0cGt6M25FblBJcUpJMEVWUmtOaXVKSFBpVGZOdk1pRjFUMDJYY1d2ZGxJbFAwcDcwbGpvcCttYUtacWR0RlhaL3NFOWJ1OUhETWRtc0lEZHBqd0p3cFpGTllYNk5sTk9MWnJmTkc4YjRCcjJPNGhvODFDb1lkQ3hZZWxRL01iL3FZWGNSZ1dndHZ0UnY0anhSYUZDcEFwaHV0RkVXUDczY3RsYU9hTVpmZDdyMDZrSklleDRIckh2a1hXcjVBMk92MkdoUFVlTlhwSnlCd1JKeFZtcjdrbmZnendQN3Q=,2022-09-26 00:00:00+00,publikasi
168276c2-3c17-4e57-b997-c58fc817bd5e,Indikator Kesejahteraan Rakyat Kota Malang 2025,view_pdf,https://webapi.bps.go.id/cover.php?f=6OyZRJmLix1/qr7MQKpZqy8xUzF1c0NCOTRJZWI2dElaeFBIamlWOVVGMS9VTmtTLy9aTXFGWFdWYmpTNWZlTXR1elVZbHkvQyt0cTgwRzlsWWEvazBXVlV1SkxwcGJqL2hoNVAzMU80TE5CSWRuV0lhNWJwdyt0RWUyS1hZa2NHcXhHNEJULzk0azdPMXNq,https://webapi.bps.go.id/download.php?f=54bNzMnbn5yoS9XZ+IWBAFJpTFRMMyttVVdWSjZLSU9Kazh3eTEzNENkRi9UTkhObVJCTmpRRE43UFRLWUNjaGlFMXhoWmcxcEIzRlA5NXFOZHp1STIrb0Y3bHlnam9qZWZrbWlMOFJUbHQ3UFJRMUhSQzdtSG05QVRYQ1g1U1BVcWlJTWc1YkJQR0tUQlJ3TG5ib2IxTmJJaVFDWW5CRHJEclZlUHNpZiswVm9xWWN0SFh2eEVJRmpnODNYcGdKb3haN1NxOFhuZGFaanlLc01ZcDExTmQ1ZWZMYUEyOVVNSWc0bFg2WmxuakJyOCtzaFYyUFROSmpJYzFOeGp3djZRY2dxcE5UK3BSWFcrRXFRdXFVWi9hbVNOMGxsbllBYjJMUjVBPT0=,2025-12-30 00:00:00+00,publikasi
16cf83df-ccd1-4420-85ab-8a0137616ac4,Statistik Potensi Desa Kota Malang 2025,view_pdf,https://webapi.bps.go.id/cover.php?f=MH695Y/c9kqqVw7oWJhV7nRkU1o2VmpvTFltbGkwcnc3RTFTWUVJTjF4eHJYYXgxNWpQTjdZSytraE52YXgwLytZWkJrTlF5VTRERDZCQTRrK0drcUxiTWpFMUx2YjREbVFtbmU4cTZWNWpCblVCcVdxMzZGRmZSU0Q1L2dsYWhwYllLSlIzV2ZsbGlmcXZs,https://webapi.bps.go.id/download.php?f=nCfzlGS3hbPvXDkvm6djzlZ0aDhMWVcvSndvR3BXR0UvTk1CMGpqSEh6NysrNXFtNVhMamFHNWFia2tFRzZVS0k0VUJFRnBpOGtuTTh0cTdYbzFhR1FQL1pGUUxxZ3JGOGJSZ1hvSlI2VkkrS3M0RGRaQWhNTGJNaDdvMEpoeUx4RE4zbTU4ZDVZc1h4cFJuejFQQXZuNkduVEF6Z0xua3ZZUWRpRGpjOEptZFQxM1A4amRCa0kwOHFFVXZqeGNFQXUyelAwb014bUFTU080SUtQeEgyTG13eTM0bmRVajNqNnc3cWJWMm82bE12TmtXSXJVZWJKMHJxU3lmblR3bHBqcWczcElWNDBxT24xRXpJam5wUDl3WUlRaU96b3JKMEE1TkRRPT0=,2025-12-10 00:00:00+00,publikasi
17119014-7c3e-4b2d-89d4-1df8cbfa530f,"Indeks Ketimpangan Gender Kota Malang Tahun 2025 sebesar 0,137",view_pdf,https://webapi.bps.go.id/cover.php?f=uZyBydvB/ku1dZWuPWwNTXBnVjQvZElBa3QyZlAvd2M1cmRqem84VlVvVTJXblNDWDBqZzY1RFgzMkp6MWNhSzJkaTM1SGhJTlZ5d0NYZlRYenhXM0xEYWhQdXdjek5tNldTamhnPT0=,https://webapi.bps.go.id/download.php?f=GFLwvoTRRo49zrV0pFy6uEpsR3l2ZE52UzV1QTdRNCtwNTVvSTNrOE5seFhJbVJwRWZUZkpSZkxIengyVXEwblJjYUp1V2E0NmhIa1dpTkV4cDlIdGI1MUwydlgyV243REFhYnlZeHRsZVdiSE00MWIzM0R0MEYwbkdmM2dPc2xXNXJYS1hUZUhFZWJLZXU0Y1ptRWpGcFJncWlsUmFra2F2WjVqZ29QTmNIaGxwN3VibHZPVVIwYUtKZXV6UlRHY1E2cERFdlpZeDh4dnlIZVBTeHJ0SFYwYmYvS0FmYmFnVEhKbFE9PQ==,2026-05-05 00:00:00+00,brs
17bc4c5d-860f-46b2-94ce-5a373a97d9e1,Kecamatan Klojen Dalam Angka 2004,view_pdf,https://webapi.bps.go.id/cover.php?f=MyxPRE8B/fpCZspXuyvxc3cwalB2akNPU25lZUNZaWp5dys3WXo4Zk5OdE9renZFOVozWEEzbVJkczdWTnJGcmtnQURUOUpKUkRjZDl1RjN5Z3VCejBnTW5COE53YUgyUlVXaTVTd2htVkxrL2FVRWJEb3hwR0Y5aTdCaTUxYmxjL3JpVDUzU3FCemJSZmEv,https://webapi.bps.go.id/download.php?f=hmbCNSB6S51plKQmY2yz4zlETk0rdTNhSkJLWHp5RVNqeEF4Si9vck5jZm9UV3BiUytJb0l3UzZxNm5kUVZXUDNabW01dGkyRjdqSW5UZVdQNXhmRGpnRUYzeXJFUFZ0ZVRjVXZIZ0RhUTRFS3h0VzlnQ0NNNjZ0MGtyc2IwbllTb0cwL2FhcXQwUndPanNNYks4ay8vWDhrWXVybWhXTGwyTGtndmNucUMvRnpyMkhMbzQ5QzhYeEpZcjd5eEpYWjRweGZGaUpLR0FsOERrQ2xqWEYxTjdCek4wUHZUTjNwblVGVHdZWDRINW9CaGdSWUNPbWQ0SlQvcnVUMEhTNGV4anZYV0xxSm1saEhxUGw=,2005-11-11 00:00:00+00,publikasi
17d92c8c-b87f-4d54-b9be-71f8cbf9c979,"Perkembangan IHK Kota Malang, Agustus 2024",download_file,https://webapi.bps.go.id/cover.php?f=Fs6nxXxyCMvpjEZhb/K9nWZUeG10M21VYTFNK3QyWXBxWWE4ZzVQeFBBVUpINUR5Rk5abVdOVW9aM2hXNHFNa0JIaXRZM2VoMXVDMjRXYjRVNEVUeWhqWnlwRFBRS0pOTmd4MzU2azFLYytzMGZuSVlQVHNPams5ZnZQdHhhR1dQWW9BSmMxczhYQlBwVitzVHRGdDJBTS9KVVNtTlluMHhFbDZkUT09,https://webapi.bps.go.id/download.php?f=Dz83MuOHfGB8v1UkZ5GNL2NEMy9NdUtZNEFnaURTbXdaM0tqKzdTMnBYcXZFdWpLb1lDM3lmUFZleU1WazFUa1EzYmRqVmx3MWtldU92eHhoZ3NwTlZ4L3d4YTV4Nmg0QWFWdzNGWVFKQWNRU2ZEeEplYTBkbVBxSXBLeHcvNWRXZGw0VWY0bWtjOVZLYU9vblViQ1pTd2hrZnlUZE83dzRIZ2lCQW5DUklWaEdUNEtmN3k5UU1SWHlIVTJGUjB1UTcyZVJOa3doWUtRc1dLdUZRMHFnNVFXdVBSQUcrak5jMC84TjQvT1FNQmhvUFU3NWVEWnV4cngyNlB5SzBZR2RZMDYrMFFaQkk4bjJyMDE=,2024-09-02 00:00:00+00,infografis
17dd1756-59bd-496b-a45d-93ee8b2b6024,Kota Malang Dalam Angka 2015,view_pdf,https://webapi.bps.go.id/cover.php?f=UDw5xuuzYM6gmsrf8YBiQG56cmQvYTRiVHowbzM3T2g5WmMyMHdoUWZFK20wUnRTMlE4ZDVaKzJLVXNPWFBPRm5BREc2SUFuYmovSXhSNEVTL09Sd29Fc2ZleDd2QVlBTXFHdnJsVkhKUFFFQ0cvVktUWGVCODIxek1LMUVqZERXVnFvZTlDaUlkMHNjdURz,https://webapi.bps.go.id/download.php?f=VQaY6lxaUehsQLp/KCaQulVNWkQxWTZqek1pSEJQTHJ6bWFNbFZJSWpQWmtNaHM0NC9JTXpEK2JoaUdnR3U0VSswQldha1h4aTVud3pCMVg4bnBzeDFORGRRNWp2amFXUVl1MmNvQ0ZMK2FzSmZ2L3AvNGtFU09WVlFCU213UW9aRkdyWEgwQ0FSVmNVUnRncFBvOGNJMUkyQmpoT3pjakVjSFZZUTdVYTR4dEJJRDVMTWd3eWxVQTFaQWF0b2g1VVQwWWJsMlBncnNiSnBTZTBxYkNCOWdoV25FaXcyRjlPMUc1RkttUFlWbnhlL1FJVkMrS0YwVkxoU2k2d2VTVDRjUkpsclVOMEZ2SU5aREE=,2015-12-04 00:00:00+00,publikasi
17fff5da-c4bf-47b0-a4fc-34f6a7fd16bc,"Perkembangan Indeks Harga Konsumen Kota Malang, Agustus 2023",view_pdf,https://webapi.bps.go.id/cover.php?f=tKjhktJQn/iABKGZ+tjlSXc4WnJ1anliNE5pUjErNVBCK1p6WXY4ajhoNitMakJXWW1LeWVkTUs3UFRnNGxFVm1xR3lEa0tyTXo5MVp6MXdjS3NTYVpHS2x2N2VXTTVVZVpMNmZjU3NkSE5iWVpUa1U1NTdUUHoySUJmRjBKSllFWEY0UXpsY3FUZzRsbzRYMHJhR0ZrYS9hY1cydEpvYzRhSFFldz09,https://webapi.bps.go.id/download.php?f=rmX6FJAEsEwDHqWrrcUvSnBZK051UnJUdDVUMmd1bnFJSk1OSnIzUXo2elA2NFNvR1AzajhNcStUWTk0MWZHcmhsYTFQTDRlWGdRZVBVdzIrOW5tTEVqaFBCYjczdGlZdGdiZmtTN1o4MG9JdlRJekhYYklqdVBRMTNaT3U5Wk0vSVpYNElQSWdtbTI3UjBVc29CdzVHcjRkekFrRThjSC9rSUZveUZWQ1ZLQzlTVVVOZVFrQjR4UllMUUlXN3dqbHUxb01VVGM0cTg0WEx1TEVlNDZZemxVQjNYVUt1L3ZpMHFlS2p6ZStvd1VUaW5STHR0RklONjNGeWo2TGs5cGp4Y2lNeUgrYjMrenE1MmN6QzFNYnN1RkNneWwrU0lINHdoSWtEaUNQaHRPRXQ1VXA3ZzNDYVJ5QWZsMnV4U09ORWtYNXNvbmNsanhTM3ZqWGpnSTNScGFjbk1JazR1L2I0NmJTZllBZWxjTC9qNC8xOU1PU200ZUswYklTMnNzRE54SFpXRnpIWVRSbkVscmxVYUJBVVZyczNXc2ZjdTgyd3VpZkE9PQ==,2023-09-01 00:00:00+00,brs
19072406-303f-47d9-8be5-c40c86a2b19f,"Ketenagakerjaan Kota Malang, Agustus 2023",download_file,https://webapi.bps.go.id/cover.php?f=tXaefqleXJNaYIXdWcvAck5OUHFUNDc5dll5MmNhUmUvdWlxSGs3MVlLTWtEeUZZUUJCRFd5NXdldE1lVHZ4bWxZNExaYmw4UWNpbmNHZy9ZOERqcnFDbjZpNStLa0Q0L2lOKzlCNjBCM25lZ1BXWDkzU1VrZm9EeWRtTUU0NzVyZDBSVUc3dWZjZTZjdVNyODl6TWhDQnJiSHVBbFhXOENFZkhHQT09,https://webapi.bps.go.id/download.php?f=wEXdulkRvtzSGghGCrPlQUx2QWpLenJ5U0lDSWQxZXo2dVYrdVk0bmVYd0p0eXdzV1k4RGdvcnkvTTNneEhMbnlDV3U0alZ2SUJMaklOY0hsb0dzR2FWNUJEUHQ5Uk1GbEg5MStJY2Ywb2RXVXRzSnRDT0h2YzVyR25qNkpuODNpMVZHVkwzZVlQK0Nta2dIcGlRSXdNLy9nNlJ2eFlmMk1mZHhSaUF1V1hEMW9Wd0Z1dDk2TkxROGJYeXFwZ3lUM1dBOE1IWmcrOXExSUIyMmxQdVhsR0hiMkdvL1drRVNLazd1VnlsWUMyY3BsUXlwd0xueUpFblh0VEcrMFdiNjZKMzRBSzB2eG5GMWFteVY=,2023-12-04 00:00:00+00,infografis
19fbe766-dcb8-4eb3-91e0-4abdbb89c932,Kecamatan Blimbing Dalam Angka 2010,view_pdf,https://webapi.bps.go.id/cover.php?f=ePMp1tOCFVAYs2wQ7Qzy2m44RC9PSUthc3FERkFEVlBqSlBrejNZaHNPSmV2SkFFTXBZTmViZEE0T2g1N2lGMTh0VXNIN3dhcnFSbG1WNE9yV3puMTFaME5qbjRIaFNMbFJwV3c3TE9mdnkrZWpQQTMzK0FsS1lSTXdjTXpkVWNBeVZRcnU0dmRGUDJ3cTVv,https://webapi.bps.go.id/download.php?f=liRmxNHjFLhBbsH0Y+ueeDRlMVR1bUI3SXBrVTN5Y0JHVGRpTmhDZEtVVkJSNi9TYjVOWi82WXkyNnoySWRoTXJLOWZPUzNITTNxZjkwRmg2Nm0rVXpwOXc3TnVPUEZsQ2dSem9HaFU2bWljUm9URFdxRlZPaHorMkJGZTkyYmtDRlVRNVBWOW1HWU5WMWJVZHk0cm9UK1oraVIwQzlNTlVVaXFPZjgxOU5JVUlmbEh6bklqL2xDaTVqZ2RybW9LaGpzb2RYNytvMnArb2xBNzllbTBscFdpQTdlRU1Lei8xeG5yTisrRzZ3MHV5ZHlUT1hPdStFMFdLcjB2L0RidFFTUTY2YjlGcHlsbHF2MEE=,2011-03-24 00:00:00+00,publikasi
1a6f639b-162e-423a-a13e-82f386765ce9,Produk Domestik Regional Bruto Kota Malang Menurut Lapangan Usaha 2017 - 2021,view_pdf,https://webapi.bps.go.id/cover.php?f=UV8NIoP0+4cJcGJ09N822HVLNngzeE81Vmc0d1JyRWxJdXg0QXZiK0pFVGtuWXJYVFlxTkI5cFdhUU5Zb1JJblA4b1NXdmZUYldVZGFUdDBLNTY1ODVLcFp5ZjY1RGV4SW5NaGxPTnd6dXVkck94eVRFTlYrUVR6N0QwTkJ0aDZ4K24yMWMrcStQRjc0THpq,https://webapi.bps.go.id/download.php?f=EKpIdXM/bnOGDK5TErpDAGMvWGsvZ1p3cTg1Q3pDVkZoajJROXFOUU8rWHdsQzMyN05SbE94Qm0zK0FieENJTzFvMHlaY1BEWSttdERodk9mSEtVa3R6anI0M1dsRmwrZU9lR2xtNXg1VVY1cHJaY3RrMGk4UlZFRlc0bHBTUE50NWhERzdIdVRkSzJoekF5ZDhGR05iVnFQQ2FWZ3BXaFVud2RiVDF6OWVYY05UbjVtODhhWXZoSmU2U0ZxWDY3bzFaSmp1S0NUNjludlI1dFdMWGh1U3d5M0xBSVlhM3NaS2JvY2pEalh0QmcxMVRzRnMxdmR0VmlmcGZueWVLc2g4RkxPTzk4RVU0YWhBU2tmbmpWVEFQLzBJR05tOURHT0k0ZWJya2RiQU9kOGJSaWdXNGRNblZSZk0yby93U2FXZHlEZnpmdnZRakVOVURn,2022-04-05 00:00:00+00,publikasi
1a85c240-7351-4c47-a266-87236f675964,Perkembangan Indeks Harga Konsumen/Inflasi Agustus  2014,view_pdf,https://webapi.bps.go.id/cover.php?f=88Qll23wPZBfQqypybASnW5yZldqdzIwREs2ckdNSDdjRWUxME1CcEp0TkFqaVRUMkFoRmt5TGVaOE1icm5CcUxQVVpTMGtzWWVFTklQSnJCODJNbnJ1eDVaL3g3Z0JZRVdtanpRPT0=,https://webapi.bps.go.id/download.php?f=OnBZbtdCSsXEg6U98hrz1Gx3d0owVnRNZjZqR00xcU04cU1PQkRqcm5pY01Ib2VYd21yNjdLRW5jTFZ6aXhoM3o3ZnNvb3V4b2p2U1JIdy9PUit4QUpTRkdSTG0vdkliV1VVNTB2bm41VlQxUFhQUXBHb3hadzZVVjUyUzNscDY3WXRaQnRIZGIycThnVDduZGRRZkkxNTdQRjd6Qk5WcklpM0tQMVk3UUlleXJ2bGJYZGpFZCtOSWZGczE1YW9kNFB6WVFPdysxYlFIcnBXNUV4M2hCS2RJeFlMalRSOG1FVjJhRytuSDRiZVdWSVg3YVhBOVI3aW95dVRoc2FUMFJNZUxza2d3eDBObC9ZY2NLUWRtOGFWNDJaT1h0VW5HUjNZc2RBNnRvajU0Z0dTZnRLb0VSaFg5eWJ6ODRIRVQ5N2U2UVVGVmk4ZGI2RFhVWGdweVF3MVJEUkFMcFFVb3U4NmxwcndDN3o4Uk9jbTZnNWZsM09SaDNOUy9jV25FQ0tnaUE3NE8wSXFsakZ0MQ==,2014-09-01 00:00:00+00,brs
1a8f3074-aa2e-4b73-af21-d6991293d908,Produk Domestik Regional Bruto Kota Malang Menurut Pengeluaran 2016 - 2020,view_pdf,https://webapi.bps.go.id/cover.php?f=Y1PNDB534JKxmVQJOUvNU3RZVXBvYVBNa0tuMVVFSlZRNE0yOXYwbFJDZmFESno1alpabUl5bDVpbjYrVDhFbjBJamsvTGJvbkpXaDFwNm5rKzFNaHV1V0I3VDlkd3ZLbEdJZUlDMTZFd1F2MlJQWGFEVmNsTEFLVW1YVEJhMjR6Zm85cjZFOVlyM3NCeDBX,https://webapi.bps.go.id/download.php?f=qJW7B5EWTlxQzsfDOf7FzlpselB2RCt0QVg0aU9kQjBnZWEzSlFZUGJDNG9sR3pWNlVCcStoT2hSWksxMWh4N3ljU2dFb1YwT2lYdFpQSyt3N0FoKzBmTVFaSGxaSlZnZkgzdXczTTA1TkRpUFdFVHN3a1JkMktWWFNjQVJ4djNSNkF0YUVNZi90NnZITHVJQUIxSE9MenZrVE9TR0V5bVViTEQxY2ZYWFlKaU00YnZlOGRWamwzeW1EUDNsT2YvNko0YU5DcVpSUTgybDBITFZnOER0UHdoZDJOeFM5M2RDRTdVcUpYVHlkVm1HSVNJNUxPbER4dDlVVzNrM0ZRWFpxMk5wcmsvNnExcDRNaklzN1o2M3dCQ2dMV2ZQMU5jSEFkdmZxajRxNk9GeUNISzZPdnpZOUJ1VmtBQ1I3QUpXbzhtOHNyQWxYcGxyLzVJ,2021-04-29 00:00:00+00,publikasi
1bd54b2c-1eb9-4a96-802b-f5b46b79c69b,Produk Domestik Regional Bruto Kota Malang 2013,view_pdf,https://webapi.bps.go.id/cover.php?f=hKVNJ7uuEbjt5wsV8VuTDm5FdnV3U0NMazNUTjU5Z0R0UGpyN0xjbnpaRSsxdDF5dU5aSTJRTi9JY1kxclFHMmZnQWZqNm4wWEJPU2YyNWo2M3pWYWJaTUdZa0xMVFJKOW0zNFdFMFNneDluaW1SQ0UzUGZsUkl2MEY3UFI5NkZzTkEwcHdEbXN0M0xHRFdP,https://webapi.bps.go.id/download.php?f=XO1d5ZXbFYsHcvbPGM81wnRoV0NQTnBYaFpXTE1BOHZtdDZmcU9idFZYSVVmN0ZuY1ZVbkE1dzhlNjdVSlBwZFZVSGd2NDN6RVRXSFRldVZxWk9WVE5NajFmQnkrc2RWczh6WUhaR1M5Yi9tNXhVTzd6ZXhrdFg0ZHVoanZJcGk0OXozVDUvVUZWRHg5R2RKd1gwcFI3Y2E3K2llY2F4RFlpYThpUXA3ZXFZUCs2TnNoRzZLcmlmNzBhdVhrTG03UEF6VVlrcjl1MFh6UVArSlBQZlN3UE0rRkdXYlE4VitkZENQV3ZDRnJudndxQndNV3IzQ3FITFZPeWN6aXRuRUdWMjRTa1dvQzZ0L0hQanhGZlNjaWNyZlNYV0JKcnVkd3Zsdi9nPT0=,2014-10-30 00:00:00+00,publikasi
1bece8e5-8a9d-4ebb-9814-20f2319bfd5a,"Perkembangan Pariwisata Kota Malang, Juni 2023",download_file,https://webapi.bps.go.id/cover.php?f=12CkJHZh5jECkpIp0a/IuXEyUEQ1bCtJckxKdVZnaHA2TVRNbkV5Q1JnSFhScXM3MkZzT2ZvRTVPN3VWZ0laTHUwQkpNeUxldWFEc21mUGFmQWVkcTZPUENLeXJINUtjQWF6djgxZDZmaVB1S2wxNTVmWm1oWVVvdG5yYVJtVUc5VDM1QzBmdWR4NmpxeXlXMmRFa0FQTC9TMmVXMDRIQmt0MHpXUT09,https://webapi.bps.go.id/download.php?f=sBMbyUodQyzbyi+gLDvxVEZvSEJRbGJkVmdFY3N6czZ4bW91NFc3Y3BYSDJ4aXMxVURGMFJuSUhXakNwdW9FSWRiZHhXSDhVSXAzOS9RQlZpeEJoUmJqRCtRNW8rdUlGbWNiRTA3NWlyV2tsYm9qLzR1VndtRjdGcHlHVzVsWDNkQUZ2VmMvK3dHWHZvMmtpdDFsS2VSL0YvdFExVkpVejNVVUUrdkl0bGpkS0piSDl3STI0NEExdlNzcHljWkNYWEVmUFdwVEtYNFlaN2NqUjJmUjZwbms1QWlrSWJsS2xEVGlGZkkwdDhMTlJ5NjVkTFlrRUo0cmE5ZGplcTFFdXh5RHU0NjRzcy9XM3N1Mk8=,2023-08-01 00:00:00+00,infografis
1c3c81ab-1dea-41ec-881b-522773520598,"Perkembangan Indeks Harga Konsumen Kota Malang, November 2024",view_pdf,https://webapi.bps.go.id/cover.php?f=YVJ3W61on8L0WgkB3Nf8+01qcFduWjNlai9vK1FZOFBMb3RhcmMwLzFhckxtRGViL3B4S0dBWFVxSTZmVEpGLzJJUk9MbzV6SlZoZTQ2czBMV0FvdjJicnBxT3F4cGl4cXJ3elY4WDhiT012MXQrWUQ5ZXlSNVJnTzZWNUFjWFkwMWdZdFgxQ1hhNlFUakhHU1d0dGRGS1NMUE1MaTVWMDhoaUl0UT09,https://webapi.bps.go.id/download.php?f=2mdbSgelaHX6FJg9kB1WAHo1RjB1T000VS92OVBIWnZzYUh3VEhyUEYxTklxMWJqL1pSRjFBVVY4ZDdwVDlPRVBMU0tPQ3JpY1NaenVYeU5NNU41SkErNDVmWENIZ0tGU0VocnhEamd3d0J1UmRzMFowN2tiN1d2YlhUQkViMDFjWm5MaDF4Tk5jZHl4OENHcWorbWl0VEs0d3ZDNHVtNWNKWlN4UWcxcmdLdFBsdWlLbGxZOFR0QmF1ZWcyeDZtbHo2TWdkQkxYa21UQVdZQWZsT3JHNWZqQkJNT3hpTkNPT25DRHo3UEZUalUzU1Z6bURjMll2RTRwQWlHMGpwRFUxa2ROZzVTYno1N2l4UWhRV3FhanBXRVdac2h6aVEyQkpDRlVFbENab0srU1RyNThBa1pFTDVOV1JzVFhpK1ZUVXpsUExwY0xSdVU4elpGRlNLTW5ENysybEMwT0NmWWgxZm41UFJsSVdPNkxBeDAwdVFGTmhMcVladDBveHlYeURsRW0rN25uSnpzSDZBdkRCaG4xazd0U0xuV2JvVEtOT2NvU2c9PQ==,2024-12-02 00:00:00+00,brs
1c4c0b12-e080-4634-8537-b2c5d24358b9,Statistik Daerah Kecamatan Kedungkandang 2013,view_pdf,https://webapi.bps.go.id/cover.php?f=yS2b4+w1F+1YBxlFm6Jt1U8zZ3gvY2xDZ3dpdGRWNWNOa0luTzkxeTZRMmVzbTVjWHJZUWpzZEtpU1pPZVNuNjc4UjFyeE1WaG1rdkwrZVdXZ1lFWnZtK0poK2hPQkt1NzM0eTlIaC9vK25TdU9YYS8xUi8rOW95SlY3bG0wTEtkZUZhSHFaNEM0eXYwSWlt,https://webapi.bps.go.id/download.php?f=pLKUUuHXnZibrBxUfkRLGitQazV0TUdlYkxOYWU1Nko2NUVHOWxrb2E5M2EwalI4V3Fya0Y3TkVZM0FPN2Jqd0I3ZzlueHN4TzBOVHlzTjU2dElTakZoRExwNFNoY1hSTWNlZmx2YzhkdlhTMk9CN3VITllOYTNNV2R2cThNYTh1MklTWWUxcGxRa0tYZjJtOUFhZFBNa3ovRVlwLzRsT3ZYS3AxeFcvWlR0ZHh6WU1pRk1YTkVldEcvUVlxMUhRV3N2TDdkQUdyVkE3dk4vcFZiL0h3T2dKZTFIcjRvU1c3anB5aHNiOWIyUmxSSjIwdUdBSmJwbkR4UHR1a0EyaEpvZmpyWDF6bm5Pa1B3UWRxaWFzNUQ3VFBVU0I0bFBHcitvZUdnPT0=,2014-01-14 00:00:00+00,publikasi
1d33ee39-8b0c-44ea-a23e-65105c72b68e,Analisis Hasil Listing Sensus Ekonomi 2016 Potensi Ekonomi Kota Malang,view_pdf,https://webapi.bps.go.id/cover.php?f=DskhO9624rJfQmi0sabMk0Z6Qnh2dG1qNU5uQ3NDRHJtNktwMiswaWU4c0RXajF3L0xCNng2UmNWV2d1bzdGQUtlVHVUbXJCMmlrOVNUeWtOSExUUW5xVVlyeXFQTmxrZTh6R3VFYURic1RKaUNUZXdWNnIvc0hXSGE5cmdHSzhHUzduR0tEV3ZCUWlwaUp4,https://webapi.bps.go.id/download.php?f=vkBmYHPgi+0jwGR9qHhHxyswUW9TVUJGYjBRdE5CclRBTDIxa0tEMU5DcUtJSThZdDgrWU9sSDA5MHMvdmtOWmFUUzZBWERydkxiTnpZMFQraU8weFVFeDl3ZEVvTXdvaVoxa1YrL2x4bGV3T1RicGdXTTdRZWFsUDcydTJvSWs0UTBiY3hYR2NOMHNJVXhvR1VFd2F6Vzc2eStYNVdja21aRS9SREtBM21xVVZyZXB3U29wV0VMRVJlcit2c0I5VGUrZTNUMW4vTVdGL0ZMcy95dFpkUm1MRm16ZDBhMHFqRnVYUUlzaEk4ZG1tU09WK1c2ek12dEZQbG9SZmowckl4OHIxRkUxeGJwWm92ZDFjckc3bkVVT0JtWThwd0FOQTZxQnZGZ1FwZHlDRENsVDBWWThBVTlpdThzPQ==,2017-12-18 00:00:00+00,publikasi
1d813d68-7f76-490b-9d72-2e4f2af1b51c,"Perkembangan Inflasi Kota Malang, Oktober 2023",download_file,https://webapi.bps.go.id/cover.php?f=xAksZYHkcJM+VbMXg8tkzEZ3NFpqTVhkWm91c29mN0dseVNNaGlGMEN0VnhndjZaQWlhdnZUUU0yUTNPdGlRcC9VTVpUeElwc1VBcHdQempHd0tkMkM2ODdiK2VaQXZNQTdjMEo4SnM3K2tOOEpZb3J1R3krUzc2T1lFWkpVdGpmOEFnMnpyYWtIUHhoOHhQaEh1VE9Uek5kUFl3bDFKZnJ2NUdQdz09,https://webapi.bps.go.id/download.php?f=rFd0o9sOe/Bgo2+2s+/oCjJFRGZZakZVVE9JZEhpRDJNRlZKKzFzZ1RZVXpwNmVWMUNhSEc0TXJERmFFZkt3emRFNTZNZ3NISGdWbUsvMHg5SkJ0ZUhFblpsSzhqVG9YZlliR2tRVVJseFhZOVN3NHcwblh2aFRjMVYxdktiWm5nZmcyTGk1Zm5yQ2FVN2dJdllQdU9zV1FCb0N0QTV4SEJubGhnaTVYbXNrQXhYNlJKaVU4c0o2c0Zya0ZEUWJRY1pFMm5QSXZ1d2FOSmFrRmhtYi9RUU5lbmpxSERjQTlaUmFGdFJOVzN0amtmWGtHY1lhRHk3VU1iMFl3SDloOUxFdWdjQXdQK2tiQlV2bjJjNzNNczFiYjNwRTNMT1BuTUJkRXlRPT0=,2023-11-01 00:00:00+00,infografis
1e145447-b35d-48e6-900b-5ed316252cad,Kota Malang Dalam Angka 2009,view_pdf,https://webapi.bps.go.id/cover.php?f=o6FVrqvkWgnnl3ogkla2Vzg2SS9pTGxaNGtET2RxYXBBUUpJaWpMV1owbE9PelNpSmphQWxPc0ZXdit1WnkwdS9tZk0zRXFPVS9oRWVkZHZLOWpnRlgzejhlWGExUEJZSzMzb0xseTVtVGcyRUZPaklvOWpDb0kzQ3gwck1wWkVCalo3Y0J3Ry81cDNhTWhZ,https://webapi.bps.go.id/download.php?f=mtsY3UGPGQ+k1OfIU66wFmQzTTdUVi9hSkROZ1k5N2sxWW1icHNCR2t4OG9TYTJoSy9uNjRRZVY0eGpXUStnak5kQlhDby81M2ppUnFGdSticHk1cU93bDJwaUg1bWlXZXYvSnF5MTQzMU84OEZCdjRLNktjTzZ3V2FRTWkxZksxSVlDbHJoZU0rMVFzRXRJRXdvS2NwVXhuSXF2dkZtcXJnenlCcXhrSHY1UTJmbUJqVDZoTytON1NNZlhhOUN2NzNBWGIva2R4UUFqZi9RdlRjTlVUd0wyR1FkM05tekpIdXV5K3g1bFFocU9GOEt5UUZXKzhEQzNiL1ZPVTZHdjZzdDNaUitjSktTUUJlRzk=,2009-06-01 00:00:00+00,publikasi
1e4f7876-6db9-46f5-bc12-20b1186f0fe5,"Perkembangan Indeks Harga Konsumen Kota Malang, September 2023",view_pdf,https://webapi.bps.go.id/cover.php?f=hec3QtBugKAuPA0Ex1KgwHVzWG1GQUV2UmV6L282RzUrYStDVStkdUxFdU5sWXNxcHFVdHhmejBlOEhFajkxNTZudnZodFpIK3VURTczcW9JWnZDNWdoZjJGVDV5VC9JZWZud2Y1VGlDaEdYb0xGUUVuWlhoTXp4MGhnak90bTdkd3BZN2pGbTZmaU51dkJsRUxxVmt3THFxMzZzbi8yZG0vNnBEZz09,https://webapi.bps.go.id/download.php?f=/uxhzcbtLEdo9HI4OtMFRWpycmp5b2Mzd3ZUckhpcDRROW1WRVBINXdVTEhUdHgvdU1CZUlseDVNWUFudEZuTEJ1VXliZUd2QzljZHVhV0EyamZvTmlqZXpkUUlzbmtPc3F2ZWZOSmNnTzVuVGlVaWRjMzBheDM0dFZNVkx6aUszek1VSlJLd200TjA5YlVUK3lYL2psbVEzd0FRVnNJVlJ5R21abmN4Uk1NaVZtRmlEeDk0VkJVSkJCaExhUXlSRVJ4MWY5Y0h1clNjbTY0elBnZi9udGRFdVZpd29UbDluQ1p2eHRma05yb0prM1Q4b2hHYjlmY1pCZWd0R0wzRmVGT2c1Z2ZSZG1HU1c5SGJHRGdGanFNaEljTDQ0NUNaZ3Zlc2pIRys5MnJTclhibGxwSHJoOWdrZ05ZN1hUOFlLUzVZOGw3dzNiL1UrUW84cTBNSGZGSlI3WXN4NGptVlN0OTY5ZmxHTm1uUTM3OGlONzNYTlNnSGRBU3huU2IrY21tMzd1Uk1SbnVxb2t0a0F2MFRSOVU0TGNQdzIvam5GYjkrWlE9PQ==,2023-10-02 00:00:00+00,brs
1f044ec6-d896-451c-a7d3-080336db0ac8,"Tingkat Penghunian Kamar (TPK) Hotel Kota Malang Bulan Mei 2026 Mencapai 43,48 persen",view_pdf,https://webapi.bps.go.id/cover.php?f=Z6ca2w+sOqrs0thsw6DDf3lUc1dhS2JzRU9PWm9ia1YvdVVxcTZyamJtTW1Eall5dEhSay9jNWZubndueW1WK2VPMkFNTjRVa0NEa3VHamp0NTlCeVk4SmlXK0I5ODBaTFV3bWlRPT0=,https://webapi.bps.go.id/download.php?f=Mc1zwXNs+BU1VmtwY/NOz2ZCNDJpbTlqekV0eW10UGhvNGh2Q3pya0NIVzRIVHl3OWFNanJ4WTlqMnhjeVdMcHpObE5QUXhZMVkvT09FZHVyK203UzFKYWlQZXZia2VwVkFJbnNIb2JSOTB3M0I4NGU3T2JJNFpwdXBEZXpsSEYxMUo1SjVMcndNcGRveVdFc0tFbUJUYmE1T253a2UyUDAvVWNRd2dPTEVxNXk1MzFrVG56VTdLWkRHRnZsR05ZU3d1R1BIejdiTEZCVDBBblhicU5HeHpFQ2tmdXBjTDRkempjNWN5TXNEclJXZFEwZGdDZWVweEFFM2RuZFZhNTJ4bXNVOGNXejkrb0ZuTUQ=,2026-07-01 00:00:00+00,brs
1f7f0b3f-5138-4713-b819-86617ea146d0,"Perkembangan Pariwisata Kota Malang, Agustus 2024",download_file,https://webapi.bps.go.id/cover.php?f=yS10OVEPDQK/JyZA7e1a0zIvQU4yQnd4ZmxMT3pIM3EvVFB1bUh4SUI3NlE1bkRIU0YzTmZZbHl3ZUlSTW1ock9KcFFtQmQyeFp0L1g5UjM5WFUwbERZKzcvbUQ2WUhxQzZjWVhzUUV3Z05pcXF3ZlBrNStDQzcrTGtyTFhVU0ZCWFpITnJVYkNxZTZ2VUJiQVQ3WlBJZVo0eXdQTllUMUdBZzV1Zz09,https://webapi.bps.go.id/download.php?f=oaacAQKUx+PxZ/WH7Ptl0mpHb216bmUyZTBFcEhOb1o2NTA4aVR6OGgxYUdGUll5YnV5TmtTbnNOd3VUNjV2ajhYUTU3anNwRUVsN0tjMW15M2NJOC9ZYTBpMDJ1dk5qY1UySmVYT3o5U29iM2lUbzFJZWt2b2wrNFhDRTgxNCtvUENnMzNld2JLYkR1eVRFc0RJSWlRZzdtRUcydzczcndBRUQ3YUl0NGVMelowc016L3NtdzFBMFcwOUdQUFZwQlphZW8wODhub09Ib2M2UXJpcjZiWHdyTUFxQ0Zzb01QTmYvNGxiWmxwOHlhTm5YTHNUcldnK2oxMzdCd091ZWJocFRDeFh2Z3NrVEJTYUdZcXpybVUxbkVobnV2SzZkMk4vazZRPT0=,2024-10-01 00:00:00+00,infografis
20161235-08fe-45bb-9583-0cd8bdf69030,Profil Kemiskinan Kota Malang Tahun 2024,view_pdf,https://webapi.bps.go.id/cover.php?f=R1vA62EBNasitTiWrDrYckNjaFR1S3oranVUejBrQlhkdWpycndlT3ZSK01QOThLRDdwbThMbUdwR2ZobWtyMmdjQlJEQy9UTGJ3MkR4UTlVZGRieW9yNHUvNGlvQWFjUzhoTkRpV2ZaRkVNaFFJa205Y29LWFVhaU1PSldGemkwSStvWGUzRVZmdkJ3WUFo,https://webapi.bps.go.id/download.php?f=yQ0zioxgM4Mq/PHvuT5IFW1teGROdWNXNzh3RXVsM2IweE1SMHlwVjI1Q1huQmFtckRrK1plTTZVRUJ0OGtPUW9IbG5WSllsdVdFanlYZWtlQ0RZVjU3WkxvbnR6M0VvQUNmN0NTcUtRNFZZckhuYWk3b3Rka2JxSTlncVBaQi8vSHpQR3BxcHlGeTd5NjFxTmxQTEdGN0xOM0JlNFI3SEp5VDYyMmlPME5Pa01PbEJWWE05cWNUV2dvMXVyUkxQT2ZnQUo0WW9vQ3gzSUhIaG9xR1RiOEZNTk53QjdFSXhGdEJsK1FaVGdzTGU1NEd6VlNOOEQ4UVQzNkdsWDVJbHpKUmN4YTFWV1U3ZExFWjdsUk5ha2FxSU4zYW8xS3BCTllHYURnPT0=,2025-10-23 00:00:00+00,publikasi
20334df9-ba4d-4a32-ae89-db313012c5a4,"Perkembangan Inflasi Kota Malang, Agustus 2023",download_file,https://webapi.bps.go.id/cover.php?f=0YDRuEUAPxp3T7FSRbD9DDJOUHU5TEtZdmJJREY2M01yWUFtMWFaR3NWZkROU3NkWkh5aWc5YU92QVhub3BwcHFpUzc0Wmo5K0QrUE8zSHJjSE5zSHdkS2JuTE0xZHBDMU8xY0w1U2p5bDk5ajNpaml5UEcyU3M1Q2RRdzJ6dnFMRDUxSEdITzNJUDd1MHY5M3hxUXJvUTUvVlQ1c3RjeEZ5d1ZJUT09,https://webapi.bps.go.id/download.php?f=sL6FI71tdDNSCWTs0kDk9FlQenVpNEN3SDNpREJDVm9LbkRXUjJHN0lJUDlTU1NHcyt6NkVvdzhmNDNieWdSbnVwMkdVdG5CRlo4bUU2RkVPOHMwV1doU0VVQW1EdGsxNEhXYTRSSjFKTmRLSmloWElRUm8zTlY3d2ZFWi83bUVyNHpHR1BzclJ3VURGcVM4SThOMXFuK3oxV2U3bmJkTG5rbXBZZXZWMFRFS0p5TVFqKzl3c3JDYlJnbnp2bCtwRW9ybkYzYnlObDUwcWRaWkplUWRNbGs4emtGSm94TUZJMStXa0ZVNlRvY3Z5c1hUSFBRcU1YaXFVUDYwZTZSakdzNUs0NysrcnBGRjY4bmJCc0QyY2NIV01lcEJiMFg3azh2b3JRPT0=,2023-09-01 00:00:00+00,infografis
2057b1b0-b780-4b40-89af-b6e988757f34,Analisis Hasil Survei Kebutuhan Data BPS Kota Malang Tahun 2024,view_pdf,https://webapi.bps.go.id/cover.php?f=QqRY37/ABu5X1Vqm2UVeSGdWaDhaWVpqNkN0RVRQNW5xY0Y0UWg1dTBINDlzZ0lLeW1ET2l5SDk5R2VJSWU2VWVCQmt0ZUsvNmxnYXFJTHVsZkFRVTJKRjU2ZnNib3czQ3Rva3Y0ZlZsZlN6cThEbzBYNGZCUFRVdjBJa1BnYVQwbEZWa1V1ci82eXFoWDhw,https://webapi.bps.go.id/download.php?f=8SchzcvsG0ecuj3InDzaVVBGbkFONldqTTBhSDM5aVNTNGtpK2E4MHNxWHJvMFNmR043OEdQWlNabEZ2V1pEZzdBWDF2WmJCYmNQZkRRbG5ZUlZJaXRnVWxlTmEwMHlNbHdRSmszV3E5SEx3RzE3dmpEbUxIM3A1SWgvS1pFQUlabFY0enJwS29jQ0hzRCsxdUIzcitCU3Q5S0dBYk9zVFRMTW5ZNnJWem5pQW1JL0FiTExoRDhFNVVXSHdwMDFiSHRyalpwMG5IQjMrWkdvcXpoaUc5c1hzdlNVcVA3Rzc0Sm1Lam9rTEJzY2k2bGlXcCtzbVpoRmwvNTcxNExtdlFXUU9oNlpkTFNUQnAvbXRJSE0wU1ZBVFEvVmh3cHd6c0lFQlcxSHBaZHBMSW56MWR6NGt2U3VVd09ZPQ==,2024-12-06 00:00:00+00,publikasi
20c1478d-7aab-4b02-a79a-d42d78c982f7,Kecamatan Kedungkandang Dalam Angka 1992,view_pdf,https://webapi.bps.go.id/cover.php?f=BHUrx6EKtqdZ3DAB7PH6o1cydzJSckp5YmZnZEFGZFpiYmxZQjJpNEs0UDQzN1VoWFI4bmlVcS9aRTBiRlM1bHFiUEp0QUFzZG9WSHRWcUd0UnZ3RGlUWit1MDA4Y0hsRmJselJlRGFUaXNpSkxyMy9mQnpYR3BLNFIrekMvclU5aFVvNlFlblgzTnZvNjky,https://webapi.bps.go.id/download.php?f=Ru9CU42RRe0xjBVfA6MuoDRONHJvTWswdEpwTVJualFCVk5lVXN1aFRSTTVpS2VIaWs5eHdQeHBtSHhuZzVGdkNWZzIrOVRBelpCVHNOMktTK0xqN0hsZ3hzQ1M0YXJralJvdGRBa2s5alUzZlRkR2lubHM4VHdNdXZNdmljbkZDS1ZkT3ZWOThaV1JleGs0eW1iZ01NZFFVRDhlcjRScFJETVlMUHlqdVlqSVh4cjBCR2dGS2poSDVCaWFzbUlmeXIvMk01RWhtVUQyMEprbFllMUVFSlVZcStWYjNrbVYyNWlib3NVVkY2LzRRRStzL0JicFBFVlE1dHNvVFNHS0p3TytHMGFDZDN5MXZQQU9yYzlVTzRYaFpLd1R6U0drM2tvZnFRPT0=,1992-10-27 00:00:00+00,publikasi
20cdb0f7-e6fe-457e-9d21-3ff212fb491b,Perkembangan Indeks Harga/Inflasi November 2017,view_pdf,https://webapi.bps.go.id/cover.php?f=r0ItvCjofpNJERYpAem5XTVjMEVzVDhCQU91Tm9FQlVsWnYwVHBEcjRUYmQ4YUd4TW9DSCszbmJ5WGdNcm5NblRsak1jV0kwdkl5VW5adTVna3l1dE53NTFPM3orbkhUSFVpTzlnPT0=,https://webapi.bps.go.id/download.php?f=2zMWyvalQnhVjknYMqwk2UxIN1ByTTN4YkJZZTBCVjA5RlFYNFhKNnNJamY1QXZrOUlrMzc5S0xQT0RLOGpUdGVTTFpIcE1Bbm9NcVVuV1FVYUJXS3BXNXNwcVNSc1JvRStCS0w3RDdiVWZqamRDUkpWMEYwS25LSjd1UEpUZ2xaOUIySStrRHByOFBmS0dPMTAzcFI2WlBTSHc2R2Z0VVZFdWxDZkNjeWVOeHhGNDdkRWpNb1V4MEZPSW4rcFdILy81eVhQNWpsallFR0xyT0lHaE9RZVFMbjFlOTQyY1ovWTV5STBVQ2hTb2JsTnNWUmxDSzJHcWVlWlBjdVJZV0dScWtzZDFQdDdxN3Vlckl6TkR0eGpienlsM1czc2lZOTN4T0oxZ3ozL3R5KzN5dlk3Qk8zZVhvK1p6L3diWHZFS2dRUkNac0ZrMFhHckdiTnFHTXV6TnlXWmR0dG8zL3JwaVF4OEcvdktuWXVsWWVmNDVwaExUcnpsV1I0WE84Uzh4ZjVDM1ZEV2Y2b3dydQ==,2018-01-03 00:00:00+00,brs
20df62d8-e69b-44ce-bc32-e6f0de52ddfc,Statistik Pendidikan Kota Malang 2018,view_pdf,https://webapi.bps.go.id/cover.php?f=caA8S49DgGnzfpcsb2Uv/jNKcmN4RDljVThId09qckNJTStEUlVkTmx6SURjb0RSeXNhdHZ0b2NxOE5mcFZXczZyWjdzTFExbytBSWxZOGk4ZDAyeHJFOGcwREJBZWJkczBicmgwS1g3WnlCMDRQOGtYVGFOcWZ6ZmRibUpYc3lCcHVtaW5vbjU1UVhlckN0,https://webapi.bps.go.id/download.php?f=B3PonCAuh1S+TxZfUmRQDHpLL2NyWUJPWVpCSGhBSENhRHh2TG1xTjBRTWY0ZXJrb0IvMlE2MDhwYXBBSEYwdStRNDBrdFF4bllCM09VdFlhTFdWS3VDbk9jeFh5MEo0UkpRR204TEh4K2dtNHdydU9wSVFxOXVkQ3lzMVczdFVURnBZRmNOYlI2eHlwYysxR0hqSFA2ZmdTcHZ0anM4elpFbkVQaWhIcXRXMHg5cWZZVDZnbnhGNzM4eUorWUxqRy91VVNISGI5RUxEUk92WmZvWUdxenFONTNxSHN0SmlFdm16MlpRakF0OXJyK1dwVFhtdlRCTCtGb2Y5aDM3cEcvSjRjQ0kyMmkyMk1SVXc=,2020-08-14 00:00:00+00,publikasi
21b28c6b-040e-4b36-84ae-c917bfc19ee8,Perkembangan Indeks Harga Konsumen/Inflasi September 2013,view_pdf,https://webapi.bps.go.id/cover.php?f=Jfyfpt0W07LmvQ9FDuv7bnoxUkc3SUpIUG1VUlR6b0VRQ3lNS0lzT0VremxpTFhvQTZoclp2cVE4TlZjbzRVbmpYQjY0UXBCYzBqVEtuK0JNZ0tVVEJnWjRNSjlRbytBSVNFaEhBPT0=,https://webapi.bps.go.id/download.php?f=0naoy3ch6Z55zPYrzQOfO3A0UUlMTElia2lwUU1wL0luWmplbUVjNzFodzg3OUZlRDg3MEVQOEh4Q0EzZnU2VUJySEZMVlAyM0dOeVVDeUw5bGJFZktxdG1yZUZHM0ZrSW5zZ2lUM1FHUU15ZUpPV2VoVTZ4aWxQb2lLTVBtUGNOYzU4ampUSlFGRk1OdHhKRVZxQzZSNXN6anlxVUZUdXA4NW8wSXRmWnc4ZUZiVVdOaFNlMXQvVkRXcE54ZzFCam93VFpEUk9SWTBFV3MrNzdkREVOTmEzckhtUGhrTFMvekorMXBsWXc5L3BieXVBeUpqaHUydXJGbkpURmxnR3RsQTRLVU9hTU5IK2JyVXpJcmF1SE0vbWthdEtaWHYzWS9TaWVHSTBpMll2UU1PWkdmbDN0V3cvOWRFMnVFZlZ1MWpmQ203MFBqOHFGNVFZTVFlbDVLaGU5VGJYdmNGZ21xSnpUY1BLR1NKYkFxQm9YQUZzaGtzVTA2cFRTU1kvN2tsbWNsSzh2MllVM2lpOQ==,2013-10-01 00:00:00+00,brs
21dd9240-b310-4eab-8935-33273e59c4af,Tingkat Penghunian Kamar (TPK) Hotel Desember 2025 Jadi Yang Tertinggi Sepanjang Tahun 2025,view_pdf,https://webapi.bps.go.id/cover.php?f=RmxoQedD1g2n3suIekgTinluakhrbUo1SzIwYnorUlUrNko3VmI4bUticVFncVluYUJTSnZpdXdnZkd0MHBxYy9OaFR4NkRVTktwUEw1WHNWdThFdU85Q0lsSEhPNEpjZXZCWS93PT0=,https://webapi.bps.go.id/download.php?f=2xF3xtE1EmX9i+cRZ+aIMm9VdEoyWDYzdUZuNjFFRU53M1ZSSElMZWl3M3VibUIvQW5seTVrUVBsWWFEb1djQWoweWhpZVIwUmc2R3p3WDhrYmpaZElZTVVXOVNMMldOOXR5ejNxeVMyQUtIajJiTXBMaWt4bGdEUVA2RTZsdURTZFNuNElQTDBWUHhwTU1ycDhGVVIyV042djhSNmJsNHdYU3BzeEdNcUdjeTJ0ZEV2UTg2UWdweldLMG9DZFZJYld2K2EwR2FVdFVpL0xjZ3BFdE1lTkRhQkl3SDNRMm5wbEpnZnJHN1hIM3lwYzFvTGdrM0lUSUVPbm5XVEc1UXAwVW1KK05BYnd3OFBrSTA=,2026-02-02 00:00:00+00,brs
220ae712-48a9-4485-be66-8f82360b92f1,Maret 2025 : TPK Hotel Kota Malang Turun Signifikan,view_pdf,https://webapi.bps.go.id/cover.php?f=Kc/aIaM0nkdzFZPiJJD+RGhpak8wUjNwUW92aDJrZXoxOEFNbjYyNWxWajR1YllkUDFwTkVaemFXcFYzUGU3VmtuVGFVQXlzWHl1aTQ4amgrb2VMWExaRW01TXppZklmRzg1SnV3PT0=,https://webapi.bps.go.id/download.php?f=okh6kP0Rvrs1sFw0y1xpUDlOdnI5THBBcEdZR3BXNndhTDI3QmZ0MytJRFZXOFBNVEZHc2QzejdPYmZFTnpvUGwrQjIyamFzNHp4SzMwZllHMEM5RkdFRTE2aVJWaTU5czllR0xtUmhyWVJJM1BVMkNvWVE3MnEvSC9CakZUSFJ3TksyZXBybmd5Tkt5OUY5L1crNllabzhPSE5HaUlRVndSN1JQREUyYUFzVWtnS3UvY1MvTVAySWRrY2U1VXJYK0w3R3J6WjNVZTVoK1pXajBGSmRPV0ExL1U3c0owU2JJUG5RK2c9PQ==,2025-05-02 00:00:00+00,brs
222a0dcc-0bf4-442c-b4a1-9e110d91e508,Perkembangan Indeks Harga Konsumen/Inflasi September 2014,view_pdf,https://webapi.bps.go.id/cover.php?f=Ma3bK9E5nSQFFfRgaqKeCEZpcW5hWkhKZnp1WHl2VVVOR1RFY2xTc0tWcngwN2Zhbm5mcHNhTmNENVNXYUduUVBhV3QweG8xUmZyMTA0RGR4dXhOdHMvVUpPc2kvMXJBZlJycExnPT0=,https://webapi.bps.go.id/download.php?f=gZNr9GulDXk+ZhWla13731JmQTlUSEhROE1aNHlVdkk5SEdlY1NCVlp5czRMc3pRaUZ0ZFlsdmRTUjdMNFFWcktnR3U5b25ZNFlJVEF0emU4ajRwa2NwNXhoeHRBUm1IeERSQ2kyaU0vSEZPWUkyS3BFZW5tYWZBakhVcGlGMGxsL2U0UGd1NTJDMmp3YUJMWlF4V1doUHByc3hLM1VUMkpaaGVMWFhNQnBCYjlJdjlNUDJYQWpwMU1mRHlqSGJDbGFuNnJveWZRSEw3d25ZbW9KSzFsRWV3WlJja2dTQVpFUlQ5Vm9ZUkE5c0FVUTNOM0RIRzhpSEE1ZTRrM3lVdk9WZDBmQlJiUGtHRXlvWkJIYnJxeTVvRHRobzV0d3BML1BhVXd5TGV2Yi92Z1ZLeFZZVUdtcHlUaFByVURZcU90aTE3VEcxQ2lWWnBBclNQT0Rtc3lnTCtKUkh4TkRLQlNxVXhhVzRra3N4Z1o3ZDFWSm5Lejc0WXhINUVJaGpRSk5qdkpNbkRFRzROTnhaWnl1ZlBFZVQrblZESVY2VmhwK0I1TkE9PQ==,2014-10-01 00:00:00+00,brs
22357198-1e57-43b4-b56f-1798d76613df,Statistik Kesejahteraan Rakyat Kota Malang  Tahun 2015,view_pdf,https://webapi.bps.go.id/cover.php?f=6+47R6skV1wxMhus+D+6JXE0bkYvbVhkZzdKVGxCbzZ1azlWeUZ3N1hHOUdzM1hpMGJQSzJNTTlaeFBtQ3YvTTdqSk40N0JnSmxTYlNGa2FYWkl3M0FTcjhYa0Roa1VHZ0xKdUFkTVNIK2dRSXRwUVNOSVJKUHdwaHB6dDl4djJ6KytTc0ZMdHBJc2IrUnJ6,https://webapi.bps.go.id/download.php?f=cHdd1W6hXDqSrxtHNRddMzIrNmdqdXhML0k5ajRGK3Y2czhRazFIcjV4a3FaYzV1OTFXUm8rMFhVMlAyQTlxaUFoSTNoalJTSlBrVHppT3dMTWVVcUkya0pTSjdsamMwNlJHZk0xZ1Jva2ZSclBzUXhZYkVENmNjRmhPUFloS0tsMEt3REdFenF2K1ZDZU8vUWw5T1pRaEFvcnVOaGlheWp2cDducDVBeHdHaDZlazN0Q3NIS2xpZlVxSmViWldnWU5kS0h3SzR5K1c0VklaWFdNUll5dFBUZHdua1ZidC9PZVpOVURsVUNiNGVYcWZlSGpjdkpNYW5qR3JNL2NETXU5dXNRVFUwVm4renpTZ2JQSmw3M1lLd2NjNk9EYnF3TmZOdXdRPT0=,2016-11-02 00:00:00+00,publikasi
2294aa72-a2e9-4a92-8217-a4d3595c8b6d,Produk Domestik Regional Bruto Kota Malang Menurut Pengeluaran 2012-2016,view_pdf,https://webapi.bps.go.id/cover.php?f=8IvbOw+wGjZ3cx7cCIodNllueVlkUEpWVmsvc0hwaWVXVGZFV2VaZXdlVVErSSt4ck1WYmFSOVpVSUNGRzJkS2JZRkNZamRTdGlHVjR0TlVEMzFvbWR2aEFNRCtoYjY0cnExL21kYk1jRlVsYUd2UDEreTFNNmdVV2I2VUpldGtJU3VtZ2FoNDNDMDdHYktJ,https://webapi.bps.go.id/download.php?f=vR5YcIb1tcRBdhUIxgX5nGllTFpSNTZHSTJsVzZxZmxOMXNUSTVGNis5ZnlKbkRLS3RKelIvZ3hYcmtScmhyYWdkNWRsSXJYWHFsYzB3NW0rVzRQejQzSm1zQTNzYjdZcUNYMFJMeVplbWNGc2ZEL21yanFxN2hodlordjNOVjZVRFRVNWFkbzIrbkxCOVVZZ0pBbk9zSk1qME9EZjhjVUxLYXF6S1ZBdk0yYWJQMG81b3FjOXBOUEVVYkc4WGZLL1BQdGlKQmtKdC9KMnhCMGpsTmFiUjVDUHlpUjZ2ZU5HUElCY2xYQkNmZDVZZVd4ZGZoYjNWWlltN1hHRUs1R21vSVdybGswczQ4U0xDREM3eE04dUR1RW9RK3JOUVpDTkllYVFyODYzWG5pY20zMStmMTF3UnhoZ0tpOTJwV1lSTUFncUZJalRMcDkvenY1,2017-10-10 00:00:00+00,publikasi
22dc0f1e-3eab-4290-ad56-fb08fc39a039,Kecamatan Sukun Dalam Angka 2018,view_pdf,https://webapi.bps.go.id/cover.php?f=4+T8HP3fAbnaliS8WLAdbmNnN0VFWUtMUnJXTW52N0tGOVkydjVjdUtIQzlzNjZkaXVwbytvVER6QzNjQ0dwOFd6Wk03TW1BTWhxQWROSndHRm5RR1R3RExkckY0c250bzJqSlJwWHQvVmVMbDd6SmM4NVk1dUJOYkpPSys2NFBEbDhiL1U1cDI3U3JmeFBH,https://webapi.bps.go.id/download.php?f=9chs/3NU+YJzFF0/0xAFbmM0RCszUW5PNlhKbVBJV2N6c1BycXlVaHd1OWphSkx4dnlBaFZ1M3RzRWo1MDZDcUVnWmtpM3MrVWpuc1dWMXFzdzcybWJkSlBJQitqcU1mL0lMcEZCeUZFMUFQd29tMlRuTkRTVWRWUmFMOWNIeWp4ZFhFU0diQkVHZSsrSWlHSm9qOW1wNDVrbWdQME9md1N5V0JQU1F3enlNdjJKejYwNGFweHNBSmwwSzVpYlJQcmFFSG0yZmllNWtUbDI4bFRoVmtiNkJ4RFZ3THlUSXY3RnhMMytlQTFjUEZIRnZJWGU3ZEZNdkFTWEhrdE83ejJMWEswY1BUN3FLbGNVWlk=,2018-09-26 00:00:00+00,publikasi
2366f335-7f97-4755-97cc-d2dffbf3943d,Statistik Perhotelan Kota Malang 2012,view_pdf,https://webapi.bps.go.id/cover.php?f=7K8EJ8/IylOy7tUx+UhTfHYySEJNRGFYNHBzOU1jd0t0OTkrSU11VmhPMEhmN2IyVE5PWnMydWN3ZFJvZWF4MHJ6M1ZQVzUrck1BVFNLeDNJTTkyQ0F1UTdqTTBPM2kyQnRvbWkvQ0ZjdzZEMW41RzJuRGo2cDBEcVdsY3FLdU5wTXh2RmMwaXRydlBVVzFV,https://webapi.bps.go.id/download.php?f=c0eD6PWgKBXr3u6Hco2E0UxZVGV6TFRIMk9QQ2NkOEVSUFdFcnNpWU1wSmMyR05BOHRBaVhHK3puaDVhZkJMdEtQL21Mb0poT0FpZFFBc2F4NllITlJWMXJkcXpaZnRtdFE2YncraFdtRGZWUFpyZ0lVbFI5ckxxWTJtRnR4dHNvdE8zbVFnam1RT2pnRnlXQmFYMzdwdUdzRHlMZm1KWGJtTHBxZlQ3bXluRTZiWDhsWEMwcEhOSEJTUFB2QVpBRjlGWVR0UmZkN2R4V1NYZ2hQSTNJRnFMck93U2JCUkV1SnpFSXdGNjE5TTl4NHlidHI2RnZRQ2MvT0E3TVJyTW0vd0lBUUJPeUx3RXNBZGY=,2013-10-08 00:00:00+00,publikasi
23674f82-2595-4a47-8cf6-e151f5f80ac6,Profil Industri Mikro dan Kecil Kota Malang 2019,view_pdf,https://webapi.bps.go.id/cover.php?f=pVmh87kAc2my3oswVAmIz2NwSlZSOEVFZnpRZE1oaTNTbFFhME8xREhkMzNhTG9qV2I3eGJnbXJjaUd0WktzTDJCYXFkOXY2VU9kcnRvV2RHWkxtaGFJb2pVbG9tS3BlU2t2cmdzd3NpN2x5VjZRM0hZRVpMRGs0S3lUOTlNbEMvdkc4alh3cnhjT3hQMkp2,https://webapi.bps.go.id/download.php?f=ZIfAP6ZpsoeLpFhmcVA/GWQwajZUSUZ4SU1MMjdjMU1JVlppOFFjaUluTXM4aDd5c0lrNVRZdWdLRnlmVnNCc2RRRytYdklIQzNKbWd3MStUUkRrMER3Z0c2WXJCNDBtQmpFeVlET1dtU1pSOE1ieThwVmRUY1QyNWlXMTlmT21aMmdPVCtNZm9DbVJ2aTVoWlhqVGE5YmNQVUtCRGVTanU4TmFFUVV2TUV0d3BzSE1qTDNXbUFZMlYwdFhBWUp4UUV6eXV0dUVBRmRCTUFDVk96Nmh4Um9lcFQrbmVlS3pvelJxdktBU3JWUFVXMksrNFpyMG1tS3ViNThaVjh5UGhxK3JYYXNwVHB2MTVITTg0Nm1OMHRkWUhVSHFSaUEra2NVVUN3PT0=,2021-05-07 00:00:00+00,publikasi
247520dd-2908-4d32-8dd1-0470668051c7,Inflasi Kota Malang 2020,view_pdf,https://webapi.bps.go.id/cover.php?f=BuYnU18WjJPqO4WY1olHZGx1TVJVYUlwa2VoV1l4TFF5TkhIVWh2UEJxWEk2RVJYdm00Q3BCMTQ3OXZKaElscEpnOEJFVWVISUR0MGMzd0RCN3lCWCt4ZlFXa2lBOSs1dXFEdEVCUzBCNEZCd0VJbGQ5b1FOZmNqbm5GWHBJRWc1RjVQdGh0UVk1NXhVdjVi,https://webapi.bps.go.id/download.php?f=NCXhYuqXxKujOUueCFQyHFRwNGZKRlNVdlE2WjdsRTZ3b0gwdTMzaVBFaURiWVJOZ2xadnlrTElrcXpVSVJjQlR4dDE4VE1FVjFDU3lqakNVMHRLWGhMTFdmaTRjODhWcFFkSm5GWFFsRGd2RkV2SmhRNkU5Z2lPdEt3c0pqRFFLRnI3aUFHRnJ1TDZNTkZEYi8yUmVvdkw2UklwVjJxM2U1MzJpUGcwUGFhOUNUQ1hlODBISThtNWczOEF6TVVuVy8zWmU2eXdMRmNIM05wWjBkNWJYTExFNGRuVmUwNitRL0tjazZGU3R0Y1hEcjJvYlRVUElmcEZZVFRzcEJFc1l6dGdTQmlqQWNNMFQwR3o=,2021-02-01 00:00:00+00,publikasi
24fe0bee-8b4c-4a19-bc56-e228c784c698,Perkembangan Indeks Harga Konsumen (Juli 2025)(1),download_file,https://webapi.bps.go.id/cover.php?f=nwunINZrfi3OzBOnHL36w3lvdEZaK1c2WVB2d0xZLzRncUwrZUdlM0tSL2tSeWpyMDk2SFdyNkRmWlFVb3VKVEc0QXQwUVJUU1FLcndZcDV4RDI5eGVRU016RElBMVJxZzczVVBBPT0=,https://webapi.bps.go.id/download.php?f=o61o7rquT60Np2lN25iwLkZmZ3cwdDJKeWhPSzJWZ0Y4VFhjMnhFWi8yTkw3WDI1SlhISjhDZTQ5T0tscm9mZ296aHRKYWRubHhBK3Q1d2pEK2ZLL01td2dSOHZYOEw5TUtlbkhsL3JweXY3TFIxN0ZtTEZycUt3WnN0MituNFg2RGR3TzVsdVJ4L1JRbUlxc2Q4RlJXTjBvblJyQkJMSDZEcCtRME16TElHbkM2ZGlBNU9IQlYyY3ExQmVuY0JCWnV6dDJmcEJwYVh1bHRLclU3YjUrbGpVTGJJQ1ZaMjQrTTJoUGc9PQ==,2025-07-01 00:00:00+00,infografis
25199f4d-6e4b-4eb1-aa3d-1289ee041161,Analisis Hasil Survei Kebutuhan Data BPS Kota Malang 2025,view_pdf,https://webapi.bps.go.id/cover.php?f=frpSdTAK+Z+6mD6bTHdmJWxra3g0K1NHZXRlQzEvb3VVRUlwY0dySGxFVk9lL2ZDTEpEdy90Uks3NVdaK09mblVVMHVuZ0x2VngrNjJmTTVuL1ovblVLTmk0eXpZSytEdnMvd2VtSENLVWtJdGRQbjUzSC85a01ZdE4zdDNlbDRHRUd3dURaY3BtZWVKTHpz,https://webapi.bps.go.id/download.php?f=7b51aTBWUth0rEBAzcMCOnVHZmgrN3o0eUFmZmQ2VWJtakEzczVUaGhqc095TDlBMFFjRjdGSVQxeDdvZytaMlN2aHMvbGNjaHF3K3ZZcy9Va0lWcDJ4bjNuT2xIaDdtSTBhQlhXdTBWQVN1WFoxeEsxUE5LTFJzMlBxN045Y3F6QVkrK3BhYkdXOVVTeHNCckJNcDBJK1ZtR2l0MDdEWU4xdXJVbDh4STdqOWRDRTI0ODFBWGdBbmo0Nkl5OEdtcmtHZkpocDNEckhRMTQ5S0lOcmFsQXlacWJuU25RY1QvcnNFVFFURC93NVIwUFVxNkFLaTVjTWhXQUNaL1NUT1c1Rkp4dVpaeWh5RXhVcngzSXQzTG9EVWluSk9KQ1FUdzJMNTZMT01pQ3hJY29SZWtSVlorNVFKL21NPQ==,2026-01-30 00:00:00+00,publikasi
254ebaae-4952-4f87-a8cd-935640186352,"Tingkat Penghunian Kamar (TPK) di Kota Malang Pada Bulan Oktober 2025 Mencapai 51,53 Persen",view_pdf,https://webapi.bps.go.id/cover.php?f=ERj2UfstHLZlANolTwuFQytUOHplZ0tvOGRsN1dwc1NaTjlpSG5lTEIva2dZa0lldWVXVzltUlJaaUYybnVJWWV0WVY1MUR1b04zRW9mQ2VNS0VxeU9jTFpSSVhGSE52YlduZ1pRPT0=,https://webapi.bps.go.id/download.php?f=qQGeT7gHug2KkxStbeLYmS9GMm1VYWN0R2pHSFVGS3dDZC9yaWQreDRiUnFIZWtHSENUaWNKTFBwamtCSVQxUWtUaFBORkpQQ21udnV3RnRwb0xLSXFlUmwzTURaOGEwdUFyU1FqU0lCcTlBVS9WeFhlMElTb0xza1lOU0FMTk5IL0FRR3BLNzdzOW1TU21oSTJ1cUhMR3JZRjVHSDAwb3AvQnpWeEdUZ3J4djBzb1NWNVh3dm9lTHdRSzR0dE12V0drekZyMThqNUx1c1JybzI3dm45SWMxcDU3ajBaL1Zxb2VjcFJ3RmZsWHcvODZxNENsdzNwMlFjVFZuZjUwQlNtS01yby9rT0ZubjBueFE=,2025-12-01 00:00:00+00,brs
25f58d19-b52f-4519-bf15-01e4a5ec3797,Perkembangan Indeks Harga Konsumen/Inflasi April 2014,view_pdf,https://webapi.bps.go.id/cover.php?f=wYIceMTp0T5BX0nCYUcS3zM1UXFPeU9FbFJWeUpVU0hZalgxTEFWN2xORlkxMzgrMUJ3T2VIaDMwMVQ5anNwejBQbERsVnRRZkhRaEdGZVJIbmRQUG81S0c1T3lpSWEyVmFiL3NnPT0=,https://webapi.bps.go.id/download.php?f=OyvgbW9ROsDr5AO7fm32zHF5WG9UN3ZFOFNMbkpxZmdLc01nbVBHZmdIcVNTQWZRSUVGWmoxcmcvSy91YW42aFFrdFRtckVDbnowd25XRXhJMWZGaGtuQXJPclNIdWpFdTMyc2Z5T3dHRFB5YUFiKytSM0dSdDN5NzRGdytsaTVrV3QvUS96ZEV0ZkVXajVGNERnRld5MFQ0dWhFd3VMZ21aTTZCU3g1c2kvbS9XRDZPd050S1hVQ1hqbk9rQ3dUTDdlTjRYQ0xRWmZ4QWFkbzVoMXQrNVBwTWJMNmpWeG53T1pNZlN5Zk9tbURMbkt1MVZVcWVDWmJqVmtQcDRndlAxdjgvRStBUWx3Z1JVTkc0RVBDTUlBTHo1c3NmOHZxUnIwT2JJRVJpck1ZdS9VRnA5RWo2anBsRXZ1YVZSWll6SXcwUnBHYXUyd3BiazBzbmpKVXdaNWJadFo5eTMwWUI2YllDYVlXeWs5VjcwK2NNUkp5TUNlVTVSZ3k2QlhKUi82dlhOK3ZtNU1hZjIwTQ==,2014-05-02 00:00:00+00,brs
2688ed97-b827-4805-add4-b31c5d276c6d,"Perkembangan Indeks Harga Konsumen Kota Malang, Desember 2023",view_pdf,https://webapi.bps.go.id/cover.php?f=ruM3F3TqM5n2qgjd0FKAVDJVNWZFQzRZZ1dXelpVNkJ5bnVWaEVBUlJ5TVljck5wQkFzR3hIZ0daK2hMYTJqMzRwUFJsRkxZT0lSbW1QRHh0d3VKYXZ0N1VSOFFFLy9hSXZLMVJSY2Q2YUd2Z2t4YTZNSTdUOFR1MWJkaUdtY253eGhsTFllWlZXVTU3Z3h2ZkdWeWVZd1JJaUFlMDJKSmdMWVVaQT09,https://webapi.bps.go.id/download.php?f=AiA0KJ7TA8L99ev1s+QbN3hQeURSclF2blhnUHlFc0czR2w4a3RUWlpTSFhIZTI0MVB5MERYZGRsMm0wQjcrbExOZDRFRzRGeHV1TkpNNXhlWEFNS1JEYi9jcTFUZ0I3S09SSC9BUFRYY1RueTdjaXE1NDJ3TS9mejI0ZEpmREJ0M2x6REk1UlZjTUQ2OVZ5L1ZzdXhEWG1tVXBmVk8xTnpScmZxbVBnZ1RmZGxRWHgwK3ZRTThpaHBjTlMvS05rWWcrb0xqRi9tYnJMbnNBNmNpNngvN0FvdEhIUlFScWt0RjZ1N0ZxVXpyeG1PRHNMV0pNZmpzU2hoUEQ4UEZmeFk3VmJwQjFXNndrUGtEaDRzSGJPVlA0NFB2UWJNS0lPYVNUa0plaTdiQUdickl6NlVLMXFncFVzZnVVUEgyeVYrM2ptQmRKMDNaM3I2R2FqNEkvLzRyaE5VOE5ZS3JOVHY5RVRIZVhOdjNlZExpSGtWL3YrTUVjUGFLSXAvazlHWnNwbmdIMmRCSHZ0TmgycVZBZmVXeEFTTEhHQ1I5amNxUGpRSlE9PQ==,2024-01-02 00:00:00+00,brs
2698940f-6dbb-4e86-8033-64528914bd73,Luas Panen dan Produksi Padi di Kota Malang Tahun 2024(1),download_file,https://webapi.bps.go.id/cover.php?f=KEGDyCtY/+BVwImJbAJ/EzJ1bmNUZ2g5WXZVaWptS2tYRkEwU1pYREZDa2lXUUJ2enZrTUJxUFp3ck9YMTNtaWdiUEdBbk8xbVgrM0pra0RyRU9FekFqME1SVXZ3NUs3L0M1ZmRBPT0=,https://webapi.bps.go.id/download.php?f=7wObvehYfpE+kqBbpv+7YU4reEVEN0FVQnpuSERzaFVnV1E1d0NhSHY5R2lZeFFOdEVVUXVZSWMxeXFxL2FEaU5HVnIwd3RRZm0rdFBWSHZHbWg0aERxb0NrNWtQZ3NYSmxXRTZMbVNCY2p5Y2ZwaVZWVDNxSXRHd3A1MDBXcWR6bGM5c2Y1UWQ1NHdyTzlteC81bVBBalVXZ1VjWS9IM01HbDN5NTNlVEFxV1hBbmVubjdhRGJnOE42b2IzRU5idmZqa2c3amZmalVGQ0VpT1liZDFmektNb0JQeUpGSFl3NHFrTXc9PQ==,2025-04-08 00:00:00+00,infografis
26b4b0b9-cb64-4f15-b135-fc92f0fb25c5,Indeks Pembangunan Manusia (IPM) Kota Malang 2018,view_pdf,https://webapi.bps.go.id/cover.php?f=3+tW92WxYMuu6zE6XRu1XURHYTlCMDlad3o4bFQwbm9ZdThBbk5uazJwVmZOMytza1JTbHFCa3haU3ZWcFE1OXk3eE5SWXVtWVdEM0hIUWpURGJyTVc3MUJIeHhvbnFoOGdXYjVBPT0=,https://webapi.bps.go.id/download.php?f=SYx48QapaljwdchppVW2Vkl4UHZHbEtHVGZ1dFpJMG1EUGYrcm9rVEpiMDdxRzRpbXpvc2hHVk5iZmJSaFFsRzlBdTlmdy80c0Q0V0pSTmlQOCtLNFBwQk9GeDZEams5UHVTaWVTZGR6YnFMWVNPMWhPUm5rOEFFcmhEbHJKa2l1UlBWZEIrSEMxMFlmZGJZRGxFMlZHQkx4TW1XNE0vZ29HYzA3b0g4SzhRTTBFY0xJUDIxenBHMDI0UkE5ejgyWFRBdGlKVTIvR2pWZ2Uwd1c1TFVSR1hWOEQrRUkrWmIwbFFZSlI3cm1KMEVteXNOZlEzS2pYMEUxdUtRK21QNUcyc3Nac2J3dEI5T2J4Tkg1MEk0MHBSbXZjK3AwSlZzeVd6T0lWMWw4emNhT3RKRG5NeG4vRmVuOHBlR2xtY0VXUjhTdGlYbmN2STNGUXF5cWJKZ3dwdlZvdmJveU9yWnVBMHJ3TXlaVHFsY2tZMWpLdkxEZ3ZNY09yaGRmUGxkaDBYa1g2a2p4dm52N3QvTg==,2019-06-10 00:00:00+00,brs
274c88c0-91b3-497d-8324-095a0dde3ccc,Luas Panen dan Produksi Padidi Kota Malang 2025 (Angka Tetap),view_pdf,https://webapi.bps.go.id/cover.php?f=zqlOLNwsveVWaJa/RMSXH3c0OFB5QXM5WGFzTkxnTWhnV29YQ2RJV0ZJLy82TGVJdVJnTEs0N2g0SzllR0RzWUJxd2RqNUhueUNhNmZzNk93SXlFZm1TTXA2NTgwV3FmRVYwaEFBPT0=,https://webapi.bps.go.id/download.php?f=y7VXuD+Av3gEvu+AZm/K+UxKalBwclM4K1VFVnIwMENwdjdrWGYybUl0THUzcDJCMWhXOXNSOTVsekFSS0JtRW5KTisxUjN5blI0MmJYM1V6eFJDdjdGZTVHSzFCMnpoMng0MWp2anVHczR5NTljTFFRL3FWUmNGeDFwT2U0ckZVUVpDWGI0R3R4WURUVmN3OXFGeFpSbnhNUEJlOWZxcXhUdzdaNXBsaEl0enBTaURxQm5YTnBkQis0UEZNcGVHdHlhWE9lSXorN0JaNkZCTmQ2LzVUbnVMMlFER2lESmRYSE9Lc0E9PQ==,2026-03-09 00:00:00+00,brs
27665a35-bffd-4c7a-a4d7-90772d1d3116,Statistik Daerah Kecamatan Lowokwaru 2012,view_pdf,https://webapi.bps.go.id/cover.php?f=Q/aVnniooSh74vD4a9D2DzQxL1VRZWEzdUIzdEUzaUVYY21SeFdnbzJ2d1RrMHkvbVJqb3VmVWlRZnIyNnZucE9ISksxMkhBcXdQQjJ4Qk9mMXVNa0dlb2xzaEt2RG8xcUxReWpmUjNESmV6UDFmUHR1UVlTbFhEc2JnRE83ZWFRdFkzRkVUbFhicjU3Y1FD,https://webapi.bps.go.id/download.php?f=tRwVc2QlXjAWDImFkYyO2y93c3V3MDJCUXJlblZyc0JvSGgxOFRkV015d1pQMFZzbEhaT2FKSm1Ba0s0ZUNOeWlzcHlsa01xdTl6ZW54ZDlvVHRCY09iemZJSTVMZnZKcTI0bkN2WEFZVUllcGF2SGJTTzVHUFZ3ekhsNitvYy9vNmdmWXRib1lCeHpsYTBoVVc1Ly9XS0cxQkJ0Nk04VHJKa0dpZVBWaVUrWEpUSFZKVHQ3Tmt4Y2ZSOUVhMkp6eWtES0hKWEJUaEpYTS9reG9RVkM0OHVOeFQxTkpkcmdCMWh0SHRUakdzUWpXV2VjWTBHQldCVDU5SHMrVE90TStKYmhFelFteHVEa29Nc1A1OTdlRmI3dzI5TWNHN0RTeHpJcmJ3PT0=,2013-02-27 00:00:00+00,publikasi
27dd31df-c1a8-43a6-a296-f8858966633a,Perkembangan Indeks Harga Konsumen/Inflasi Maret 2012,view_pdf,https://webapi.bps.go.id/cover.php?f=s/kPnuRV18/FYnJr5LoJqDA2ZjR5THA4MTFJQm40eUx0UEpVVDNmU3B6Z0Vab3oyU0hnbHl5TURaZTlwR2FrRzVyelRVVUNwby9WU3FZVWJ0TnVoMHVwbW5xdnpPL1EyVE10dXp3PT0=,https://webapi.bps.go.id/download.php?f=VvVicRU+qSP4IPIGjlzMcGJldU1zZ3ZDTFk2T2UzOExxOHE0TzY4em1OK09OMW00cExRYWFNYUZqVTNXZnZadERyNnRZTG1RRy80RWlEeHdzN2FTZ3VvL1ZZOEo2QkNGQUhKY0svTGdiSzVCQUNSTUZOeUxxTWFpSVRYcllhQ3NvYW5TK2VWaGlxK3Azd0h2Q3dXcmM0d25zSGU1M0ZWdTZLS2hYYTc5V2l3TkxZQnZTYUtMSHdqTTg1Qi8zTlRMTDV6aC9xZTlrSEVHRWQwMHZwZElJWGlRMFRNUVo1VFgxZkVOdVNXTXR5TnhqMlNuOW04dHdQdnVvQjNVNG1VVDhBekswU05pTGdHYXZhOHZURkFzYndET0owV0RGNzhHeS9VbDhaby8veDZncE90dEt3NjFkQ2xrU1pDTng5NTNIK210RklyeFZUMTZxd1ZmNGVObWZ4NHNUY295NWM0TGY3RnZqWWVlL2JUVzBMc2E1VEVkQnJrNXl4RkxGREw2VzZoSU5iazUrOEpnSm5ScA==,2012-04-02 00:00:00+00,brs
27dfca7a-ceb8-44bd-af45-79f209941e55,Kota Malang Dalam Angka 1994,view_pdf,https://webapi.bps.go.id/cover.php?f=d2P1KY3cElnT5Vcelgy/wWZUYzNwcGtlTkMyZ0dNV1l3Ly9CZ3lHSlF5U21GWXJmSDJKV2V0ZEZtRkdGSUp2VUc4b1ZJTjREMzhlVnlBc3ZWQkJCTi8rZUlNSmdDMnZKK2RUVzl0L00yWWw1YytmL2lWMFV5VVhFRWFnMzFhY1lEYVc2YVhsK1lVcDNpM3BU,https://webapi.bps.go.id/download.php?f=NkDMCmfs3A3hHufNHxz7DkcwK1lJYUVUUllNZXI0MURpMlNST0pNWmhIQlpycWh1TWlxV2pMRnQvRmtSWEpSSjhRZmtSakFDNzljSjFvR2tsbE1QdG94WlczZHl4RG5CRDJlRnlqd2hSUDJwcUluMFMycjRBdnlyczBYSWU3NzhNcUhIQUs5TVY1R21ReW93amZNNDFCalNOTE1DVVBkQTVwcDdtY3hCOVZ1ZXNiSXdKaWtKaXFkWnAwYlk0NytpSEJUMGdXZG1SMmVaZXBDVFlMMFpKaXlmNlFUdVZDVmxOdEhxSGJZQWkvOThRVjF6Mnl4d2VTL0R6YU5kcG1FSlc5ZlB3MERLbkFmV01Kc2s=,1996-05-20 00:00:00+00,publikasi
284b9f48-6cd9-48dc-84e2-007a0b991106,"Perkembangan Indeks Harga Konsumen Kota Malang, September 2024",view_pdf,https://webapi.bps.go.id/cover.php?f=UDg0wxo7mGxHn+lvpTg/xWlMQ3MvSnkvNUg2b2FJMEI4dlNpS1BPNlpwWnZjVFk1TzIyRzB5elpUOXpOV2UrYXZoK3c0NXFhY1hjR0FaZnBvOGQvbkx3WDZ2Z0h1Qnd4amMybUVqR1dPSWtlRXVVaG12VXpPR01lZk1hOTYxSVZaZWFlalNmZjFQQlR2VzlvUjRQeFFqTGhUZlhXRkF6WTRnajhnQT09,https://webapi.bps.go.id/download.php?f=7wVw6n6/iwrJKz5IOxqUzzlWUzhQQVJZYVpzMUExdmlPV05ieERQQ21jVHNQcDJEYktwZXJRWVVpK3dyc0ZJZ3JSVG9qczF2NG5RdndsU1N2VW9oS0gwNG5GOGduejFqN1hLUEg2UkhuQzU0dWVVMnhGS0pWV1RYbkFQZXkyNmxXREpsYVBobXZBQzhpb2Y0Yyt3L1JZczVvalNIa0NkbW1qNW5aNnhkcFo3NVpEaHVCcEFmWXVwVGFmUFEySVFWM2xqa3BEYkFhVnRnNGdYRDRRK1MvVFgxN05jWXRZWEdmMTl0K3lkbkFyZ1pabC9xd3piUnFBRzZMbGFFbWEzSWdtaWNFQVZrQkNieGRiaE9ML1lmQkR5RHRDc0NwSHVIdWVlVXB0SVZ1cmhPajhJRmQzdEhteFd2ZGJBZGdjVzBqdjczYXdmOUVXOWtpWUYvMkcvME1wNnpRdTg5TGFsajREc0dXMHFYK2lySW1nVTZIajN5NHZiRUJUbFRTMVRMaFd4MTdaZG9wMFFwNmJkbDFYTW1pcGVIV1FQS3ZSOHBvaGFhZlE9PQ==,2024-10-01 00:00:00+00,brs
28cbc3f8-59b6-4926-9d3e-8a52cb57960d,Statistik Daerah Kota Malang 2018,view_pdf,https://webapi.bps.go.id/cover.php?f=60/ZJepPL0owGikdOgOSe0dYc3VOYXl2ajhuem5yTmIvNEExNzdRVDVnVmxPZUVXc0RmbjQralVSNmVmenJoa3ZKb2gvcDV6RHJBNzFreEVvanYvTkNXQjJUTFFkTWpyZVBnZi9pU0p2TWd3TTNJQlIvK2lGUTFzcXRuT3BqNXhjTDczeUdxcXhLa1BKTlBh,https://webapi.bps.go.id/download.php?f=xokxUi1fkcLW+G0pxAOq10lGekNLVDRKRU93YnFGWkJUOXl6UGo1VjJmdlpuSmhHYi9ZdkMwS2J2R3F5eDlVREF4S1dTTGlaa1M0dU5YQmNISkFDeUs2THExamt1Q1dFUXFRZis2U2w2b0VLSVU0Z0hpellDaWt6aEMyODJpUnNNUXJCdlFGb2o4UFFudWRTTzFHWW1FVEdIbWttRXBCUGhhclFYWXAwT3ZhUUdOaG55eHEwTStLOGJmK3JNbkVVTHFJcFpJbkdYaUNQQjFkT2ZRbWtZQWYxbEtWMTBkc2ZHZVJDQUxXNGEzc2RzbmIyZmQ5VEdpS2VUNndDeWNMVW1YR0QzQ2ZwQnhLNTM0bEY=,2019-01-16 00:00:00+00,publikasi
28d4314a-80d7-46f9-80b8-e274540fbb39,"Tingkat Penghunian Kamar (TPK) Hotel di Kota Malang mencapai 51,80 persen.",view_pdf,https://webapi.bps.go.id/cover.php?f=4hR6iTDixxUahq+V8Ti+eFJobWJGaTJiZENOa1piK2pOTjlIVUttRThMWkhwcElOUUZuREVaeWZ0WlBYQXBNeEN2amViOHJVREU4TStDNzRLdUxKRlNtakVMNHk0ZUNZRytzdFRBPT0=,https://webapi.bps.go.id/download.php?f=e8oYp13URn5ZEAP2p96uFmczbVVyUUhPdjkvY2VyYTVKazlJMEk2SnJYRzF6ZW9VR3Z3bHh0Z1RlT2ltYzhRV25QblhobTEvVGFDcXcrc0J3ajAwcWlpZXlhQW9rck1aWno4bnB5cEN0NWN6QVdwYnYxeXl3K08reUZnRWkwbjNEbDZEMlJmYkFQV2dvRDdjUElFL0t0Rk9BblhuNkNjMVpabkFIbWtkN2xNOURpWVhoN25xcVFmVGNCSExKQk00akcyd0FTcmg3dmJDcTlDMno4YmV0b1ExQm5jaWlOMk50Y0VOTys4TDBSM3M0SUVwZ3MydGtEcmNSSDg9,2025-09-01 00:00:00+00,brs
290cc17f-7032-4c7a-88d2-4ffe952aba75,Perkembangan Indeks Harga Konsumen/Inflasi Maret 2018,view_pdf,https://webapi.bps.go.id/cover.php?f=nuwkcqVfwHYT3gKUePgpEGJ6Q2dWOGRtUzkvbGpsTDZPU2pFb3JCMFc2c1l4cGcrUUNRMjI4b3g0SVFCc3hJQ1JJYWt3QkdRR0F3c1pDbEpGclo4dGo2eVNUblpZVTd1QWkvMWdBPT0=,https://webapi.bps.go.id/download.php?f=rv0PW6Y7fKqQZBnhSW/ycUMxRkVpVVZRaTdFUzc4UHBhWnVoTGRvZkhXTWhEdzRrR1BTb0Q1ZCs3ZW1kMU9qMEl1OXNkYnJQSW1pRlhzNCt4Z0VzaG5tRy9qSGphSU9hSVowV0FraXROQktndG9vc1AxVTJyMkR2SnI1MTFLdlpLL2ZKQTYxQUVNamo2ZS9Ga3Z2YUtyZFdWVGdtREpqbDJpb3l5VnVlYkE2d1N2UDhITlJBMGhPY2NkNDU2Q2F6NEtVMGtTQ1BDc05BbTNKZmM0bEYydElJYitDU2hWWUlXR044U1J5dGJmNGFZZmg5cWZHK0JuNHJQaVNONVJpT0N1OStGN293MFdPV29VRFdBcExLYzNNOHVvcmVXNkpnUkdGaHlDMVcxZVRJY2FYdXNsbG5YRXNzblVpMGpZdklhQmRCa2Y4cHNNYVlrVysyQnkzSk4vcWpTYmRFcDVHYmtpTndrcnJyT3R4eVRkSXQzNTY5TTNvbTk2NjZDUjI3dDAxVEVMakRlSTlGaEdtbA==,2018-04-30 00:00:00+00,brs
2929f737-010b-45d2-920e-cc4185c7c99c,"Perkembangan Pariwisata Kota Malang, Februari 2023",download_file,https://webapi.bps.go.id/cover.php?f=8B7cpqVq+UTm2deAtyIOjnVWMnhuamtBSWFmc0gvOTY1Ykc2UzRKVUZDL2ZzNEhTSUVlekdha3FiS2s5U3J6ZG5VaUd0bUJtZ0l2d3Z4U1g3aWxySHNaRHpWS1ptK3U4Y081WnliT0ltekYvNGFOeUtoSGl2aG1HNVZPTHd1SnlJZ3k4c0VPbFBmSG54UmtMYThDZTU0Q3dVUzBPV2hOcTk4ZlFxQT09,https://webapi.bps.go.id/download.php?f=eikpIGIrhDGMKnF+28Kg9lY0V0Rxb1VJQmNJUndMOEMxV3dsN2taZ1RmT1Nuazh6REo4TUFjcW9OSXpPQ0szaTQwR3c1Z05MRDRaNGl1MUtLU1BWY0tkeHhwMlB1WlBGVDI5Qnlqdm1ZVVJNQk5XSTk4Z0lzZXZ1bHM5U1hLVjlSUXJXYVNONDBYTFk1N3pkaTA2bHdjSmYyRllvVVIrZGZHbG9rdVdoOWR1ZzJUQWVSS2todXQwM3hCZWVNQkxmOS9zbjFUbTk1Ris5Z21kWkdreDNJYm9GUEV4cjZPVFVrV1RhR0llc2VrT3FMQmo2VlFDbXVJMlNJcXpsVHRDdVNXMURjYU9HQURuUzZlcThUb2c5TVVTR3JoeEZkVUMwNkVxSy9nPT0=,2023-04-03 00:00:00+00,infografis
29802e73-428c-4379-8803-0bd332c36ac9,Kecamatan Klojen Dalam Angka 2021,view_pdf,https://webapi.bps.go.id/cover.php?f=hmiEPYpQweXR2oP48ig/QVQwMGpJS1YxREp6NzkwOGxoMDJQbG8rY2FDQVJWaEV5QVlXUnpxUWFsa2kyWmN3ZTdNc1JWWkNqN294RUZmUXB4QWJnMWsvM1BRWHI5cGlpS1ZZWW5XQUNoUjBqK25rTjcxaTBNOTNqOGdIY0Q5MEM3dk9QWisxWnF5azZlNHFL,https://webapi.bps.go.id/download.php?f=T/gZ5QsY7rB7sWc9KeoOkDk5NWd2Rm5ucW1CQWwraEc2N3p2ZWlSZFpIcG1kREU5aVVIaExJZkY5c0JiekNLMTlTbk04czV4QTI4dkQxSFZETzQ3cGhXTnJHNlkwdjZRWVVJQ3cyWUtHUms4aEJHR2xkSkVBNXd1Y1lhaDlmWlZaWUVjOFdyZ3RWdFkzL2FJMUJjbk9FNmFKQ05XNWJHcnViZ0pLblp6N3VJUndrTkhQNk1pUWJpWFI3bzFNVzg4dkZ3UkczU0JYcjhBcTRRN1M1OEd1bjEydnJFRUM2a0tXRnkvTFVsc210K05KQ3FIVHpucml5UGx5MVBlalduQUpMZTRUWk5pSWhhc2hDeFI=,2021-09-24 00:00:00+00,publikasi
2a3b3b6b-c478-4cc4-9d4d-07a5f149f1e2,Kota Malang Dalam Angka 2017,view_pdf,https://webapi.bps.go.id/cover.php?f=eL9bv0LbItSIfo8GPlbXV2UvaDZid1BiK0QxRis4bzlXOFJrZ2huQ2ducTJ4M2pWNElONVZLTmo0S0lmQ0hQbGltV2VONGNUQ0wrT0VxWkZhMHRoTjh2UFhSdTNHQXdYUXNDdURjby94TCtLbFRYcnJ5NG81cG9NWnFwWVppTXluNEFJY1ZjYzZ6Z0R4ajdF,https://webapi.bps.go.id/download.php?f=/YBLQTBg2Jr6ZHOUdd0GIThVWVEzN044OHVNZTVGRm9ndmJONnhRWHRmWlRHS1VkR3JmK1NRM2pZQXI3MmttT3pnRFlodTB6b2l4QktIYzNFMnJ1LzVYODF4dFZLanNucjBjM0hmTkM0UmVla3hmRkRNbjVRTWRuQ2ZwVDFVc2pxMlJwMjFnUEFsN0ZPRVgwbHpFUnFraE4wZ0lEK0VEdmRWL2tVdGhvbXp2bTJxTnZ0bWpITDNueDNvaFVFYitteWpLL29sSjB5NVcxWnpRQUEwWTFqMTZGNFdmbHBXamJkZW0rSSs2dGNzRHhES1JjWm5BV2E4eiszNHVYbTExTlRCQ1BITUVxMU1NaVMvSko=,2017-08-12 00:00:00+00,publikasi
2b27f7da-ecad-42e6-b73f-43d91045c43a,Perkembangan Indeks Harga Konsumen/Inflasi September 2021,view_pdf,https://webapi.bps.go.id/cover.php?f=LRg0BIHzStauU1N6dIvraDhxMFpSTW85TzRRc3RBSDBIKzVZU1ljMTZ6V0x5NzhmL1daaFk0cUp3VXJmajR4aXJnVkFEZllLSzhOL2FjSjZETUhEY2ZldHUwVzNCUnpnMElmaHNGZ21TbFMya3NKSHFHQXp4a1Z4Z2FkYllMV0poZlRkeHdWZ3dnc29hTWtK,https://webapi.bps.go.id/download.php?f=t8dyQXpqOuOytnhSx5+UHUx1bkFRa1l4c1BxRDR2cHVjRUJ6WEkxQVgwSEV4UUlWdElHRkMvSGZKSGxnVXlFSkZZSENyczhWeTdIVng1c0tRem5vWHo2YVUrYkF0UzdZaDBkN2dGUWdFV04remtPRzVxbG5pSFg0bTlXc0hXejdET1dORUhyU242UFpTM2g3a1JnZDJjVFQ5RW80Y2wxMjRSWGJIbHRGQXBqSlVyYWg4OHBKeG5XNXc5Rkp5VmFiRm1jTElqYTdhd05VV1owd0xNMDcwUEgyWEI5MjJWVk02VkZSeUhzRlJIdEsrZi8vZnFpd0UvcnBkcGdweXE4RHNacmx2VWJaSWI2WURmV1dQOFBJOW1CcUZoR0tCS3B2Tm4zUHMyV3JIWUt0MjJTbUptcnI4cHFyMEY2ZDhHTTZRSDF0Qk1panFYSFhZeWI2bEFHOWhXd3RCRnBWa2NKaXJBM21hSVRBUkhJekxuSzRlR2JXNHFEZGJaSUJGSU91NE1mTkpvSi9zUGJXeFBkVA==,2021-10-01 00:00:00+00,brs
2b28c9ac-73b1-487d-8827-63aac063d032,Perkembangan Indeks Harga Konsumen/Inflasi Maret 2017,view_pdf,https://webapi.bps.go.id/cover.php?f=xAXPuQDfNWK030gHhOLd4k9TZmJvWlhEQkViTUJUVjZJQ2k1ditERXZKTTI0L25EN1RRQURnczRGaFZqQVpJSzNnMlpHNnhTdUFpR0dlaGZ3d2N1WUcxbGtybzNNNHY5T01pOWF3PT0=,https://webapi.bps.go.id/download.php?f=dj9PRQ7p/YEBAgVHjNKahTZhbkVZUVdqdGY4NnU4OXIwcEJuL2lDazdzVS84eUtUcGx0T0tzejFEK2dROUpuMkgzbldDTGpKUXF2UzB3RzQzbk93N1hxMExNekQyeVB4cnVSZVpjcVozVVRSSGlGeFkvSmtNUG9DejMxN2xNeUtvbXhReDhGZVVNMzV1WS9lTmg3WUtaU092akNHZUM2ZHduNW8vc2JCcDdwVUVwQUJZbTJ4UjFPd01EcHUvVEJsT3drd0EzODVYRGhJMUtLMDFVekpQbkFLeFlYcTZ0cEVyQnVUakdmTzJ3c3FCRmJ4eFY3M2J5MnJTVVdid2l4bEZKTjVNWURnaHJzY1RzM1lqZkFCQmpKTStteFhtclhTcWZnMzhOS3NCWnFTb2V2SjRqeDVoZTQrM2JJcURCcmhvRmJYL0h5TUZzeldyWWJCdTdrNU0zcTJHT2tkNGFOaFQ1ZlRHdVF4QlZtZ3ZyQTdIZytPbk5SSmRkUHI5VFQ3U0dFcmljeWk2L2RhRUg0Vw==,2017-04-02 00:00:00+00,brs
2b3e2582-efaa-42d2-9af0-c57e5eb74333,Indikator Kesejahteraan Rakyat Kota Malang 2024,view_pdf,https://webapi.bps.go.id/cover.php?f=VPdg0Xc7OaiYKjHX4nqYanIvU3lLRGZGczRDUUtYYytvN2JEQm5abGtwbEg0WFZ3Tzdtc1FNOGY4TWU0elFXa2tFeHpyZWkzaktvSnZTZ25zOC9ZdkZJQlJvaFl1eGdNbzZIdk9aM2lKZk1MYlo0Q2hweUVTZVRrcE4zQ041YTdGbFJwUERpd09XV3BVVUJG,https://webapi.bps.go.id/download.php?f=DHDZn+4vB8/dkajY+Dk+WkowMUhCSTF6YjlCam5qZzFZa2tncDUzTWxPRG1MQnJWc3dWbWxsbmFXckhTa2RrbFFPK3BKWHhLYmNIUG9OaG5GM21tWG5VMWhDMktJQS9NU0hOeXZzOWhYd1VTYkZyU2s0RlFVMG10ZjZzbWJJSWEvbnRkZkZYVnNCeU9VdytXTituZzlxeWxHdE0xbVdYcytZdUcxZWtpZDA3NlM2WkQ0WWtCVXVIM0cyRWJXcjVaVjFYTGZ4bTJGZFdsQzB4aGsrSnFQMisyczZPZWpsVUpHQWhOSmtGSlFyZ0RMVDFqNWJROTI4SGZwT0JRR2NPcXgzRG8vMUtRV2hBc0pxNndWYktreUthajA2d2M2L0l1UDNpZFl3PT0=,2024-11-15 00:00:00+00,publikasi
2b4de91d-1ad5-4b81-9032-45f954537710,Laporan Eksekutif Ketenagakerjaan Kota Malang 2019,view_pdf,https://webapi.bps.go.id/cover.php?f=ITLp1SGt/vL5+RuKJy06tnV1L1NBNDFsVlhFY2hldlZrc3I2RFRGaWE2VkdyUlVZNEt5VkM2bjVlamhacFU5LzFWOEJJVzFMVXRSbXBLdFJvNEJHNll4TGVYOURLbjRQdHhCbnljWXJyeW92eS9OMWd4SXFuOE1VTVRuMWZJQlRSRlRVcGt1SmZXeERPOThR,https://webapi.bps.go.id/download.php?f=VygvHr2M55Xeu3CQofBhnExiVndRTXlBK1ZQck13TXp6dThMMUxIMlJDS0doK1JsUWN3T2JpOTk3QzFCRFh6aDVlMGk1NTk1d3hDQ1V2a3AxemczVE01Q2E5S3AxM1JQU0dtUmFsRWxtV0hXcVVsZmhKdWFJUSs0UHlHQXhabzltWGVJNlFKek5kU2FWTzk3OTNMd0QxWjFBOVhCUjB2SGJHU2piQWdRRlhrWHpKek9jN0ZZaVR5OTJOU24zc2U1UmFndmNqZzBYWnZyUTd5b2UzcUZ6MTZ5NW9UellrT3gzRUJyRlhnWVVWVHNGL2JmTWpqZzZJZkNacDNhdnc3UEJ6bWdJVGc1QW1WNHd2UGpUTU84L1JMTkJXaTRvdkk2WTdZLzhBPT0=,2020-02-28 00:00:00+00,publikasi
2c003569-7d6b-4482-bd57-4e2c1b23e1ac,Kecamatan Lowokwaru Dalam Angka 2017,view_pdf,https://webapi.bps.go.id/cover.php?f=AIj2XQgNglJ/Ay5R/aq70jEvLyt0SVFQQ2wyc1NSZ1dZeXU4NU5zajJyT21leU1rKzlDZjdPTlhTTGMwZU9UeEJ5dWhVUjVNekVhV2s4MHNVZlMrK3VUUExjZEswNGN4THRnRHFTRFhYc2s4NGRxU1NIL09mRW9ZWGU2TytZelRDdUNDeGZ0OWFvS3lReWw1,https://webapi.bps.go.id/download.php?f=8fmql1nHFy94J1+fZn7OJDdYVUhvK0pWQzRuaUljTWU4b0ZZVWE1UTFqdW1QZXd5RmU3NmIrVVhGUzQ5RW9aRzFFYTAwM1BGY29aaVlPRU42WmQ2R2t1L1gzYlZhd2txYWUwWThaZW5vSXNMbEJ6YnRMRFp1RDJsZFVPNFRsSVh5SHFzcXp2YlBqaCszNXhJSU05VlVCbkk2MVpuRHVVNXNycGxjUmVEVDBzV1hTNVdWOHpuNGM3dnUxMG05dFF1T2pubHdCQlk2ejBpQ1hMREZEUDJMUElqcElramJUSU55LzVjNFRFM1VmRkFORHczeGRPRThmVExWNUxSdzFTam9Mb0c3NlZOYU9QY3dlV3c=,2017-10-09 00:00:00+00,publikasi
2c143da0-e781-4573-b533-d3c2659be312,"Mei 2026 Kota Malang  inflasi Year-on-Year (y-on-y) sebesar 3,1 persen",view_pdf,https://webapi.bps.go.id/cover.php?f=Scw4g1lxR1Crc4BD/0JtjnUwV1ZqUVpqakllaG5ucGxHTVVSdmdZOUJrcUFQMk1QOGRqMEFIYjRrOUgyNXBEOTluVzNzakIrNnl3cUN6RnNLU01UdnhCTy9LWTh1QkNZOXB3RUFRPT0=,https://webapi.bps.go.id/download.php?f=eAeNMAsasCwvNemNFxPYPUY2L201Si91cG1SYkJJSHFQSWI3QXFrUWk3SDZCTFZWY284YnRDQTMvUW9KVHZnblAxUnlDMnozVElrMXRmSGJYUDIwNEdDS3JVVkphdVg4SHoyYlcxd3o5aEJRQ25WVENkR0crYzRKcVBVWmxiQmJ5S0pIUEYyWnJvdTBmd2tEdFBHSi9wU2RSUHF2UndQZXVWSGdWU3ZaK25FZ2NXOUhXL2lPMlFRcVNPV201VXhFN3VwS0MwUGxyYUNzU0UzTVNTK1RzY0Z2c0dUQ2ZaQW5uQlVYQ3E1SU1vdGZ5QWNtTzNKWDJpQ0V3RU09,2026-06-02 00:00:00+00,brs
2c1b796c-ed97-4cde-9444-b41b6de170ab,Kecamatan Klojen Dalam Angka 1992,view_pdf,https://webapi.bps.go.id/cover.php?f=Rod8swNSFjeFoiyOsqJ3Y3VsUDBDVFFHUTNnVWR6K3ZmUlBhM0hndWh1dlFFVWUwc1RmTkZXZ3FTZGxJSzNmV2l1ZHFqZHJyUmNTSFByY3hsWEZSSldDcUEyc2pRNDM0SkJhZys2RzRhdFBFYUNJV2FUelkzdFl3eGdrM01FQTF0MEZST0craTVOVWtWNE5J,https://webapi.bps.go.id/download.php?f=QeK6X67XUp/RFLgJB1fT0mtIU2RzQnRuNnMzc2JHWHQ4d05sT2xOODF5TjJzZm1UcDAzRUpTaGtVd3NjQWZJNmw0UGc1cWF1UjBwWm9OS1Y2Y0xYSWJ0a1RtRlFDN0tNbFZVL090L2RCN3g4MEJ5L0JITlpMY1RrZmhvVUpYYlczV2xjQ1B4akZqWDhmK3VkSDZEL0VwM2tDR1BQc2Fna1pFSmM5RGFPdHpjNVpKblBERnhza3pRaGZWYXhaUGgvbldQV0dGOFpNMENWNS9iREh6cTVIcnhoYlE1TTBlN1JObmpxL3lOMFBrTEV4dkljcTNZeE9aczVKTHV3aGdnTXUxdExqaTZhRzJKcUJCLzg=,1993-09-09 00:00:00+00,publikasi
2c2d80fc-7cfd-4144-a722-2f4b2f611fa9,Kecamatan Klojen dalam Angka 2012,view_pdf,https://webapi.bps.go.id/cover.php?f=MMHcHO39EzWly1e8guEkKnZaTVZCYVk2LzZOM0t5dzhTYnA1djVac28xSUhOeEpNVEdiMEJ2d1UwOFIzL0tLVWpjVVJha1kwd0p5Y0VaUFZsS1k4cElNa0kwUWg4cUx4ZFp6cmpzZWp5aXc1bzZNWTFCYmlyd21QRTRHSHpleDRPb0l0Z3k2MFZkZDF3OWdx,https://webapi.bps.go.id/download.php?f=VN5AeG0/1vvdhAcRRNje6XBKTXhSRklQazN0cFVDL0lYT2ZxWDN5NkVDa1g4SFhuaGJoUnFrRGNPWk03WHRYZ2JLbFg0djQ2Q2pIT1d6TXZzQmFmelI2R1pEakNsejZKOXJUVTB1Rm9Qd3Jqc3dNeHV5eWgxM3c0MCt0eHB3OGpiZlZWVnZJb2FvcVBaalp2VXNGNUp0L2VVbHpxNFRyekhCU2dyb3d6cEF4YXI5TjM1eWhLQWtac0M3M3FGWnhtdlhhNHZNUUVVTVJ1VWVOeGpXdk5EVGVOSEZsMGNUTG1PL3VVWmdoY1YxNUhRMDMrMjZlb2poY0lTVkN5UWs4enlscUFwZ1l1dXRHRmgxejc=,2013-01-29 00:00:00+00,publikasi
2c44bac4-9e1a-48a5-94c4-1d910dc8fe2e,Kota Malang Dalam Angka 2010,view_pdf,https://webapi.bps.go.id/cover.php?f=xGFM6UkNEU5ycaCUSemIzjMycGd3ZDJaMUQ5N3VTd055V3V5WkhPclMvTFczRVE2WTA0d0k4SUtEZGk2TDloRmxTL0hSSW5TUVRFUEV0RFlJTlRNRmJSckNXL1pRdU1kdTlhUGg2aFZrV1NjNk5qekQyLzIva1hMTUJ1c24xcWlLYktYTmF5RXdvZjFHNU1O,https://webapi.bps.go.id/download.php?f=OCOqiUnFRqoDk9on2Os7gDNQS2JCY0F6NjJJQTRPZ2sxQmZpdGo4R2wvOG84R2UzTWNZaEVUNWhxWFVCRUNNUGc5Z3lCRVA5N2ZTYTE4Y3F5Tk1zNG13V3NTZkt6Z1lHcHo1NFhlZ1J6RUp0ckZRU2FpdEo5dncyZHdCWFpWSk4yeTd5MWpMU1Fqb05ZMkZ5RzNRTXdpR3JJYXpTdU1xYXdNQWVicklsU2V4eGFYcUxzUFR1c2lrSUVlNkNvNTN0Nkxyd2pINi9BNEZNT2FBem1KQ0F5SG1QQW9GQlMrdlQ3RVZ6L1lOZ3hJcDBaeGpDeFB1NEpTM3Y0cVgrc0xlcEVHdWIrT1ZlNDBkT3FvYXg=,2010-07-01 00:00:00+00,publikasi
2ca3a55f-db6b-47aa-a2ae-c3b5fb43efd9,Perkembangan Indeks Harga Konsumen/Inflasi Juni 2012,view_pdf,https://webapi.bps.go.id/cover.php?f=0ayjJNlpU+axARIfoZKd7HFMV3MvMUw5UWJsbXQrRjhBZlpDMGlDdTFKblhTYzZRM2V3VzdRcU1LWElvMHExbGhFajQyMEFTT3dwdmV3OVhSUVdadGNnTHpYSHpHUWR2YzRBcC9RPT0=,https://webapi.bps.go.id/download.php?f=5Tu2/x4rqvxsytnrrHXqPmUzZnRzVWtEUkNTM1pPeFAzWEsxeitnNzhONTZ5bTJjMDJmdG9ENkdaemJGQzJvY0hRVDR4S2xqT0dSVklKS2szbWVQRWJFc21iR2E1UzZGTTNYNDQ2YStmdjFkN1lNYXluSzlPSkYwVU5CVkMwcWNjMXc0Z1h1NDl6Nm9BNTRqZ2dOMWRKMWtyWlBEMnJtTSs4K2FzUmZicWFRUzhtTmE1d290aGJZRVYzN1NEaHlGTDhRQmUzRjE0dGR5NTFjU0gwUlJBb25zODNlaWNtNU5kdWJxKzZrV1NaNWlxakhqU0ZtNWxtZlNVQzN4c3pXM1A2ODd6M2NlVGtwc0hnUEdqaHJXR0R2bUVsdEJMTjFZN3ZCYk5PcjJQb3hxZFFRSldsSHVnVmZjSmxMZ3dPcjBReEk3elRHU3I4QVJOeFRSMVZCWkFYZzJ2RXRHNi9xSWY5UnlaZlIzNzlvZW51cmVKWFBJWWNybzVKSmRKZC9XbkJjNnZXekNzZHhXalVicg==,2012-07-02 00:00:00+00,brs
2cb05ccb-20f0-4299-8629-c9eb464a23a6,Perkembangan Indeks harga Konsumen/Inflasi Oktober 2019,view_pdf,https://webapi.bps.go.id/cover.php?f=+VdWQjLxV36HZz9fjEty+1lobFduTmV0VVZFcDVPQ1RoVWpoQVRWQk5QQkRtWXpBVFNiS1Q5REhtMndha2hQOGEwK3NVTWxiT3NtS3VUdHVrbVZJamdOaDJjTVQ4ZGY2WkdPckdBPT0=,https://webapi.bps.go.id/download.php?f=c8ptI7FMQMJzCUEHPuU1oFBkSm56MHptRGJPWVVTNmxvbDIxUDRpWVphd2V5V2U3MDJlT0JzcmZVYWphaUJkTzdvclBtaHBmUWxJQnU2a2hlSURNWnpnejVLclBXNUJMcTc0Q1pjREVJWXZBZ3c3QnZ4b1ZkVkU3bVh1aFZWNC9NaWJlR1FMSkpjdHRBY1ZCZnRoTmV3TmxkRk5kcUtETFhFZngrMXVvd2FWSEsyZjdFSjU4L2NJaStGd0lxRmY2aFN4bnhGNnUwRXJ0MjhyZGdOUTB2T2pBSXpFUi9kVGxJTmRUNXR4QkJadnhDNEd0bjB4dUVLS2pPWXRwVkw3ZVluWmFUQXA3bkJWNUx3SDFQQXZWMkhVNktPZ2R6a2VRL0cxZllNZzZWQnN3N2c0WUFVRmRVTXZmQUtQenpBbUpiMUtpYUlVcjFjUjA4Z29IUW5FYzhCMExHU0NteGRNVDBDZFNEUTdHVmM5L0tIL09uTTFKakdZbmxOVVRSUERkVjJGWDFlSllvWVphNVZjMg==,2019-11-01 00:00:00+00,brs
2ce11128-9258-4110-90ce-4f5b01d67818,Profil Industri Mikro Dan  Kecil Kota Malang 2020,view_pdf,https://webapi.bps.go.id/cover.php?f=88N6PBDlkffvxvW4qC79OllsRVg3TmVLcHNWbHJSZS9wbVpNNjN4eTRWQjZueFFwYko5U3BYNXlPVHdkMXVRRmNjbzBWZWpSamVyUHdMamRTeVE2ODZMaG1zMkFtR3h4L3RDYnNQaXVLc3hiRzVIQjlKWmg5VUlkdTVSTmNROWIrU2Y4NllxZlJKbC9CTHZV,https://webapi.bps.go.id/download.php?f=+nbPMQhUb556+3AKAdxOwGR5czhHNjVTVjFka3BaTTQ4WjdtdklsV2dwNjNlTTRXcUQ0ZDE0allyR0crWk5EOWVOVW9HSEhFeDZ0SnAvbk5md3JndkJIekprYlBud2QyY1Y1QnFGZERjYUZwbjZNRjJuR2lJVXRkcmREbHNZTzR6V0dXN21rZUVoWGZYcVZPVEJ5WmpiRUt3ZlJFNk5rQmdRU3pnNk9Zd1Y5ZnFscFFyYm55ZE1vZlZsbkk3UEc0bmRTT2hBTjc1d2lqRDFHTFZNWEcvY3A5Ykw0TU1ZZ3FIcU0zU3JBTStsZHVtdk9ZWEI1SE1jc2xnSXFlS2Uzdjl1Z2MxQzd6aXVrdWY5YlZpTmhuMXJOVk9JNlB3ajVpTGNsT3BBPT0=,2022-12-30 00:00:00+00,publikasi
2ce705e1-3545-4895-b5a6-26771b81ad80,Inflasi Oktober 2021,download_file,https://webapi.bps.go.id/cover.php?f=BHzM9R/bkhxbofxoC7rNTkN5TWlMQU5Na2dsaTRyTlFoNjlVSzRwcSthTXZCTGxsNDM1UG5Lemo1VzdOTUZQUDZnTzhRRVJmNFhsOHB6KzgyZVY4elh3dUZiRW11a1dJV1Y2bE5oSzlicDFDWFJRMHVNMldycStMUUNBPQ==,https://webapi.bps.go.id/download.php?f=sUmoXN+ISNjDffoMh5rsW3FZMGNFMS9DZHptY3VEWFZXYjc0RENlWk9CbWF5K1VUYXhtL084Y3JTMkp6U3crNDhiaDF6Q1RQUmZzdy9UREsrSHVaSjVObWplWjlsTHFLSFRNVFZYcnR4WmsydmltbXZBMmxFNWpTMmdwRHBON1pGZTN4MTc1VmtVbHpFeUVpcVdlMEs5V1JSejhENVhjTVFGaU80eEJ4WXJlblQrM0hVODB1M2V0WjlTSE1Tc2RGN011aTJFbnhvTm9uRkxPLw==,2021-11-01 00:00:00+00,infografis
2ceded4a-d697-4076-8f0b-d6dcd9868fd6,"Keadaan Ketenagakerjaan Kota Malang, Agustus 2023",view_pdf,https://webapi.bps.go.id/cover.php?f=K7GwvEAwaxWOUt9GKM2IgldhTVpvNGhoWWJxTmVGSHFINUU5b0NBN1Znb3ZINEdvaFNzbytIcThsZG04eXBiT1lyZVM5MTN2RFNISmZsY1FOaTFGRmp2bE9vVjdIaHJuS3ZDMlFuRnJzc0RiRUp6WHdOUVJXUEE4SEhUSGV3NFhGUTVnSU4zbHNXRUhFU1NsTTAzaTliOVVsMmxqTWJBdzFrZ3ZMUT09,https://webapi.bps.go.id/download.php?f=7JaOfRj28Pe0iGrR1iKiGmtXNXdNWmkzeTNTLytXaW1WdWJHRVZRNFlzdVNMdkNuUE5CUGlYMnJ1NHlmSHhubUVMTVJOSWtaQ1hScXo2UTRVVEdhWC9tTWdIZTQ1OHpONjRnVVVOZjRiNFErNlQzYXhvOERrV0lOTlhKOVRZNFdWNUN0bjNUNXlCSjRCUkdFWnllVGtwY0p5eWZITVduYkRxd2FOb3c5ZXNndFZyamxOVFZhZTdQNVdMUVBQUzF3THRjWUwxNnJFbzloR0ZXNUMwbDBudnJKKzNnSFpDU3F1MmZ6TnlTTHVWOHE3eU9zdWRlc080ZGx3cFVLb2x3QzN5T0I0ekVBRzdyRy8wRDY3Z2lLWkk0cHdjQlNEKzgwelBwdnUrYjg3TlZJS3FUWFRtdmh4VGxORjdSdHMvWTFWamZudlNlaG9RMWExNG1tbjJNRzZhRjM2SVYvdi9Wd2pYS0tBYVRQR3RodU1mS0VxVDl0T0dZQ2t4SkR5NHIvbGx5a1haZ3dzb3Q2dXVHOA==,2023-12-04 00:00:00+00,brs
2cf7618e-d12c-4aae-ae1b-a44e7d1f6ea9,Perkembangan Indeks Harga Konsumen / Inflasi Desember 2018,view_pdf,https://webapi.bps.go.id/cover.php?f=RAypFD3/setu47S1GoGx8TVNdnY4UXNWRWZVVjFqaEcxMitEVXM5T2VLbGtuUDg3Qi9iY1FxVW85ZEY1SDFtYkhQQ1VaMmE4T2lhVzlRa0ttOWEweWFhcDdleXNBMnRpSlNBOEtnPT0=,https://webapi.bps.go.id/download.php?f=NeL0ilxjkpQigzqaVd0M/UtDWXBUSWxFZ2pQeW4vUU5iM2gyQTNrLzU4VTA4NWxDNG5pcDdUZm1BM0l5bGRUMFhsYlJ1UDM2T0o4MXF2QWVMUXlPZTJWU1BqTDJPODNCSlg0dEtmSXEwYmNHOFFKRGZXT3JUTE1tcG4raC9kNStlZ1VVZlJ5THVic25SbjluYmZFYk1JdGFnbC94VVkwVGs1bzNIVlBOelZZNkVUVExLR0x0R3hWdkRIRkFPNktSeEdmcXQyODR6VFVmS2M0WFZzSm5QNll4bTBNcSt2M2psYVlaaXplYXBhZFZiVG9xZGk1bHZ0Q3I0ZFZoSnJBUzkvQUZETy9jK0V5MnloZ0lwK1RmdStUOE5XajhVTFlHTjl1anUyWXBvK20zMk81Y3RWVXYrVDdMdjhRc09QbmFBUjlXNjhvWDE1TmRIUGdhNEVCcU5zUWZJaGtYTnoxR0NLa3dZMU80MlAxQkhNaGpuT2ZNWWFDYURpYTRORFR2YWZuR3Y3YUdoWmt6QmhQL0lvZUwvTkFtK0liejN1dlBiVDVuWkE9PQ==,2019-01-02 00:00:00+00,brs
2d249f61-78f0-462d-995e-3ae3f3fbf709,"September 2025 inflasi Year-on-Year (y-on-y) sebesar 2,67 persen",view_pdf,https://webapi.bps.go.id/cover.php?f=1+N9CE8PInQosiNGiykKjjJjUzZ5MlVQbDUyZ2NYMFJvUlRvQlBJMEtrQ0VhTTFGYnU5WEhGUnFTWmh0UFhaTy9QanF4U2V4aEtHVnk1aTBnYmROTkl4TkVnZnRMVEdsZGFMRWNBPT0=,https://webapi.bps.go.id/download.php?f=NiA9OI8tRSDTI/S8TfNgHWVDb0N3SHZoVVMvelY3V1AraFJwakhzamNVQ05qNktBcGhNVWhBQ2dTWlQ5bGxvZUcvZFJJR1BYaXFGVXVpSkZENUsyZU1CQ3RUc05CYVhEZmJYd0NlL0lZQjVLK0s3SStaK1VoV3FEdFU3RzBHL3N6UmcxSExpTUkxS0htZjBDREg4ZXFCNnZDOHZPcGpkOHJzSlJyRFYzTDQvaWhjdDlOc0JLQ1N4U2VkNVhZS1ZVamlGNTh3eVd4L3lJV2lmN1VsT1BDOW41SkZpb213eFZpK3NNaWc9PQ==,2025-10-01 00:00:00+00,brs
2d9ef996-3efb-4351-833b-897e1a647597,Kota Malang Dalam Angka 2002,view_pdf,https://webapi.bps.go.id/cover.php?f=KhIg485VEyYkS3J5wrSrGDhhRFZySVh0ZkZkd0tYK2lzUVlRaFh4QkUremRpTHVtZ0w4bmJPUTVNeHZpbGtoNGdiNUJtYzZweWZIMjhsTjZjZTRESUQ5WDBaRm8wakZkMytXNFpCSHNtRko3dnZ1VUl3cWFONHdVZHhISE5QOEpsZG9XU0FLV0NFQnoyTE9M,https://webapi.bps.go.id/download.php?f=6GaHmewMe7iRczrChhO+ETJMWnEyc2V5SloxWmM3TGpmR1I1Q3BEVnQwVkdYeFYwNFpzUngvdDNINUcyUnBzeTIxZVA2RnRTQ2VoSnV0c1g1Wjh0Y2s4VUdWR0tMQ3lPMEVtRStFQkVqaFNMbUhRUVhNZDRNNmMvdmh3Wkl5Z3RFOWNBZXlFdXlGQjFTVHpCUjJIS1h4U0x3bkFjOWVycGRPTDNpK3JVZ0kzaDBJUGZLck8xRUJXNG5tZHRwZkRvTVpFamo5L2UyOHpKNjhTWis2cVhkRlVwaFV1MVNkT3hKTjJYNVR6SXlUNk84NDZzWkNUYnhkMHo0MDhReHFPR2pLZ3ZMSXV1Tm9GSGd3SFE=,2002-09-02 00:00:00+00,publikasi
2db5c410-806f-42b6-b967-1d271ff9b5ee,Kota Malang Dalam Angka 2007,view_pdf,https://webapi.bps.go.id/cover.php?f=eVjYcbdOVLiYg/qgR5GUlXlKODgzWkNEalpwaktuMW9NQkFWT1Uwd3lKelNDdTh5cGFxRHVCRmtoN2ozN3laUkxJWlArYTNCblBxR1VTUm9Rc05CM0hQK1dldTAxWEVQLzZLb3ppWVFiUzBWS2RNS21UdGswQ0xwNm03Y1ozYWg1RkFTMFhjalpleGdvN0hr,https://webapi.bps.go.id/download.php?f=hp/mfb9ymThPgPJ5Ch0y8WFzRXZNUklyNzBhY2J5NTNRS1pxZjV0cFVnNERHTHFDYkM3UTZBNHNyeTdJUmJIOUtsM3d1K0x0WGJablZ3VXMzSlAyT2g3dVN6NnBVRlBvbFR0NExpNXE4b0NvUG13MVdxZzdSOW15UW9zU08xTGVIOW0yN2ZydkdaZDNXTUNXa3RzY29ldTQ5Mjc1NDhyY0JNL3VLdGJTTWFqaC9aQWtmSmVrbiswV2Z6d3grTXhISVdoR3hCMWZPYm5RdjlZdUFiRzN6bTc4a3V1M1lock81YkZVUjZoanFKREhvLytHeEx3VkcyOVpMdHh3bVRrMG5LMSsvT1ZwYzBLdjlNaXM=,2007-06-01 00:00:00+00,publikasi
2ddbfb50-da21-4399-8c23-70870fdb6d41,Kecamatan Lowokwaru dalam Angka 2011,view_pdf,https://webapi.bps.go.id/cover.php?f=F6ovbgFSZSP4WQ+wtqF6vUxFMEdYTy91MzhaaTJreGExS0svS0M4Y1RsM0RKUHpBTDhqcnF1MVNoMXY2NFNHbU9LUVJZZ1dseUo1ZFZ1aXFoZU5Gc2VSUnBoVGRlRjFHVTNpcmx6ZFBPK1k2SVJRWlJtY2QrNTlkRHAzckFUMVBSRXVYWWlTMHNQYTlsK2dy,https://webapi.bps.go.id/download.php?f=OfWnKzxjoQJGfz5qNQUq6kNzeXo2NU8zUXJRWUtjVXBWUWt3c1Y3S2g2VGJNQnpXLzd3dEQwSkxvemdGZTlOSWpTdUJoVlhZRWwvVDdQVXc5NEIvNmE3Z29lb2trMHFZLzRwQU41YWxnbWpDWVFySVhiYk5xQWZXd0Y1NGRWVVAyOFNLcStUWVlSN2cwUDdIT1RrZFM5VnFGelBOdmtCSlcvOXlBN0dESnpnV3hoa0xNZlRhQmN4TFBpWWMrSm5RcndPNXBYVDRKMkhIV2NIeTdaY0xUTFRlLzFaTC8yUm01RWV1bW1FYWVRUUtCNmcxR0lyU0RRVHFWN25LS1JObTJzcHNQbXh5ZzZlVHVHd1E=,2012-01-12 00:00:00+00,publikasi
2e00f95e-c1e4-4237-a55b-46b017700539,Statistik Hortikultura Kota Malang 2024,view_pdf,https://webapi.bps.go.id/cover.php?f=U3wFXc4YfE21krQvw2IlH3dyL0tyNnBDN1lzVG5VQ0c0eURoMHlYQUQ0Z0VMYVUyQ1dPaDVvZUd3ckNkMUxqeEpNcEhiaGs4YUlyWFUzdGpRaG5SbUR3bWVJaU0rK2s1Ukc4bEpMdTBrSHlra21jK3R0ZE8ybTlvMUhuWlo4U0l5a2FtNi9Dc29RVGoyTzcx,https://webapi.bps.go.id/download.php?f=Sgby5Ofi0XC0hn6gV8G4vDJEYjJ2dS9zSlhHRm5GUVlHeHJmT1A0bmkrUWVUOGRuTVZ2TnFwd2ZXSzM0cHRkbitGTytUS3NXdk5pSms3NEkyWjN1anQyenFMaFZRSlhkR2hiQytYckcybEQyYk9iUVhQeHJMTEpKZzlpLzVNdnhIckRmckQ2a1FCd2pvdjJwTXJ1Q0V2Q3UvVVBVODgycSs4Z2VmVitNYVJ6ekFodjN3Z1F3SmczSWZVVHh6YXJ4ejBQRWFkM3JkOTEyb1dld20yRjI1ZWtXMXcwbDhrU24vblloMlVobGZmYXpMc1ZaWU9NTjlUOWF6MUtoL2RhaWtQazNCcXFQN1JpMmdiVDA2bGcrRjMzNVU5cFo2UmdteU9JVmJnPT0=,2025-08-29 00:00:00+00,publikasi
2e3bc499-9a8a-4b35-ab5c-4146a827c430,Kecamatan Lowokwaru Dalam Angka 1997,view_pdf,https://webapi.bps.go.id/cover.php?f=tGWm5MeJ8J78neWwKPf70kxUN1l1QS9mcWRmZWJlczVoSklQVkVidFhIcDJ1T1g0ckFjZWNjRjBkUkR1ZDRwZ2ZIa1RQMTB2WU52Mzg3RTNnZ08wU21OeHZ3SG14R1g1L0dwUlZ5aFY1UG1leHpZMW9QU1ZqL3EwaWo1SWFSUmF3NlVISnUzQ0VRV2RmMFh1,https://webapi.bps.go.id/download.php?f=S8zP/fjlr1arA8g1r15xaThOaU1BcE5ucG81YlVlcUpqR1NqeWEzcktEMWNLYkxTNndHeGQxRlJsZmNhYzVnbkhkcW9DTVdsc0dhck9rQVNHdmlZSStqbXFKcGZ0aFREUHd1eGRXeGQ1ZVJCYzdNM3A4NU1sWXJTTHRwUVUvbUdPaklqSDYzSzE0QjluRllsZnRSUklPdEx3Mmg4dGtJSTNXai9OMXFNRFZmUmJMb0VyNlF2QThObWdjQit0L1huVFZDL1Q0Zk40TmErbmR5aUxjUWNvZ2E1V2ZxMzRaZkw5OVppTjhESk1ZcEp3RW45UXVuUzgycVZIaE9aUS9VaXRjNHFVc29lbElCeVRwbEs=,1998-11-16 00:00:00+00,publikasi
2eaa17df-af47-4a37-85bd-7e7ba2e2f63d,Kecamatan Blimbing Dalam Angka 2015,view_pdf,https://webapi.bps.go.id/cover.php?f=yYUnvaJPPtEy9MX2LnZ3ImZBaTJiZVZYZGhMdEtpY2VxWll0UUdtekVHWnRKNC80cGxuQzNOUmlYZ2xXMmdMRVVJUjVtTlU4eDk5a2JDZGdyeTF6QmY3ZEFrYmxDK3c5NWhnZkRHZmhOYWVoeXZVZDdHZzh5RmI3aGltWWZZWktTb0U3NTVMRDRKK2hldVEr,https://webapi.bps.go.id/download.php?f=WCHhyW8zDvTQ4L62pwOsm014TVNPS3pHZXY0L0JXRG52WkFuU2JkSEdwRmx0eDBsN0YvamwyVWlwUEVIMmtwZklFckJSL0pNMGZjTjFBS0h3RjFwOSswam50N0o1ZWpRVytaemZ4NTFlZWI0aWgwUDZJSC9rdkRlZDdKd2VERy94aktpaWxYRExHUnhjOERkK3JWdG82cEtPVXhZMlkrNFlHTkZuc2JCMkVvOE0zRlZ1anhtRkZ5eW5pT29lUXBENWRBRU9HbmV4WmFzTXBnMm9pd0lrRlNIM3R0S0ZNaUNwTFkvd3RXTTlYWWwwYjVVemFBR3FYeGJZR3F1aFp0YTh2OTRLbnZNd0Z0Z2VjZFk=,2015-11-20 00:00:00+00,publikasi
2f5ec6f2-a8cf-4f8a-b46f-c0cab756f714,"Profil Kemiskinan Kota Malang, Maret 2025(1)2025-09-25",download_file,https://webapi.bps.go.id/cover.php?f=a/wKQXgJkp9+x6iW6jKyuTVyTlpSRDN4eU1mVFdQOWlxdkVwS1lKZjBkSHZGRE9jaEprZTJCMThwREpxa1N3V0hIWkZyM2J4ZVdVWmlwSW9OODNXNGRqQUZOeTlWd1hBN3ZWRGlBPT0=,https://webapi.bps.go.id/download.php?f=ClXT2vvwrT7ZfLkryhbMCUNKalBtSGRwZFpKUTFTczFXMzdYYit4NjdPY3lIWllOa0FTL2dIelZ5bTc4WTRIM2t1MXFCaThLeHpWRTR3NTBQdG9iVlUwSzRna0JHOFZBZmVHVlhqS2FRZThqWTEwZnVOTEt3K2RkSitmdSt3Ky9PZ3BiMTZtS0hhL1BQeDZxUC9xUkhZbTFFenNKS2F6MkVBeDVZYUZqVFdrSzZoZTZqTzh3WmlOek5FQ0ppYk5pckNrTEpBS1d0amJCUjErTHpTYTgyK21SNnFoS1ZWL1pzOHNCdkE9PQ==,2025-09-25 00:00:00+00,infografis
2f8ca620-97b3-4587-b5d0-fd83534e94e6,"Perkembangan Pariwisata Kota Malang, Juni 2024",download_file,https://webapi.bps.go.id/cover.php?f=9lGuaImYhxyKpXLqcG1b2VQ2ME1IYm5KWFQxUXhNaTBjTEwwK2ZvalY3dW9yM3E1MFcxamhxTlY4WkpKZWlYSDVHYVdoTVhVS2FYMytacVF5S1ZzL0dUdjdvMmgxTVVLNVQ2QW53dFAwZUxlTGFjTGhxbjVWdng1dEZYNnZYQlBsNjNHVVVoMStVOWgzTmZoNDVNYjVSbkhqYk1YaXJURURyUXhiZz09,https://webapi.bps.go.id/download.php?f=86oaBgoOeJ0P4ksv96Pvz2RIcTJKR1ZDN0xwK2NUa3R6c2pIbkRoSE5KYkpReW5STHdSd2I4VjJycFIrb3hKUTJRcGtOdFpVMFFUUDM4WVZVWVlSUTJvQ2hoRWkwSGwyejRyRmQrNzZJVFZ1Vzd1RlRWVHR3T3NldEV0SmNtZWdtY014NUk2cHNBb3Z5cXBqSWViRkxMREw0R1NIdHhScis2ZEZ4eExWZEdJMEFUVElmNHM4Z0xpTit4WDBtSFZtUGIyKytCUWxEOStKTjI3Yzd6ZHYwallEc0VLR3k2MzZOSCsxY29oVjExR21TV2JQdXA0TVgwbGNRRjY0VWVRZHVndWF0N2ZDQjBNRTg5K0p5OXUyWUgwL0lmTkg1UVB2LzlYVy93PT0=,2024-08-01 00:00:00+00,infografis
2fdef2ac-c990-4f7c-a2b2-b2862cce4d03,Kota Malang Dalam Angka 1995,view_pdf,https://webapi.bps.go.id/cover.php?f=gY54sJ9pYDjYaqWgyt/LajVCRVRoaERINE1vZW9idVpTK0dEMHNEd0hhVStlbGw3Mi9jQ2YxNEFTc1d0R2tjK2VDN1RtSjFWRWhvVnlkNTZsWUVTaVp3UE1xVW5Gb3E5Ym9nZ3MvYXJWNkRpenRFcUtieTM3Q29rTGlXbi9YWEhnSG9xSkxFMHd4dk1RTlpp,https://webapi.bps.go.id/download.php?f=jaSIoyOIsrU9GSnufvP7OlA0bjVieWZoazl2VHB3S3h5ZSswREFLak05cmdJazhLL2N0K2I5UWtGKzk0K3Nmekg3clZjSDV5UVNneE1TYWxFbDlCdWgydnJKaEFxamZ6QnBOZEtNUVY5d1BtTmJIVUFNUWhKSTMvc1hTdzloeG4yWU1RTXM5L0hvdjEzVHNSbVROUGtZN1NUSHdleUtiUkJ6Nzc3VWxnRktuSm10QjVuR2czQm44bjl5N3RpRnF3R1JucVhILy92dkEzcUFSSUdEbURSdmNqUFpkdE5kd3lNZEh4ZWgrVlNWTXNOdmM4NjRORFFnd2hBSG1aTVVGM1pkSE95R2FWTmFuSDJYNkE=,1997-01-27 00:00:00+00,publikasi
2fe5a43a-8b88-4906-ad9c-aabfcc98080f,Kecamatan Lowokwaru Dalam Angka 2000,view_pdf,https://webapi.bps.go.id/cover.php?f=0TeIvf5yRsFGI6lTUqA8LVUvdFJYaXRkTnNGSlE3eldoUTlIR0ZPMHNzNkZhTDlkSDFZTnlwakpTM0FJeStkTURwbmNKSGY3RGNleURMY0dxa2ZzdFpITHUrT01wTCtQODNaL0FyY0JRdlFidmo0T0I2dmZtMW96WnpET1VJc3dNc0YzZHdJU2JBVDlKSTJa,https://webapi.bps.go.id/download.php?f=zSwkpQLWKfRsnkjajBJ61GpkWmNHalorczZBMjlTU0Z6NUlQRkpRMitZZk93R1hKZEVhS281VkRMZk1RTEM0WVJVSTVHclNJcG5VdnpiYVlTNG1XMGdpdEhFSkVjTldaN0RXOWVNREE2bmhrd0phb3NDbFdiUGU2SEF4dEZ1VzlSOUhOcHFHQUxnVXFSM2lDbE81MHBnemNadklUaXBpU1czSGM5dnR2V1ppTG02VE9BMlN5U2lIeWZSZVg5YVcyVGN2aXVKWlNMTmlsNW1LZ1NpeTlxNTczbGNGTytDQlVkK0lGaUZWRmhPZ3hSUHl4bU8vT0dWYjA1eVNoT21OYjRUdFI2OCt2b0FDY2t3eXE=,2001-11-09 00:00:00+00,publikasi
2fed6058-6091-4315-aa20-1831ecd28e9b,Inflasi Kota Malang 2024,view_pdf,https://webapi.bps.go.id/cover.php?f=Kf4jKtSemARBY4BJThc7IXFVZThIRUc1OVYxSExoVjNNd25GaUo0b2hZS3k0OG5HZEE2TTlGZUhKd3ZrckJHT0FyejBwZG9Wb1BnRzE5Y2VLR1l6R0RQYjVEVUtKTmN6M3o5QTIyVmYxaHQyL2NyWkUyY2svNHRyVVFwcFF5RkVqNTlNNGMzcHBhQTc5dDQ4,https://webapi.bps.go.id/download.php?f=nt7Ohs6zc/piL5eErSxoI0lQVFVHTis0US9VNDdZQWVUbHNMMWpvSkVNVWhwQjRYRlJxM0JkSjJWcTNFOEcwdnVnT3J4UHhoZjRaUTdvNkhhSlhsLzExNjYxaGxndHdjbjV2bnYwc3VRcUFrRFRiQWFpNndZNUh3UFB2c0tPRUlQc20xWFErZ1d6KzZ2bnBBc0RlOE80TGE1amJxN1JHWjczMU1lTmRxaGtHMjVrdUU5NHlPQU5heGR5MjVqdmlMVC92Ykx0Ylh2RHN4aC83eXNZSHhWL1M0K2EzRitwME1GR29Sbnp5UjA2MVFpODY3VVRaS3NlaXZkZ2tOQ3JTdlpEbG1teFpDTFgvZzdVcmo=,2025-01-31 00:00:00+00,publikasi
3022ca67-fcb0-40ad-9b45-825fb40aeaa6,Perkembangan Indeks Harga Konsumen/Inflasi Maret 2016,view_pdf,https://webapi.bps.go.id/cover.php?f=w8l+QBO87muLrJM5oQswCDBpM1VKeXBGV0hYYlEycHlpbWdoek5NWWx4Q2EvREwwMlBZM1F4aEsyUzZMa3hNNmgyT2puMkNCV2ZlOC9yOUJoekhscUlNVXlqeGYzQmtLb2dQeEpRPT0=,https://webapi.bps.go.id/download.php?f=QKcRV0uD0D31m0tdFoMK0HhMejRoVU5wYlB1SkhLMUl1UVhiWUk1ZTFFT2pMRGpKc3RiejJmSmp1TEJrM2JLRlJVcXZRZ2JrN29NTlBxekNvMXR2VGNpVmhLRm9CMnI0R25ZUlg3L3hHMC9oZmllRjdlVU5lRVhlMjdZKzFmUjhQUmRZOGw0MktjYUhFNC82ZFJxQnZwTnh5VDg5WmFCZU9LTzFObnc2QkFLaXRmSXE5Zk85V0htYXFQU1ZuSzJYT2NDc3N0MVBCSFIrZERtRzM4WWtrbldUSUpJdTAwMXIrSmt5d2tQbXkrTEFndmpqOXZQSkpVa2U3NmFneFlWYk52elJvWms0RGZSQjdMV3F2TzNpZU03djNQQWg2OG9QaUVaVU1wRUZDdS8wQWQ5TFRQcWdzamR6Y0d5RWFIcHVrb0lLcmRMUGthSmlTNm1QcGhSblRuRVdYTjIyUDFsU0I0eHVKOW5ITWs3RlNPUWVBQkkvNEcyVHZtcS9XcTR3R2FQQjhrVUduSm5RZkhrTA==,2016-04-01 00:00:00+00,brs
308220f6-1f6c-4b3b-892b-775b0d81815c,Inflasi Juli 2022,download_file,https://webapi.bps.go.id/cover.php?f=zdHG5Y2tNrvNOFP/YSyRH3ppYkJNUk1PaVNlTm1XS3FWWFJSWlorak1vQ2tTYjkzdzVUVDcrZ081T1RLUzhzMnVPZHZtc1A2Q0p4Q2RpRXVVV0cwcDZNcVpXWnlsbFczVTJPZ1N2dEdhUmpWRVpJdlp0R1dqMncwVEpVPQ==,https://webapi.bps.go.id/download.php?f=03xtY68NjkvGagWndRq+l1BDR21qUGl6TzZzU0wwS3o4bkN4VFNCMHpMU2dKMDFjK3lDc3pvVnQ1ZGpPY2FRcmdDc0d5enVIQkNQVHJDUGNhT2wzaVZwVng0N1JrQlM3YzRhL3ZEV3pFWVhyV0pFM3N4MVordXBrSFd1Yk1VSTBiNDNZUVZqYmJYdFlMMjBZMGVoMkl6R3VCT2RuUXZvS20yazg0MktTQUp1cXkrUUNreGh1UVNwcW9wdUZXMmR2MzhIZ3BudkEzU2VES2dOVw==,2022-01-01 00:00:00+00,infografis
311585c1-c943-4a5c-83c1-df58cd5d84f0,Inflasi Kota Malang Bulan Januari 2023,download_file,https://webapi.bps.go.id/cover.php?f=lces9hrT1cRgR0rxd7g/cGlrUFlpTVBKZ3hDQTZZdmVDaEdOeHBhVGFhbFdOZHA4MzFEemxDTDhnQ2pmUkc2dFVCMnhLK0FFc0RUU3BsVE5nZTdSVnNHVW5zZHRJY3lkM3dzY3N6bk9pdkdYMktPVllJZ3Nsc0dXSHZXRHViY2pZUGh3SkFTVDBoT3lrYytaUXYzRytkUjVEWitmdUdkOFBzcXprUT09,https://webapi.bps.go.id/download.php?f=qMcXqSKAxOXEVFsaSLHQbGFjNklCUmtxMUoweGRoT3lUeWFjY2d1MXhMUnIzNUQ0azJ4aXZqWkE3a2EwcDN6djR3bStVS25UdVRvU1l0TE94NDJoQURTREtZM0NrUzRzOG5aWDFES3dVdFgrRVMzUXZLSnlRdVBNYUQ0Z0QzNG9FdUNZd0Ixa0U2V1FNMmhHMHBnKy9ZeHBUcFZQMHdwNTZBNVc1aUcwV2VCemdQSFZwMlBpMldWRUg1RENxZ3hoc1BNY2QvWGtqVG9DaUsyZkFGVjNZMjQ2eXg5aUFlZVZuQlZFRVZKWHA0N2h5alFVRWZ1aVlKTUxidFFrajFNSytzbk1wTFc1UWdkVmJzM3I=,2023-02-01 00:00:00+00,infografis
31a4ae34-9dd7-44ec-a546-90dd7fa7bb99,Kota Malang Dalam Angka 1984,view_pdf,https://webapi.bps.go.id/cover.php?f=0O/EjChvrVTkgV6gVwKxxDNGUm1nTU8zQThpQXN0R21yZGU0Q0hKakhuNytYdkFjazJld1JiaitsaTJuUlB4U05YNTZRcUNaNkZicXVrMWtJRzRwd09MQVNVUW5WTWRnR2cwMVhIcWpCMUZVYTRINk52N2J2UG5rUGU4bGgrdEFqUkorOG1lZUNmSC9RR2dN,https://webapi.bps.go.id/download.php?f=HtJM5IH2mUDdlLJ0uSFyYTdydlE2WWdFVCs5ck0vdDBjYzUzcC9RdU1iQkpGYUFoUGNtbG90TC9ZRGZTV3h4ZktRaVQxY01yK1BrYjVHczdZL1lSSnFERXZoQ1lSR1FNMlJURklsekJ0QitRdjJsYmFFRTZ3Y0JaUzk3V29WbG9KRXpTR2RyN2p1YVFvYk9NS05jUW94REphVk1sQUtoY2V2d204bmxkM2dHbHMvWmpTTTlDc01ianpnQ0NodUJ4VTNnWUlzWjBMcU8rc1lVU3A4MWxiQVVVV3YyTjk5Y0JJTUg4MzJodk9nQVljSGxsNytFMGZDa013K2l3Um9Xdk5oMkphZk5tTzNSMGFuckM=,1985-10-01 00:00:00+00,publikasi
325630ac-b40e-4a77-82ad-3286774a9030,"Kota Malang Dalam Angka 2020, Penyediaan Data Untuk Perencanaan Pembangunan",view_pdf,https://webapi.bps.go.id/cover.php?f=6YRm+IJUf3OTiFWNzx4Xvk5wREpYVFpIbkc4eDkrTjRuWllwT1IxNkZzcHBFeWczU2ppSHFlT0FlNHM5aUN0cnBuVkZqMkZnN0dKZnF4dFN6Wjk2T3pBWDhsU1R3RWtockNVSitFanVMLzZlUTVVbEprUm1UZ2I3VDVLUGVSNFFhL1F4MThkZkg0TEtTTnFI,https://webapi.bps.go.id/download.php?f=VugsTxGBc5Utms3/jwyoNlVsWElDcEJtN2tGWWNsb0l5UkFnRHpEWWZXbDhRVi80WXJqR3hxYWJkZ01GdWlxaHFBR2JJeUs5ejc0V1pRRGowMjhDVnZmWlpaWHBjK3o4YVJzZ25LWUljaDJUcVZBUHlVL29SRjZISzM2eGhFTTdDUC9WYWwzS21SOC8rcnBoZTZCbEQ4YU1JYk1jRWJpVDA0YXBUZFg1QnZXVVBoWlRHeEZlVmM2cXNiU2dsbnIydjY0VFBYZ3FERUt6OGEwblYvR1hWb2tMTllvczgxK0lLVUJLckZrS0RsVk1DUHlxWVc2cENzaDV2ZVJkemNFcGZScnpsdXdSRW5Dc25RWUo2dGpXTGlDRU9LNmdpcTczZGVvdmVITzRGNCtzemxERWpwUHdTWlpFMllOaDFiaXFpTU9rUXFOZ2ZTQlNhZnJZ,2020-02-28 00:00:00+00,publikasi
325a944e-0fab-412a-8498-af0720fbaade,Perkembangan Indeks Harga Konsumen / Inflasi April 2019,view_pdf,https://webapi.bps.go.id/cover.php?f=MiMtjjF/0v29UQ4W5PcWZzNGZUs5OVk0a2tiNkZJVmlCaEdVeHRHbFFIM3E4b0RDOTUwVTd4dWM0bkRMblhjQ2c0aCtZa3ZkbmZrUURYMUtmVGYwd3Y2NW1RMTA4d2daN1k5TjlnPT0=,https://webapi.bps.go.id/download.php?f=E1Q1/fwRVvg8X4yajyAsRk41TGlmcUhlaXovTitjMjJ3cmhGWWYwMnhSSk13OXpFK1lXV2pVNzJPcEdNTXdNNjlHb2RYeC9RUG1wSXhpN0p5UDB4SHFPOVV0MkNFQ2YvcGhDTFllbmpCTEJMbzc0dk52WUZiSzJvZUdvQ3BMRU1qUlN0SWM2cklpSi9EY0R4R0xORmpsM0hqZkJmejFwRStnSGZtTWtiSmlBT3UybDhEMVoyUXM0b0xIK3BYMUhrV0MxTlg3OHQ3OEdGdmNReWR3VWx4bWZ4bk11RkVjdEtOVmlDejlOcWdjcGU5d0paOTZyemc4c1ZIZldBTzc3TmZ6WSsvbEw3ckxua0Q4ZWUxcDMxUG1zQTJ5blZQbS9JYXM0eHBSNENJaWZaQ1NQU0RaUmsxejRudWUwd2RPK1l2Zk9tM09TWEJqRjlxMXFyWjk0Q1dTOXhVV3lMZjBWUk1xL0J6RXZDcTVnNzRORGNnSUQ0MDEvU0hkcU9QN1V0NnZWb00vVWFuSHpWSjR1TA==,2019-05-02 00:00:00+00,brs
3338dfe3-fe93-4690-b495-0484c3e202da,Angkatan Kerja Kota Malang Agustus 2020,download_file,https://webapi.bps.go.id/cover.php?f=5EgokFBtiieJtU0bfmY3qjFKeGR4MENTWUl1SU9qNmhZaFAzVHdVek9nRTNOWTBuY1A1SmtLdkJGK2VzcytnSVlQRGlGMXpCOHRySThJMkxFd20zem80VDl4NGpTQklzWWl4dTEzUlNEK2x5SElORGVQVlJGdE5pZDY4UEpZMXNDeWZZUnplb2VCWkRiTmFSRTNXYVlPZXlVOXRnYk4zaFNhcUNMZz09,https://webapi.bps.go.id/download.php?f=cSKzkr9w8+ovCg9FydBQ4W1JR0t4ZWVDbzRoMHN2a2dmVHhMRURJSXhGMVpKQVJCR3ZDMUxqajJxayt4OCtHL05XSldwU25Fa3NKc2huMGRtaWlJc1h2Yktlc1ZpbXk5RG1pQ3lOcjIwL2ltOTAxaXRHVy85clUrK25FRGcvSlJDMTRvRnBnZFJnblpXdGM3SU5VcDhYNkNLVUYxL2d0cnY3cnM3UUJONzFhUmkrRHhseXI5Yyt3NkYvZE85bGVqNEs0RW9JOVI5K2pUckk5TWFTUGE1ODlxcHhSK2t6ZFIvcGR3L3pZb3E4TWlEQWt0aHRHVFI5TkVnTFBOT3MySndlSENwdG5CdktmcFhLTUY=,2020-12-01 00:00:00+00,infografis
33b13192-2659-402b-8f64-aeba314a108d,Inflasi Januari 2021,download_file,https://webapi.bps.go.id/cover.php?f=86jilFBIc3PucrgRBl1TyzR0akFEMEJsMjRmSWV1eUxhWkl0NVd4RDlLMFVRd05KcFE2cVhGYlV0Z1hYOTdxa0owdEd2QU13TnBUS2xDYlJDMXhqSGwzem1ldk9PVVVlZ3B4L0RROW15Z2VBY3pMVTRERXdFQVdvL0tvPQ==,https://webapi.bps.go.id/download.php?f=uEsu828ctXxtibT4doIzA2JiTjh1RXJtRzY2ckMxelo0ZldNcndySlo3T1ZxdHVsaWlybExDbzd0eXJBSVBQMnEwRU5DUU5qTnZtUkxtVFI5TkRFcXp0dE56RDRWZjFXaENUTHNjZWNSVll6WElhVG9iUnFOZXhTV1RJdDJ4dDdLa3FKOHBUUTVqRXBRMyt3bUJSZ2JCZTBIL0VvU2hkajdsdmJ6K1lIeURkRHRRM1RPSjFHamtIZWJSZnpnT0grRjJQeEFKSWVKZXdTKzU4VQ==,2021-02-01 00:00:00+00,infografis
33eeb3c4-c9f1-4a0c-9562-aeb8c31d8ef2,"Tingkat Penghunian Kamar (TPK) Hotel Kota Malang Bulan April 2026 Mencapai 40,69 persen",view_pdf,https://webapi.bps.go.id/cover.php?f=AnHTmtmgaMgeW0Z6AL1R/U0zVzVRRTM5RzVUNk1USkF4RzV3UVJ1TnFOYWJLOVZhbzBid3V6S1FIcmFVV21HaHBHSU51MERlVlZBYkF0ZVZiS1k4OFZ4VEozU1gxOXhOL21zSHJ3PT0=,https://webapi.bps.go.id/download.php?f=E4fJb9pM0rJNBQJH4KP5tkcwQ0NzN2JEazdVTG9kNjRxZWxpNHlVZjllNjUzWXIwenFYQmdvck9jN1FxREx5c0Z3OHA5dzNUdmd4NTdFVEthUEtQbFcvTVBCaDJWaUkyQUtTZ3lkSElhSHJzU0dtUTUvY0xSbHIxRUozQnNTRW9XQk1ZVDNuVnlUYzIyOVo4azBXaFFzN2Yvc0VCOElEcGNGcDlxcmRSK1BkeWMxYkFFMHNTdHJ5NVlDdm84dldpN2JDNkthenMwYU5QSjd5clVDRHB3d3RrYlpkMS9LQWxNY2UxMmVHK2ZDNFVMRzMrd3RVS3A5c1hmOGw2bm9ITEZ5L28wZE56eGtJc1lxdUQ=,2026-06-02 00:00:00+00,brs
346ae8f1-d850-473e-a4d9-035637c08f30,Perkembangan Indeks Harga Konsumen/Inflasi November 2012,view_pdf,https://webapi.bps.go.id/cover.php?f=MUGrpDKVaN3E0oHWK14763NxbFJKc3ZhTTRLT0EvYzFKblVXVjRFV1pVQWNSL2dzcDl4eXNBSFZhaURyYVRHV25tOHo2RWhJcFNrVk5aU0IwNTF1dXJ0VnB0d0tKN2pGVlBoZ2x3PT0=,https://webapi.bps.go.id/download.php?f=TPaGR/eor0oMjXpdWhxz9mQyczdZNit3VU9yVVRtVDdFUVQ0N3V5NUlpdzhkQ2FhU09zMzF5b0JhamNuQWhnb091N1VqMkkvdngxU0ZsRXczSEg3VGFxSXY5RjFRZVBDNmVIMlNTVkZSdjRRSWRsaFQ2RGdtVmJoUWF3K1RBZ1lBcWtDT1h6ZVpXTkRiUHNTU0V2L2xFK2JsQkdsNU1mYWJKUlBmOUdLa04rQk13eEJLQ3diUW1uRWlwZ1BNVTEveUpKU3J4N0pLZWRBZUp4R3J4cFI4WTlkcEVzampiRVhpODZWNU5TUDZUbUR5NmMwTzAremFtLzB5aW5ockk1YXA3bDRjVkhtanhzT0VsQzRzQ0g1SDNBdXlpRWgvWDBYNGhpcy9XdkJZZXg0TGExZHJhRXlQdDJDUVhEQVBWR0hvUnBMRUMvYldDOHczTlRhM1FsSGo1WEE5M3A4TDJsaVNDamIvdXRBTHpnRWVQaTlXaWgyWWZ5M1NjaFljZS9Pbi9xQ1JFNnZ6T055OXpEdw==,2012-12-03 00:00:00+00,brs
34a1c745-7fa5-4e74-9a71-d0fc8f6d7756,Statistik Daerah Kota Malang 2012,view_pdf,https://webapi.bps.go.id/cover.php?f=v+dZEHW9nv2thK98AGQJOFB2WFNDc1l6ejNZanMwNWgvS0p1a01uNGx4NVlZbEJ5bHFucUZ3S0NtUnRFYmg4cHB5elhmTzFyR2xqUmNLMDVlUWRLOXdUbHJUbXJIN1ZhQlNQQUx6dE02Snd2akZCbTVFTXovbmwvcE5lN3FzZ3E3NGJlelBqa1FvRUdXUm11,https://webapi.bps.go.id/download.php?f=T3S6qxnuE2Rt9UrX2Q/PgTloR3pZMWZkaW8xS0ZKQjlnR01Nb1JjeVUxMVVNWEl0VHdMdlQ0cVV0R0I4aEJGTGMyVjhnb3BzQW0wVUFvQk5NMFp5RHhiVW4zT0drODJJTGFDbFVYdjUvaElEdmN3d3JHdlUwaXRuNDliZ0ZCUTlNQnFSVVBOMmJKWlZ0QzVnbFZwWERpUllqbU0rb29HeUtDQ2k5NUdOQ0c4Y3RUdHRWcWdpQjAwQlRYWE1iaXBHV05vcElkQ09rbGtrTkxhcjUwRktETncwNHVLaExta21VdmNEdjJEL1c5cWkxbWhzblh0ME45UFl5VzZSLzJuRElUOVhkN1pNR1ZNYWwrcys=,2012-12-10 00:00:00+00,publikasi
34e6e1ce-0f13-467f-87a2-7ca808b5b8b9,Kecamatan Blimbing Dalam Angka 2020,view_pdf,https://webapi.bps.go.id/cover.php?f=+XTB3bnXSxISu/v9vYm+w2NtMzRIekpmR2JVQWFSNXdaT1Z4TGVMS0R6REZNQnRSdWVzTjdTTEVRWGdTTGFid1RVNW9HQ2llWFgvTXhaczZUVVZab1lrYUtYT2F5TjZEVUVObHFxd1o1ZVJTcXpQbXZnUHV6TEJxSlJSc2pkc0hOb1ZVL2ZycXlZbjBuQTlU,https://webapi.bps.go.id/download.php?f=26Lpb+4C9yHxcNF0C5Ip/kY3cDA2b2tuRHE1cGdWanJnbjhKbnB5bkMwaHlIV1BxTHlIUTlSL0xuMmdJMVF3UUZ5elZFU25ZUDhPdEd4Y1BXS2xJUHEyNXFqTDVmR2lSbkV0eTd1MjlQRkpDclNGNGpPRE80ZStYd0ZYaHcweGJkOXdYbTJnU0pXcU9zaFZtZ2gzc01YdytMazVrS1JpWmNzLzJTblVzVCtBdXpMdmUreEMvMldMU2lNNE9qc1ZEcVU2WDZmNm5LaTlkRkIydzBRNm5heTZpRUw5LzJkR1dvWXJOSVBZNE5oanAwazV2d2lNYkNnZkc3RjdHU3RpU3p0OFBERHFSM2VTNGNFVEw=,2020-09-28 00:00:00+00,publikasi
358678b2-f6ec-4523-8fea-29fd47ff2927,Indeks Pembangunan Manusia Kota Malang 2023,view_pdf,https://webapi.bps.go.id/cover.php?f=8pvPDRcX5G6oD92aIjr7R2VUOVZuREFRenFNTWVJS0ZuN1V2TFRrYmptalpUUzFORHplS21TaTZFNU1udlY5N0J5dWVKZnRoSlVnd2hoencvNUFZNEV6VWlKbjl4aVdMb0FpVFJVbFVEZkZSYmN3OEdnemNYL3pON2N0a1NaRDV2NFk3RVJjcitFb3ArVUdR,https://webapi.bps.go.id/download.php?f=1uWjyb/Ikzj2qBnAL7t/+G53OUE0N3dadXZJTThFMlZva3RMNi9wSGhIZU9lODFTMFZESFlTWENhcDRMRWtpUitXRkpPWHUvMVlHQW80WVNXeTFCUU5jNURjdzE2V3gvV0RVaG1jSjBCUXF1L0VCcng2OS9HQjNJQmtkbmMwd01BVVB4dmF3SUNxY011b2FyS0ZWVkI2UVZjRWlSOFB5NVprcFB0aUJPLzJPMDFCT0VpNTZWOXV5ZUYzS2FaeWhnd3dGR1RTVU9ybjlRYWJJdTVVSFZzeE90RnBLZ2RPb3pKRlp1UWZKb3JGKyttTllNdUc1cHh3Q3FaT211U2F1dzhjOFVUWGEvQXQ0TGlweWtONm96cnFmeGxUeHA2aWJHNlJUNjNBPT0=,2024-12-30 00:00:00+00,publikasi
359a0b39-e2f4-4ee2-a93a-7b26bb2b3275,Statistik Daerah Kecamatan Blimbing 2016,view_pdf,https://webapi.bps.go.id/cover.php?f=b1vCYAirpCOPEMIhdAE8ik5CY09WZDlsU2J5WlY0NEZGdFJnZUtMWVRmbXVXd2d5VDRFd2pTUmVQRTVkZGFsUzhFL0FrcE1PVFRjb1RZb29xdEdLWVFKeWo5VkwxYmpDM0FKeHNyTGVnMkg3a2wxa2hmR204OG5RS0pHWGFyaGYyLzQ2QlZ4b20rb1RrdDhD,https://webapi.bps.go.id/download.php?f=ED9RPINMPwSzDKnN9EJEhEJybXJ2VXA5NjMyTGI2elJVRlJjQ2wrT081ZHNSdUxUb2tHLzRqa0VFZGFUdGc1aVVFTTRaODJYcmVDTmtYdUtWQkR1Ly8zSTdlcDh2bUdQRFRpdEtCTkJvZ1g1Qmk0ZU42Tk5tdzNvR3VMTEJuK1dnUCtDR0NyWWs5MHlJRmxEeXVSbGpGTG1vTVliZ3lqQjJKVlFjSGowV2VObW9zNGNObDFCa1NkTUoxeVBZMXJxK1pKRTBoM3JDZlRSd2ZJL0tia3FaMlc5bnFObVBrcXRSaVNPc1lGaElFZE4rTmNnTjB5UjZKOUlaL2tnMzhnM1l0SGIzdzNacVU4dmhBcTkybVNack5BaXF2YTBYZlQrYmxTQUtBPT0=,2016-09-26 00:00:00+00,publikasi
3615bcb8-87bc-4b32-a372-2cb60e35467f,Laporan Eksekutif Kesehatan Kota Malang 2017,view_pdf,https://webapi.bps.go.id/cover.php?f=YunyVaHjlSCnA7/PDcTb43FJYWZDMXYvRXZETFVkR1NobEdkNSt6elVMRUpFT3RYd1Z3UTl5UGhQUGNqWU01Qmc5dkRWRHQxV3R5SmFKZm1JdFV3cytNdmRwaGJkLzR4NnRwWXlNS3FrTlU5dHJvQUsreXpNaFl4RUVwTkV0SXdsSDF6NGcvUldMK1ZXQ2h6,https://webapi.bps.go.id/download.php?f=2UMOcIsOeqCbZuwrAskl+E85WkRpbjQ5QzB6V1laVDdTWjJYOXNmbTZSVHVQc1BFUm1RTFFzc3FEMVFaMUlUcXpTYmJ4aGYrVVI0RGlNU0cwdWF2ejhhUUJMdzgzMGVocnNRK3pSRWM2UTRKOWsvT2FDdFFXNnMwNUowc0h1VVc2NWF2aEFHNnR3S2tjYjdSVXJwdzNCaTdkVTBtSFkwK0Rvb3JUMkphc0o1S2tsWjVxNnJpd2tuWE9Jd0ltZ0RuQmwzQ3EyU1Y3S0JZNGVhdDBxRWRERENnMWQ1cVlvZUZUeFIwa3J3aGFHTGEzdnV5ZU5jNFErRXhiK0hCU3dMT1VOUkhRU01YZWRxTENaSjZGQ2E2WEI1STZUSjBjMkxEZjhIUGtBPT0=,2018-12-26 00:00:00+00,publikasi
361add66-4881-4e83-a8cf-17a3166b713d,Analisis Isu Terkini 2025 Determinan Pengangguran Terdidik Kota Malang,view_pdf,https://webapi.bps.go.id/cover.php?f=JZyRZ/ZymtTTOS6DPOnKkjhHK2NPVE9ReVNNVkpjblJwdkZJUnJGNGhnSkx2VU52Y1JaK1hRUEtPTGVqZEhTcXB1VWxyUGhDQVVLK3lrUW1UZEhEUlVvZXlxL0VVem8zcmRGQ3F2ZDRVb3Z2Z0Y3M0plaUxVdGx2OW4yR3hVNEEwVzg5M3RMRFdyUmp5TmZJ,https://webapi.bps.go.id/download.php?f=6eOTahIvzxmnYXgOjNWnvUZ2Y2N3UlFrWEY5L2hqTWVpUXV3dXVXSStrdURVUS80TGowTjluZXUvSEhwQ1NmamM2K3JVTTZ3MlkrZENlZXJHdUhhaHJ0ZW1NeG1NVVZnMlBLWWV4V2Z3d1p5UHB3TUhGWHc4TFFpenRONGxIaHc0L3J1dUs2VjYyUTZZQ1J5d1lmSHFKb244d25VdStLSVFMcEdOcE5kcXVNeTcyTVVjUzFlbjFhOGsvYUVTVTlTRmJNNHlWcjJ4ZmlzaHk2Q1I5c2VJK3FRZzRibW5UUytudFd0WkgxTnN0TEo5a3dzNDM5TXFaZlBKNTFPUnpLMGhIcldTQndsQ0IxVVN4azRJMjA3RHV2RE1uNTJYTzJvYTBpOVlrNGlONDdneFhpeThsN05sald4V1BRPQ==,2025-12-19 00:00:00+00,publikasi
3624c0ed-5e6e-4ea2-8d4f-d1e3bcd192d9,Kota Malang Dalam Angka 1993,view_pdf,https://webapi.bps.go.id/cover.php?f=CDq1cegHzsB+XuFEdqFkbm1TOEZGNGI1cVlxd1lmTTVRcjFhcE5iUzAyc2NkNS9hVGg1R0JxWUdNVzFFU1Z0VXhiUFcwVWQwYitKcjlTWmVBWkRvelhLa3ZrWjdjRDBrNEpmNm5vTk5pVDVXK1FFY0VzS0M0cFpsQnhoY2lXM2lNbnZUWlNkWWUzNnNKZFA0,https://webapi.bps.go.id/download.php?f=hs7R3j6bYj9bYkERrnkq0HdLNkpKbVRFSnhTRmlUYVNXdDBkVHd1cEJXZDF3MUR4Zk4wZW41YjFMTHEvR01hUWdHSldsTUdOa3hmSWpSaUNRZllrYlBObHZNY0w1TTlJanpBSWcvRGJLa3pmUnNOc0trdEsrWVo5QVhHRDJ5NitqS09qV2xkRUFnR0lFazZGdnp0WXJsaGZUYmtkQkpyc2NPWlFmT3R3NG9GZk52NE85L1ZJcWM4UER3L05qa01ucHBGWlZ3NlNEM00yaFU4SlF3RFprZDMzOVkwQ1FKU2U3N0JmUkxSSytzMmZnVFJaN1VGdGpYUlNRdE9XZHZaZnl1YnZObFZnNG1yZGYrNTc=,1994-08-16 00:00:00+00,publikasi
36472984-7b29-4ac5-b9ee-93ad55edf648,SKD 2022,download_file,https://webapi.bps.go.id/cover.php?f=vUgTgdDpyoC0VOnwXx8Kg0NjSzJ1clpnMXBmSzlNZHpJQXJpWE5mbjA4YTRtRzdBa0tRZmZjV3gvOVZkS2VkVXdwWWpIWFZjM3JFQ3V5aS9ZcHgyQnpadW00VWluMXZpZVdnOEpsYVVES016L0djVE82UGpJamVYejhnPQ==,https://webapi.bps.go.id/download.php?f=J6zaMVV9AW26wZG2bv3ifVZseTJOcTZsdmVNbzZpR0U0ZHc0TVJhSGUwWDcrUWtIcjJSUy9Ba1E2YmFBZkkzUWR5cmZhaFJydjM0UUgvQU13QU5tcUFrQ3BBYk0yeVRYNWxUOUw1TXg2NUN5elFiVERxUWlMWUpIMk0vMkpiaktBdldSODJUZndvQk5kcGpESFJIcmdUL2hJY3RYSUFmMC95dnF1VmZmckdDSFAvU0dsazhxeDA5bE1TTT0=,2022-01-01 00:00:00+00,infografis
367f96b0-7594-408c-9cbb-5654b2645393,"Juli 2021 Kota Malang Mengalami Inflasi Sebesar 0,11 Persen",view_pdf,https://webapi.bps.go.id/cover.php?f=T2G7PZqv2hsB5oUC1d5vi1lyUXk2SWd5WnRybDJ2aHpJOC9MQmM4R2NZOThnTjNNQU1IaUo3K0dlZGtpdENCcTRlbEU4TzBVRDBaQ2pUdXVGWHl0cHN4a3F5TkZhMnY0cDZES1J1dEJDR3p2RERLNmtnYlExMkNPM1hla3ZBeEM3SUJpWWpVVm9QMVUzeWo5,https://webapi.bps.go.id/download.php?f=aTJZsnTwgLB6Lc56aDQvC1JRNEJvQ2VNcjdnaWUxUUZRcnFXTkRRTWZZaHVxRUcwa3pUNjloUFdRL1NjTG0vT1BxdlB4NFF6WitXZk5sUzhhZHVPZzFKQTNJNUVBcHBxV1ZjaUlvdW41MnJ3WDZCVUVlbFZrU2JxTk5obzRBTk5nN2FLTUsvbG8xTDM0T044T1I1ZEN0U2dWTDNYYmI3eCtLNmRFclc1ZHQxbzJ6UGVUWlpqRHhkRURaQURMbC9kVlZLZGQ1UkY1dWpsUXpWRFEwS3hORGx1MFhjMFpwZGxwanFvSDV2dStGQU1vNFdFZnBtSzFBWVBLTU9HZCtOYzkvcDdhdEhPVHVuZTFkYmpQeWp1QkpiajlYQXFleUxQdWhLamgzWENnUE5QYk1Ib0NwaGN1ZjhHdVdTYlh1T1hYQ1FWKzlqWXl6ZGZ4emFoQWxObDZRY0JZQlJLR1ljWlVLQVZ1UnFhcVBHQng3UllpSEFxRmp1VXEvaGFUNDFhczJoaXJCQkdnOVN3TjN2WW1iWkkwV2VicTUzYXhjM2xxODd4OUE9PQ==,2021-08-02 00:00:00+00,brs
369cf711-fb2f-4385-a966-f50fba380ce7,Statistik Hortikultura Kota Malang 2019,view_pdf,https://webapi.bps.go.id/cover.php?f=7UqMZkrVG9IwV1sTavibgVYxVXNXY3V4NTQrWXBpU0FpUFpUSm5LbGtVSjVrNU1HSDFEUHY1Q2pRUXhTdGZpNVNwNkJoVm5mQ05CeC83NWpNaEp0U2g3QlQxNVdkOGV4SFh2aXhHaDQyaGptOUFJUCs5UVFqWWpsUFJsc2pnbGJBaXMxSXpNb2txUlc3azlZ,https://webapi.bps.go.id/download.php?f=8fPYCMl6JJj3x6GJFH8yomhBSEtWMGUyU040QUMwODBjNXBGSmZnUGZsM05lRkRGcnpsYUJaUlA4a0YrWGlaOE1wTWJMZWVoYzU1RmNqVS9VcHJoeUh3b2ZHN05DZ2MxS1VtdkdUMS81QTk3NFIxSlJSSE11c1liTXVLcGQ1cEtZWlBsLzdDR2h3bnNIYWh4ZG43NitCS1B1Rk80R290Qm91QlN3TDErNlk5WlNKV0hEdzNxQ29WcGhINXY1R1hTZ1k2SHVGeXdhQVU2MFJLa1JYR0prWVNCLzlHSWNiL25EVk96ZHZJeWNUQ2x5SXhlMkVJUWZqY2ozKzQ1MlBMNTNFS1V5TCs0cVk5aU1CMVVvaThxMlZCM0xJQ3daazE1ZjV2TTh3PT0=,2020-08-31 00:00:00+00,publikasi
36abdbd4-f9f3-481e-85a0-317ed612c7f5,Kecamatan Lowokwaru Dalam Angka 2020,view_pdf,https://webapi.bps.go.id/cover.php?f=p3Q9FGaeCsKC/oxoirJio2ZFNzNGVW5YNUF2WFdkQ3dnT3VtZDEzeE9xOGE3NnVDeVk1Z2E3WUlWcEZNUWlXMHVVQmtuV0E2VnF3Y3BDYjcxRnlhNFdnT3FOdndIQ3dNTjFoeURSekYyaEE0WXEyVVJNY2J3aW01c2dsMHA0ZWxNZ2pyT0hIbDRjMG01VEdy,https://webapi.bps.go.id/download.php?f=OYOsExOSdvV4Yn9STe/a/G9kVjhsYzlmUHNBR3gySHp1bnJXNGpHRWZmU3VwdVFxeFZDeTRhRmlIK2craTJxZUpQNWdjYlJQZjlJSDkrWFFJMWd1andjcVBNZmc3dVJwRVF6c2Y1Um1kVElYMVFnZ291dHZlNFdhSllTRVJQcTl3TmZPSlVvQjdZbDBQb1JZRTdrdTdlaVc4alhuWHhrVlRNNXJ2Ulc0a3RaQ0diZHAyZHMvYks5ejdLdjFKWCtUcHVOTG41K0p0dzFMWXdzWW9kRFA2NG51OWJENm4rWVYrWWR2NVAwdlZCU1lRR3RFS0ZiM3Z5dWVPUUxteDRtOS94am1iejJQd2s0dHBZOEg=,2020-09-28 00:00:00+00,publikasi
36c64f33-73d9-46cc-bbe9-ed40926a95dd,Produk Domestik Regional Bruto Kota Malang Menurut Pengeluaran 2015 - 2019,view_pdf,https://webapi.bps.go.id/cover.php?f=OKL7fKnXDfIAUaBiIuxqGEg2LzdYQStaQ0o5RVFsWnVYZVFaazZPWndzaU5pbkN2NnVtVmpNS1ByM1IxczBiNjA2Q0VUT1JXaFlEazh2bER6elZ5b0k4VG5ZZzNCa3dxSEFqSTVtbkRJb3M4YU5zMU1ueHRxNllaSFZDZXdUUCs5WGRreVZEazVIMm5RNHVM,https://webapi.bps.go.id/download.php?f=YmbXI67sWGcozy5ZBGZSgkZMaTBGbWFVb25LbXA1V0NLVzJPVnZENWhYMkUwVVFMY1BXYVJWTGhMdVFHK1BCVzJVZXBEZEdSNzlqbGw0R0xIVm5iSkY4Wm8vczZZTlMzYmQwaE1wWjFTS1VuUXpuQm4yYzg0Qk1wRm5nQUFmTEpvK1ZqNk1Va1cxelFxeU1BOWthVE51dFFUVHVXTmFpQXZrN3hDMHFpWTl6ckNNR0E4OE14Wk9lRDhXcDgvVGJzTG9ZSzJQeE9hcGQ5Ym85cVI4VkVPdDhuNVNMTkVobGRoeVllOFlvWXJnSXgvbnZtS3g0UkhrTTFHTVBXUjg3bWYzRGhLcjQ4bTZxOUt5T3FxOFN2WlFiQ25iSDdXWnE0RlhrVU5mSnN1QmN2ajE4TEYzb3ZYbzF3dkFGZ0RTK01QdkVjL2RmTjdlTVhiTm16,2020-05-29 00:00:00+00,publikasi
3713bddf-5cc9-40cc-9fd5-4750876538a6,Kecamatan Lowokwaru Dalam Angka 1999,view_pdf,https://webapi.bps.go.id/cover.php?f=yFIIAP8KCfqqH+crFzgkvHNwMTNUSEJweGNlMlJlZFo1eVhJbmNycUQ4cUEvTDlnVW5pZ2xIZUVqckRVY1FmeU5MQkxGUUloa3cybDg2V1ExSmk3cTBHRWtnQTI2WTdtNEsvcnlkcDVhSExpaU5BL3gzVFZBdTU4dmRhMFJEZUpCNjNvNGdqOXRUYkhBZ0Zv,https://webapi.bps.go.id/download.php?f=cepWoW0pXFU9EdNK1YuNykdSVVpmMGVkOFNtNHFvTzZ6ZTZnR1BCOFVoeDdUWnI5WjFCOE5mc25VZVBGYmx3KzhlY3dvVkhlTzlUOHVJT0ZpMmJ0YUhsYTlVV25najRHZjRGaU1iWGxFZHZjMTNqVnk5SGNyR1MyRUFOTWNnMEJsc1VTTWVDYWtyZ1h2ZTQvcUV3dGpma01jTGNyN0RlTzEzaEFOdEdNRHBTb2sxOUlqNGZ4dzlPZkhVNEFMdWlwdXRTOHkyeEVtVENjd2NJd3dJQldzbDhrZzd5NjI4MlhvWDFrQ1BTZUVObXB0TjFONUVnb1Z2OHJzNk5mSks5THJmYlY5SDZXZSszNHRlQ2g=,2000-12-08 00:00:00+00,publikasi
379d08e1-937a-44fc-b4e3-ea609219f654,Libur Paska Lebaran Dongkrak Tingkat Penghunian Kamar (TPK) Hotel di Kota Malang,view_pdf,https://webapi.bps.go.id/cover.php?f=N/PNvfKqD1XnNoa1JhxF1FdodHQrNktEcC9HcnF1NmRRbW93RmFkQXg1K3pibU5DQkNETFZPcW9DSlF4eDIvUlZjWE5VMGxyY2FGbTRBNWRLNmJjTEF4OG9BTUtQZjBvVkIyRkRRPT0=,https://webapi.bps.go.id/download.php?f=AP346QCa+RfI4JlUv7fHqVJKZllScnhXZldHYkZHTXBZOE9OYkhlbmx5UCt3M3ZLWk9EMWVhL0plajZrclQ3Y2pEUUQyZjJYVUpKWWJMYzBJVTZCS2lPeTdFd3EvMVNSNi9VR0xCNFFiWFRjQk1VL1lteUlERHIydU1MYlhGa2hkNUtZR21sZDZZQlJ4YVFSSGVJamt0eDVMRVd3aW5sNFBFTmFuTHdScWt6aXV3ZW5Zc3oxS1ZBQW1vcDlXeGhDVkV2SkxmbnN2VC9LSlRZZWU1NWQ2OFE1UjkzN2QyUVRxRGhHZXd1ZHJKa2w1V1VCRFkvSk44aDVta2s9,2025-06-02 00:00:00+00,brs
3823b99a-9bb0-47d3-b03b-851ea7277749,Produk Domestik Regional Bruto Kota Malang Menurut Pengeluaran 2014 - 2018,view_pdf,https://webapi.bps.go.id/cover.php?f=sgTUPXOlm0ctOfnNYOR0xWY2a3ZCR2MyQnhRMFFGQW5rQXJLUHU4V0NmQlB3Rmx2eWN0bkIzOU03NUxEQllmL1c0dTVLUlJkdHRkdU04UUJSaVhDUERWaVRTeG5YeXlOMk5GT0tvRnZmcjdjYm1ONDJPNDlFUUNxMDB5dzZkeHZSSnVqbnl2ZUFLY3Frd3Mz,https://webapi.bps.go.id/download.php?f=41nMDxLwxRIciRj5XsBnRDJQR1E1bDZ0VFlXbGhvdjlPWmFQZDlOQVhOaDdnYTF6bVJWdHZsSk1TMjd6WTNsbXdPN2tpaDA3Mm9hZWd2bWhjK3NQQVlnL2JYMGZvT28yWlVRaisxS1VDK2RrQWFwdGg4RkxsVFU2anZ5S2dtUEJUWVBWTzVpdTN1TkpUVDg3OFEzZ3FqZHlMVVREM2VJSGdtbjJnNEk2NUptNXZWTlZUWUV4TVNTV0xvM3U1cmlTQk1BOG11c2l4RFA5d3NxanBZZERhTlBjY25QRnhzbWF4TElydm1GeXVCbDVxNDYzSG9ITkJzckxQRCs1b0xiQll4SHRoaHZIai96SHBkeDRoQng0NjMrR1R3SG0xbUFvZ0NVSkJ0ZEZXdU5ZMkRlRm1iemlnRmYzeVZaeTR6Q05Vc0ovOFBCVTc2TXlodEZD,2019-09-06 00:00:00+00,publikasi
385a4eb9-7423-49be-98e8-317257b2600e,Inflasi Maret 2021,download_file,https://webapi.bps.go.id/cover.php?f=QywUwYpYq0lX7OO+0pOPelNCZTJBUVFySlR0b0V0VjEzZXJqakpjWE5PSlRxRjF3S3Zjc0VkaXhtM2N0NXAxT1psRXFxS1A1WkFuTUllMHlhaDh0cyt1cE5pb2d3ZXJQOXZtczUzcHZDbWZBbVFtR0xEMzc0T2Y2SGt3PQ==,https://webapi.bps.go.id/download.php?f=wJ6JMhM7hIXVPc8p9e0//W8zYUxBeXltdVB0MW5jSnN0dFkvd1UybytBVlJ6Y1JQdzM5RGpIVXBOOG5JQmR0SGp2WmpQMnNoSmdLa0RVeEh0NkhUR0FnVERDSklaVWFqeUtjbmYwRXBLT0xmZm1Sb3Mxb1k1U0Vqei8xcFVhb0s5eXcrMmVXcGlMN1VHa3V4S29EUVkzTndNcC9ZZVY5a3d2ZW45ZE5BbXpiMFlsQjhNVzZOVlhTYnJPOUYvRTFiOFo4aXBkZEhWblVwU3pwag==,2021-04-01 00:00:00+00,infografis
3864325e-1c54-495e-b0d5-6bea53cb196f,"Perkembangan Indeks Harga Konsumen Kota Malang, Februari 2024",view_pdf,https://webapi.bps.go.id/cover.php?f=hK3rmUTslGMgqklFrybQAFVLSjczVHBHQzRHM1NvaW9OOG94bEo3L0l4bVJQVFp4dnFHaE1kMGpBTHBFbmd5ZysvUG5tTUF3L2Z0bXo5U05jbEVyT0svYVpjTFB6NmFxL2JvUXQzZTdMWnF2YmV0eU5VRkNnT3FhRkt2eTh2bEVMbDJ0aTZ2NWNQTGZZcXhwQmhQM0xmUDUzUFZIemN3dXdxMjF2dz09,https://webapi.bps.go.id/download.php?f=129Z54vwqTBuI8ROWs0YAVN1VXVreTVFbFhScXlKR3Fzc3laWXJsaEpzcVArQ1BiV1ZYUFQ2TUs1aTd6eThLU3RXQStJRVNRZ01OaVdpMkJIejdKRm10T3NIYVV3bFVkVmtQak15bU5UWDNVd0EwSFRFbEUwTzNXdm1pWVVFZEgzQS8ySC9mRkQ4NDUxUEZQalhqTnpudjJyVFpvQXd0K0QyZlZLZmFwSHR0Z0gzSUkxOWFCa0hrR2RpRjBZeFYvRVExV3dobFBoY0wwQTZ5bmJoQklUYWlaRGV5Y3dBdkdGRG9PaG0xenNkRnV3elRHZklVVk4wVEtOcUlIakR4RjVTaDB2Q3NJN1g3UzQ2YmVpNzNqNEtIRFBIVVlQNWIwS2FscTNZNzROZm5xZ3R1MGVSOFVDM1MzV0RmY0R1Z0ROYXdkeUN3S21tbmxlTG1lV1J4RWZoN1E3NUFyL3ZnM3YwK1lpYTMxV3NyQTJXcFZqbGt2WGVkaGhvR0VIemMzUVVpM0Z3d1JPOERoQnJWdVRQYUw4Ti9HckRaM2Nkb0UvNEg4K1E9PQ==,2024-03-01 00:00:00+00,brs
386f9e6e-32d9-485d-b969-8865c71d66f0,STATISTIK DAERAH KECAMATAN SUKUN 2015,view_pdf,https://webapi.bps.go.id/cover.php?f=nJwmvkzLaJa/WTBhf+PukWRVdzhkOXNVR1BZVzUvUFVOdHRhaEdjeVNGRVp4SmY1K09lSVQ4dVI2QW5wZ0o2ak1HMVFDMTZyMGpPazlMUTFNdjF4RDF1aWRGbzdFVTgvOTRtUHRtdkhOM1ozeVJwOTErckh1eWxtR3ZvTUhxaURtajlBeXpOblBRRkYrQlRV,https://webapi.bps.go.id/download.php?f=awrAS6WeRferwHo75X7qyGlnTUk4VTBsUVFGbHh1ZmNVcGdOa2hDUjZBektXMVZHZk9CNFNvS3BGYWhUdGVLL1ZLL1huYUxmWitMYmVnM0htM0N2SDV6ekdQNjN2SkE1Zy9kVHdZUjJGUDJVekxoNWdraHJSOXZndWhTaEpTejRXRGxwamJQUFVYSWpnaWZkUlF6Y1lWWVlGbDV5QTIzM0xYRDFaNTFTVkhKRmlsVjV6OXFaTlpNdmxNTzhMdHBGN2o3OTVRMkJJTldqTk9VWkN6OFpId0xla1k0bjVvU2JQM0NGcW9sRStxTURWaDhPanhaaFlLcjdyckZScnkrS0QzMEJJakt4VzNJUWhvWnY=,2015-11-20 00:00:00+00,publikasi
38ca0618-6eed-400a-8165-7148a4441086,"Tingkat Penghunian Kamar (TPK) Hotel Kota Malang tembus 40,51 persen pada Januari 2026(1)2026-03-02",download_file,https://webapi.bps.go.id/cover.php?f=pmt43IW5VAw/vt5gaALz4Fd2aTJxUUs3aUs0bHh5SFlSQ3hocEJvM2VGVGIzQnBmeWorK09kOHlRd2lPVlFWcW85bFprUVRlVEZzdDM3LzFrem50WE5kalJQTTMrQXBva05jNTVBPT0=,https://webapi.bps.go.id/download.php?f=S0d+dWYTZA+NSRtaMzVDp05hSy8xbHpQTU9FcVpaTStBM0FUNG1qaEJNU20vSXZ1Z3VSd0dPdXR4UEdUcGtzRnk0ekxzbEF1SlkvUnVMTDBBdUkzN3hwU3hoL2ovMCtVVEhSTjk4cXpXVW8rL0RVWWNwYTBjZUdTRXc2MnoyZEZlRkVzT3JpZmRZV3V0RE5SZmVDWC9jUlhRVHVNVDFIS2dyZk90WTRyRmsxUk9vaktDdDNJOEMwdmpKcnpXaXZGdUF1Y2hhTzR1NkErdnBYYUxaUDROODhuNHd2YU9ERjY0bjgrWS9QQ29aeldQZEtrYWIwUjRRNHQyNVlMZjBHMlBtaExOclQ1dDl2ZHZma0NYTm1TcC9yc3FMWXZ5ZXdVb0RaRlBnPT0=,2026-03-02 00:00:00+00,infografis
38db0e87-1e84-47cc-bb34-e88eeb67b231,Analisis Hasil Survei Kebutuhan Data Badan Pusat Statistik Kota Malang 2022,view_pdf,https://webapi.bps.go.id/cover.php?f=PlLpurvAgZ02P3Aqy2cZJ3JaQ3R2eEhhSVNBTDIrR0NyNERrOXNyODFjVjhpNUpSNk5PV1VDK2VDdHVuRDBhd1o3a3JZWmxyZlJwb0RVSStHc2d1TGRnVWNZbjhEU3lQUElNZVZhNmRBWUw2T0RPbUxXL2k1eVp4QWpGczJjRmxPUm5UVkRBUXkrTnRPd2VE,https://webapi.bps.go.id/download.php?f=NTRmSDSrsA2VyG3fgbQF+2UxVG1xR1RGYVVJTjU1VGdHL29zelg5djRnUVc0NG9wNjRFZ2d4c1VjTnowaTFGKzBnTDJtazEzaVpDU2R1RnA2VEFua1FQYlQ2K3NJQnlTT1RTenJjOHZyWWc3K0NIL0RHWTJrT015OEVYV3R3NWFpYmJhWFhCVEVuSHhYcDRHZDBwVVh5NlBVOFhOOGttQnd6QXB3a1hJcE54bFliTXQ2b1hrYlljbnZTcGszQTcwaWp3V2J4MUcwQW80a3hodm5BQktwdEdhRjFDdlJFQi9PYk40TzR4YzBTV0tvSFJOM1p5MXc4cEgrWmlYYzFsQkovSld6QzJIb2dyVzhFeHBiY0lNOEhwRWR4eWpxSmhleTZzODlFWjdIdTRobk5QNmVUN095V2xaS2JVMVd4VElsN1pxYTIwcmlXbzNIUGNJ,2022-12-09 00:00:00+00,publikasi
399b6367-9515-49af-b1e4-a9a0cb9a778e,Perkembangan IHK/Inflasi Maret 2020,download_file,https://webapi.bps.go.id/cover.php?f=/QS7AvmB9sO2YNzuSPbAyGt0ZEZxTTh4WTdBMDVvazNUSUJaSElmaGdRQ0piZVJDcVVsZ3Zhc3Q1Z2kxZG5ycWhORmlUWmhBbmJMeDVKdTBscGhHem9rc1BJT3JLdk90ZC9uQkFGQjJsYWkwcmxJVDRWMnBkT2VpVWg4MkIrQWxZYWVKRXJQa2ZTZHplelNn,https://webapi.bps.go.id/download.php?f=R3kTGnZSiDj9HqXZgXfK23c2SUplcXdvQXRvT0ZXSXE5Z3RDdEpYbEp2QWtsTXd3VzNjZkZlb1k0MHlaREtVL2FyZ0xMNnhLNE1xdTNoQlA5ZWFCRFp1TUwwdVU5UytyWGJ1RU1NRFV6RVZ6TFVzL0x2Z2VCL3kvYkNaVXhNeU44ZGc3NVlLeXhpdEVBd2t4dldXWU96SzM1QzN4bDZLaGErREovUkpHR0dMUUxtWTd4dlNPMnRNeUJqcTY3RHJnR0UxSGJKUWpXc21keFQxNmIxRkg0YjJIOHpXVVFpMU1MTExad00rTnBrQjZsZExSWXdvdmVpdXp0OTg9,2020-04-01 00:00:00+00,infografis
39a3d442-5f5e-4c69-93cf-d9783374276b,Perkembangan Indeks Harga Konsumen/Inflasi Januari 2013,view_pdf,https://webapi.bps.go.id/cover.php?f=i9HLozP1+UKbmsSEUCZl9lhhUUh3NVNTU0I1Ym13MFA0ZUViMktnUHptQ0FRZUtmTGVHSUMvOXpEdDRmazlkYkU2TzNMNVN0M01aMDNrRWpGVU5Ma3Z4L2Q5ck82QmdFcFJKNCtRPT0=,https://webapi.bps.go.id/download.php?f=iU0ncqjui+IVHYGqLU78tEFMMVFRQVYwUk02SnVFcTQzR2gyT21FTEtWUUdoTlNqR1RFWUszTjZzUXdNblRjaVZVVFE2NkN2cGhmMFlrMkNMcGc4V1RQMnFjdHpKL04wc2RqbTQ2eUdJb0VLSHJrRnJaV3RtWUhoc3NKVWZnMnJtOFFVSXRLQmJaNDg3dnFPV3FlU3MvbnpTSzBhaHhKcmg1Z2pMY2xvTDNVTEVnaEI0b0o5NGVHVzNrL0Nxb3RwWHhrSEdwVk9tTFdmb0hibFNqcTZmOXNKdjBaMHRVUTlpWVJzTUJ1OG9hY0kyUVZWQWNUQ1I5WU81akRHU0xkam0wSk1ySmlxN2luVG9qSHp3anlmRlp4bEdyajFEMHNBb3lwcng4R0F6d2NVWjVUdTNDeGpVdDU5YS9VVVhWRituSzhXVExXNHVkQzRyTFY3UzQ5ODkra3ZrY0JFVDcrN3JHUVVORHJzTFM1Q0pmSnFhSkJlQVN0NHhqWlFYRitwei91SWRRSzA2aFlySzU0cw==,2013-02-01 00:00:00+00,brs
39a813cf-80b2-4f4c-a01f-27d81ec4ad6a,Kota Malang Dalam Angka 1981,view_pdf,https://webapi.bps.go.id/cover.php?f=4UohMnH+zeSjS6JytDPQA0t1b08xbDNtSERuUmQycmR2ZlluKzgxMTJEWkZTN0tkL0p0Nkp4Ym50bGo0UkI2emhHWUUreEEzM0dnZ1lzVGMyc0NzVmo5VWt1V24rSk5KRnFxYXhYRUtPQk45QWcybm1Xd0tBMnFXcGlmV0JYRTJCVmJSM0RFekR6ZU10UGkz,https://webapi.bps.go.id/download.php?f=Sjbdo4HhjnbNfu+0FI5TQEJOckQ4MlB6ektrQVhadE5ZVWJCcTFVTm9VZVo4MXdOSlRROTUxVTVCVi9QY3lwZi92d1V1bkhpcUJyUTBhMllYV2MrYjRJWDlhTWllVHlSSG9jS2szeEQyQmNJSzRwY2FUcGpwMUlXUEM3ZmZ4QWRmY2JwSjEvSy85dDBEcDJEWWNtcFhqdFRNdHhKVzBjT2tWOVB6SHFHZGdLWWJuNmVkdmI1M3V4OStwb3JDc3dtQnllUTJBa3hXVC92M2s3RUVISElNMlU3VWt3NVFydytLNm1Kb3NxbGJ5cG9tbFVOYks4S0xvb1FMclZ3VVUxa0pJMUZYVWpmNUNyTnJnZkc=,1982-12-22 00:00:00+00,publikasi
39f6af17-3bd8-4e45-8393-55bb6637bd4b,Hasil Pencacahan Lengkap Sensus Pertanian 2023 - Tahap II: Usaha Pertanian Perorangan (UTP) Tanaman Pangan Kota Malang,view_pdf,https://webapi.bps.go.id/cover.php?f=JfD9NAI9DbWxcwSBHeKvyHdCZXR2YTNmRU1LVHgxaUlNR3ZYYnNCRnlqLzVzTmJwZzh6VUZZcXM4MFlMV21ncGRkRHFENDE2dXFzNUV2bmZzb2svWFdtOHhlbEx6UGMyMVozMkNIVTNNS1BjSkRwODRqQVh2cTRVTUJtU0FmU2dEU0ZVL2xKekt5dnB5elUr,https://webapi.bps.go.id/download.php?f=VbGyiWKBr0W7wCYeIsW5FExHbi85TFgxRDhORW1IclFvZTFLblhRR2w3MTZCejYvZm9BMnU2Zy9QM1ZTNjh3YnpGRXNEcU5NWnorYXdkaDNlbEtLV3NkL05KbmZuakJqSEZzWkJKdG9kRmt4ZDkxVVBRa3V0L0p2cUZqcVhPNFh2KzV4VVFtc3pJSmZGRGF3UytSU1NmSWNjMkUyM3dUY0wzTmE5emo1aUtwSkQ1RDlWMmQ0NHU4cVc0amd6UFAyMEhpdGpveFlsNFp3MDhyZVlrbWphTEd0ZjF5SmRNcjcyalZpSGxSektkUm9SL21EMm0wNDRoNzFRaTlVRm9WSFNRQWh2TjFZdXpjZ21TNXA0OHYvc1Jvc05tSzlJTWVKdWVoVDd3QVUrSER6SmxRaTBqck9GWkFrS3NscVZhRkh6VDMycWE3dFh4RXNQdWNFOW5acWlrZEdaM1ZaYmNnZW9OOXNUZUZXdUZ3KzV6S2ZIVlNXNWE5VnFvbz0=,2024-08-16 00:00:00+00,publikasi
3a482f44-efde-4d38-a099-2a1371f84a12,Kecamatan Blimbing Dalam Angka 1999,view_pdf,https://webapi.bps.go.id/cover.php?f=kyPTFf6QlehVL8Q+wwJurjd0UW1WYzZDaFBMRTBmcWFEd2gzNEpwemVJNS9ZOFBwUnpRQ1hnYWRob0c4UHFjUElGREFza0xTNkF0Yi9ndVBsMmxOS2JmVmx5NjlYVmRGUHl0M1prOW52cmxNeXFSMWl3aGplb2tWWlNDUktVS1RBdmRxWEpTamE2elgyWHhK,https://webapi.bps.go.id/download.php?f=/VhjFHY/X1sVOX9mtmvUpFZpSTJPV2lDUHpvZDRoQW5NTVIxQ3llRUxNZEkrWS9CekIwZUwzUXY2dFp2YUJRYk05eXdITVQ2TCtwYzFEaUFKdjFFZ1ZJanVwY3pGd2phL29udVJUeS96TEwyZXNEemZUNzdKbkhGMUEzWHF6WEpvemxLWmVrbmt4MnlCc3Z1OHhJd1FIMnBIT1VFZitxT1ZTRVZNbmJSSU00bG5GL2ZKbVE0QWNiU3FzZW1OcExjRHhOTk8rQlkxU1F3OUl2SEtoRmJOWnU2bmZiaWROYUJ5L242VTV0cHlycTlUQ0lyWUZ6amV3Wk12V01WOTJ0RzhVV3RHaUVaU1Y2dTBqVks=,2000-05-10 00:00:00+00,publikasi
3b02caa7-a933-4966-a10d-172732fe363c,"Maret 2021 Kota Malang Mengalami Inflasi Sebesar 0,08 Persen",view_pdf,https://webapi.bps.go.id/cover.php?f=JRMrJnEa3li3m8Yep/kCsk55N2psTEZoZFhBMEI3YTdHZlRBbjZaTEFsSHJaYnl2NnJDRmNhQ2NWaWpvcmI0YkpVUkx2Q29KOUN5ejFlTjJGQTR3aTJTZk9MNXFnRGtkaTI4aVM1WlVQQXIra3BUZ01xVnc5Y0pmcldJPQ==,https://webapi.bps.go.id/download.php?f=9z/xlaC9bPyBqHQ+WRPziG8xNUw4STh3QUc5Zm1mbUpxY1dSd2tVWWhRc0NQRDNlTHY4T1diZXpJa05QZjdJUXIyNzV4SmVZcGh3dVRENzlpcmRXa1NqSTlOU0NrZ0plcG8zSUxRL2FzYisrVDVUODZtY1VjT0RmUHF4dUFacVMzNVI4MGc2cFY1MUtqR1NVYy9ONzAybStUdzhxUHNvS2tmZVNNdlFRdDlKbUNSU3ZESUxCOFpjVEJjWWV4QzEwb0NnN0tLZ21KbE1oUzlwZGM0VGw5V0VoaCtpWmpXdFpxWmhjUGY0WDdmbDRpQkh0bE5FRERJZVdCajlWbFg4Q3JnM0h1aWNMNlpmbHNGVkdOb1N3SzhDckxNNTgzYVNDZUdXT1FJa01SNHdzUVA3K0hoQlZHMFlFSXN5SWpzZW0rdzdhRTh4YTE2MjBxVmRmdjZHcEQwcnZ0Y1hodUh6QlR2ajVlV2ZqZysyL25mLzkyTjd2SzFjRkFXMGpYeUtrWGpKQkhiWGp4OW1jYUhkZ0pxQmFQelZURDZ3eGorSmRyVlRzUlE9PQ==,2021-04-01 00:00:00+00,brs
3b882739-ae5a-40e6-b65b-35b23b357752,Pertumbuhan Ekonomi Kota Malang Tahun 2021,download_file,https://webapi.bps.go.id/cover.php?f=Y5HvLko6kgFs+qD8JAo82kQwWW9iWWNROUhuNlJ3Qk5SOEQ5d2FwU3ovaTdVL0FjWXpjODdtVmx3UjJLYlVPUkZ1eXRHSGJMT3FTdllNOVQ2SVFMU0tDOUdxVUorb1orN0JYVXgySFhzV2V3MnBaSTJMeUJqSTNXS1dNcytoQzFubGNmWHJwbjdqdFBuV21ZZEhCSDZjZFQzWmVlemRCQ0NWckxBUT09,https://webapi.bps.go.id/download.php?f=MpMfzMPEKUfdaQ/GLzw00kFvR2dyeG9LenA3eVhEWEJrQWNVTG5OSENaS3dBUUxVRkFSSUhKSlc1WDZseGNuRzNYb3lQd0djYzVFNVYremprWklZeVZsbU50SjJpY2pieUo3cVFTbkx4M2NpQ1RIRXRuOGVONkQxNmRGcUx3VUxBZXkxRm5GTjNhcXdBSEpYOHg3WW5YU1dUYjhyZFVDMnRhUHVwRHhKbUxhQ2hrK2Jla0R2Rks1NGh5MVJFalRnZFlPcnU5cThMUkpxQjhlUEpTbzl5bHZaTlNvb2xlNmN6eUZBTlFla09SdGpVWkxkY3daVU5lazlpSGFrN2tuamlBd3cxeWM1eVhFT3pVem4=,2022-03-01 00:00:00+00,infografis
3c138d9a-05e4-4496-b1bb-9f65514a1aba,"Perkembangan Indeks Harga Konsumen Kota Malang, Januari 2022",view_pdf,https://webapi.bps.go.id/cover.php?f=wHvOUQH/BZmzvHTOO7HBGU9iYlA0NDBKVFhGc0ROOGxOZ3pwcWphV1NoNEpXbmtldUo2UjdvR2F4Wk5PNW04N2lMK1R6VldOZGtabXlIb3RRb0RpcTRvYTBuQXVWOUxZN3FRVHVmR21FMEZKWncvT0RFMUdTd1dIL1hyQnprUnF5MHBYczlLUkszN3Q5dlNH,https://webapi.bps.go.id/download.php?f=aWGKNz0wapiw91t8zgMkbmc3NzduYS96M0NEMFJ2aHFGWlNobVNvSndGLzVISE9DWE03MTEyZDZDYkE5MmlvK0F5UU43YjBEejlKTDY4b2ZaUzhPSFdBbWE5NHB4YTU0RHlYcWsvcm5CVCs5UUpZSmFYMWRGZVdHM0VGQXk0cGt6KzZqL3FmVzYyajd4SUdFbnhycUFRTjhHTFhMazY4T3ZjTU85UUQ0Yzd5dThieFhva3RCMDNNYythS1o2cXd1VGE1Ri84V1d4UVY4Vnp1OHZGYm00eUtYZDdTNXFRZXM2T3I2b29LVmoxcXBzVTd2a3h5bHZsSWp2U3E1L0c4WFc2SjEzNmxIRmh6ejBGbWVxa2FWWTFDOHM4TTZEUEw3SzROalpIQnJzelJiVml5ZVJiejljRDU3QlRmV1UxaUc4WGszZEY5dWpVTDRmdVZFR2sxQXRPN2Nqell5Wm9lZGVWSUJPZzJleGxjRmwzM2I5YUN6V3dWV0UraVltWlJsakc4TWxrTkJteGZOVXo4RGZnQkZnTkxISTZPUmNKb01nSmViOHc9PQ==,2022-02-02 00:00:00+00,brs
3c34c353-455d-4c41-97e1-c9ec1f52de70,Kota Malang Dalam Angka 2003,view_pdf,https://webapi.bps.go.id/cover.php?f=Zon1+aie1qv0vI5awT6T8m1ReGlNZnJzTkZHbTNRK05iVUlLam5RWURiT3Jwd0s1RFNRZnlGREJxVDVXcmo4ZFIrOHJ0TVhJVFBHRmhVLzFNbkF1c1NWb0ttYmRMNW1qemVITjAzc1dhdHdrL2RWbmdHRXN3Vm1iQ1BleUxEWjV4RTd1T1Q5eHBVNFRRRVNj,https://webapi.bps.go.id/download.php?f=jbajKQMu8kZy496pye3E+k80MG0xYVA3YjQrODEyS3pOb2NVVUJEQjNhYktqcElIMkZvbGI3aVFkTFUyUFlmTHFHK2g4V1hqV3JQUmxVVkZISzc1dTZUWHppR1BKOXkyMHZmdzY5YnhaQWJ2MDEvdUU0Rk81QUJvbUFEM3NKa3hMQ2U3ZGg2WFBPSXVBUFVMYzNnMXBIalZ2UzRFU3FkenVnd0VqWjYxTEVuMCtrTUpUVXU2b2dvTDJBTmtxQ1I4VkdLcjNRamdrR2IyZkxCOGFnWlQxbllWTWpJZ05MUlNtcFA2K2VPd3lwTHNya0M4Y3k0bDNGL2hDeVVib0JvZTIrYldaSytFRVZQSitRcUM=,2003-09-01 00:00:00+00,publikasi
3c448348-0c49-49b1-a89b-b935ad0ef435,Kota Malang Dalam Angka 1986,view_pdf,https://webapi.bps.go.id/cover.php?f=8ijGna6vwehtOJq0V9ZEeUUzSERGTVV0Z0wzZG1vTm1ZVWJJL01RWU5td2xoREVpcmlGTUNuaWJDNFFPaWZwTmdQNU5iK24vdFRXRTE1REt4c1NRSTBiQjlMRHFrcE14MlJRVDdMcDdPYjVTN3lpbHlDQ3BiNUc2L3BXTkIwMmNXNGx0bU9zS1ArYzY3cDMx,https://webapi.bps.go.id/download.php?f=JepwfdpNPjO9UwWSvTgLSjNPTWFtb3NwSmlEMzJmUVYzWG5hbkNob3l6aU1oUlkxMkJ6Q3UwZmU4UXl2M0x3TWFheEcvWEE2KzhXQVVCTW9hVXRWZDlwYmZtOC96Nkxmdm10TWtBMEhkeURONXRUdCtLU2ROWHBTRFJGNU1LUHZjbzY2UGRJTWsvN0lRcXhGSHlYaW5leFFQZDFYeFNoaXJQb2dDRk5KTFhvOE5Ma3RNRTRCVzVXWG1nRGtTQnVJUXFvOFVjMW9maXdPejFKRVlBMnljeG10bTZtcmEyaHl1eFlTZWp3WTVxY1ZLS3ErOGQ4cTRTVGt6NDl2L3ltNENFQ3JMQmRkSWdjSG9BNDM=,1987-10-20 00:00:00+00,publikasi
3c5ee7ab-1c2c-4f5a-95ff-7ed57dd25104,Perkembangan Indeks Harga Konsumen/Inflasi Mei 2016,view_pdf,https://webapi.bps.go.id/cover.php?f=ZWAojwXCTjjPVupm+BgA1nJvWVZiWlgydER3OU91VmJMS081SkovNHRrKzhsVHgvOXdXeFYxRkJHY25yeklDYUw0dlRXZUo3TXJWSUIra08wUkhYMDU3aGI1MVhrQUVRNTJ4S1p3PT0=,https://webapi.bps.go.id/download.php?f=6VMgejG8Qs4IWU0Sx95z02dVVnEzYkY2cjJoZTUyQmw1cXJrN0dyUG5aNDdPRGdYUWdJaDFFTkNGaVVaakN2c1BoZkM3THFSZXBVMDVpNFhMUm4wZlRXVHJVUFZWbVNpS2d0ZENqKy84V3QwR0s1RkNHbUNLRzNmOUxVVHV4NHIrVjNEV2o2UElMSkx4bzgrdTM0L3pOKzhUTzQrUTRnK0wrYjg1eHF0d3JOK1dzVGdpZm85Q3Nsb01JVzlQZThST0RYTVpzMloyeklOdXd5MzNXVStJVmFYMGl1MGpUZi9HNUdsVi83WDNjSE5aeTNCdzA4NDVqMnVkbWdCdkNXcW5zWE1vbVRYQlZjUmh0RmtoaHQ5MG9CdzIzS3RZS2NmTHd1WWpub2VxYlJKSU1qMk5Ubml5TVRPNUNISWlJcTEyM2I4SzRETTVHSmhNR0RqOWJoZHpMR1Z0OFVLWEQrVWNFNy94L0N2SnJ4Q3p3YjF2RU9oSll0YzRFdVl4eFhQZGJRYlRnaG1Tc1NkYXVmVw==,2016-06-02 00:00:00+00,brs
3c7e1e3f-fd13-4512-9b3d-6e4f84bbf3f6,Kota Malang Dalam Angka 2011,view_pdf,https://webapi.bps.go.id/cover.php?f=9S27X3jwWPCY94t1CwXsMDM4MWRRVlkwMWExdFpJUWkycUJ5TlREMnBKakZwMFpPZllsb0tMcnJsaHFrNytvN3lpWGl1ZTR5RVk2VTZBRVhYRjdyVmhmbkZYRE12aXhXRlE1L0JFNTFjejgyQUx6bS8wVkR6YXVaOW1lRDJ2aFRKL3ZLZTdwT1FCQ3B5azc2,https://webapi.bps.go.id/download.php?f=LIvbb+TpuEGjwDG4r8z/PTR4VmhDbHVmRHJCTEdwWEExV3UxZThmd2d0SENaaERwaXdYOStnb0c4RFk4QkEwbHNSMUhvdkVOTjlMM1JpaXlBekhxT1BEbkJadTdWQk90cmFUSHJ6NEkzM1RsbGFDRUFvT0hBTUd3cmVLWUw5SjAxNzVZVlRUUVFKMmpLNGJpbkhNZzVPa0pMUVRkR0NSRjc2RkE4WnBoQnN4d3N5ckovbjU0RllZU0E4RjNJMTdHbFI2Rlkzb2FYbG9jOThidHpEakJXY3VxUUd0RnVING1vVnVMMmdmWUFCUkh3S3BCZzI1VkFUMUJPVnp3VEpkSk1EbmJjVmhLUE95ZE40SXo=,2011-09-01 00:00:00+00,publikasi
3c95d07a-82fd-4b0a-bcd1-d1fd0fe4b08c,Kecamatan Klojen Dalam Angka 2001,view_pdf,https://webapi.bps.go.id/cover.php?f=hKJauAcwkLA26U7Bp0lDljRoaUlVc3lnblZPa1hPVUtYY3JGV1pORm1wdk1FUWtudGI1a21VY0RaWmVick1VZEkvbDNnZU5XVjRQSVA0NEoxVlBlcCt4dXN0b1JJN0FJTFExWGZMYUo1LzhJeWJFL2wrRWFBU0hWY0psdmliNktEY0pWZFJMbklYR2JsOVNk,https://webapi.bps.go.id/download.php?f=ZKlsTYtLpj2frNOdratTcXFkbHZFYjhjdmlSZmVJWDJSZkdaeTJsTllQSjhFdjFlejVUWGNqeVRxRVFXLy82QTRFYmFya0R0VG9mOVEwZ2VwTStoZE5CYndSVFVxTzJ4V1NQd09vSjdKcDRpQ3NHdTlhS28rbXFER21DaEwwZWFPZXBrOHVGbnNkOGRxMFFaTERXTTlmUGNXRWVBYTdBY2FublhFUFZXRmFzejhabUNqQzFDeWNYSlJsQnBYQWY2RFBGOGFZQnorZ3MrNk9wZkNNYmFtbHZSaVpBVzlSK0YwNGNoVElyamZXeGxGMUtPYTdzQTVoS2QyWWlCWGp2VHVlTlE2RHJ4Ty9JbjNVdEc=,2002-12-06 00:00:00+00,publikasi
3cf30593-e4f7-4ee6-b5c5-8f3e865cc1f6,Kecamatan Blimbing Dalam Angka 2016,view_pdf,https://webapi.bps.go.id/cover.php?f=AXSKsqfFk0EWFpuU5uro9kJzRjBORnR0SStjcHlIczgvakxPN2NjYmNjcEJsdmN4ZnhVaFB4TkFvQTUvZHlMTXZ4ckFRRDBLSFFyaGRRSUZ1b1M5Rm9CM2N3SHNyWUlOVlJhb3FnYmRsTTBUNlBuMDg1Nnp2VmNUY0s2cWhpOGhtTnhEMjVaMEtPZ0ZPcHV1,https://webapi.bps.go.id/download.php?f=Tjo4WLMgeIXNMlFNqsiuLHV6TC90ZHh1eDFUdHVDV1Q5UzNOcW5zQVYyRVJ3bDB1aVNtV2dseGdLM0t5QmVEaUY2TVRtWjVLd3JNdHVlbG4wczY4MHVWaGR0S21TMkhDb0xIRS9XUm9DN1RsMTZ0YnZJNkVOY1RzbjE0R2xabWt1NkJRNFVuSjRscitsUWwzNkpLOGNSeUxiTWVRTThvbFJDZko2VGJBZ0N5SVUvWHBFNE1BT0Q2V05oWnFwdEM5bUU3YUlKWXZBSE40anBHQnRpdmlTVW1KTUhDZms1U3IzR1NVelNIUytVeVp3MmNjZ0xmN3N6UFBsN2dVdkJrcDExYkdGQzcyMjU3N1lxclo=,2016-08-17 00:00:00+00,publikasi
3d161707-9587-465e-a526-49350bba7520,Kecamatan Sukun Dalam Angka 2013,view_pdf,https://webapi.bps.go.id/cover.php?f=G7iSxNekK9Q27q+L/D1YaWlZcWQ5Q1N0WDFDd2p6dHlJMVJWUE5xaDZYSTlrUzVYL0JyaXByYjY0M2dKTHVjZzk0WWJEbEEvRy82bElWYytTeVZ5K2hmMGVpWDgxRnhUcVpvemZxNURHSzUwNVRNYWluZmljTi9oZDVyWldWbnExbGRPditITWtKS0xoRjNG,https://webapi.bps.go.id/download.php?f=rImYDLc3ifepksdBckJ4CXp1bHYybTEzSWNwRVRyNkpDZGs1RTdVRHBxMk1PbUJkVWs0dlhzSVU2QWtjNnBkQ0xaNXVTYkhueHZQWE9YMHN1ckZDNS9ia1pvTmRscVEvQmZNK1kvMlBSdnp2Z0R3TGlFYnIzbjBwU05HcktZd0drM25pK3JsMFlVVUowVjRCZ2FGQmdrNi84Mnprejk4VmJzaHNUOTR6TUJHS2VaQWpQL2YvMFNtOW9tUlkzTFh3dDJyejlva3lnTDFRdFQwOWtxOEJYZ0o3UDdhRWc4ZEFtNDg5d05QMlJHd1YvOFhuMUdUek10VXRuL25tUlVvekdDNVE2SURRUitobjB6bnE=,2016-02-21 00:00:00+00,publikasi
3d8eeb62-4e06-417b-a729-c7049d62d1b5,Perkembangan Indeks Harga Konsumen/Inflasi Februari 2018,view_pdf,https://webapi.bps.go.id/cover.php?f=ku8Q2SL13W2+XfKqxpuzG1IycVFXVnZiM2tvZ21yRUl1dk9EMjdyeU10aVpBWGhPMTNzdDNESGh3cWdYT0RVREFCZy85OFpNMzNOTUZpYmw1eWZ3S21CSkUvcWkvNXNCTmFNUUlnPT0=,https://webapi.bps.go.id/download.php?f=CxVRwv514/iyoNI95xu20GdGQmJna1VMNStrdlZ3UnVQSHVwV2hrekNPaGtyUVVUZVF0M1hkZ3V3b3B1cUNxMGRRM2JUektxVE9IeUFYUWhzRmx3TklCNTlBQ0svYkJoR2FkZHBDVmNFb2V2cGVvaEdGdVlUYjE5dGlYVTNWNkVZR2g1R25KY1lCV3hnZjZreFNteEw2VkNZZ1k3cHNCczZIVktWZnU3TDJYZk1FdFliTVhlTmt1ZVJUZGR5R2dPam9meXhINWNraEREUlAxdW5TTGV0OVBGL3gyUGVLU1E4V0NjODRCVXRyYTNGd2g0Y0lkc3pzWjF5b002UXg0bG40dkd4SkZBZWlrS1NXekwydkJ3eXdRd2VvOGxHS3lnZllvK1p4Ym5rZFFzeC8yV1dMUDBpM0I5d1RGdVkzWVZ4eHlnNXkwcG5MUEZvblhoNnVZY2diSzRtQlhtWU1WL09wK3hEK05oK1JXSmdVYnQvNXR6aEFpMHhnUjV4aTJQclVnNkpNSi93OXNJSjhJQg==,2018-03-01 00:00:00+00,brs
3df7b5f3-d1f0-41bf-a55c-67fcb188c5aa,Kota Malang Dalam Angka 1985,view_pdf,https://webapi.bps.go.id/cover.php?f=JqI8HYWXF9PmT8P4bmvaTlNtY0tpSVlyMHh4a2xSRXBPTk53aGlScTY5azE1cjUrbW52R0xWUG83K0FEOUdST3YxK0s1TzFrVkovUFdWZEU2dkJoUkJHbk95N2JEUFhQUWxxelRqY3JOZlYzT3NMYmJ6eVAzeVp4Y005SDdKRHF5dXJWNEZNMXVUOVBlVEN3,https://webapi.bps.go.id/download.php?f=tomcdhriTpx/HRNzL5mBoXdYRHRzUE5ZMy9nekhzbGVRbTZwUzNzWVRoRUVNYVFyc1ZncW1scFNudDJyeEphUktmNC9lc0J1aTlkRG5ZSkxhQncvT0VBNlpqdDhVU2RYbm9MUWxsd0grNGZjbGxBUjFKZ3FML2ZGR1I0UkVyL0Q3YTZrb29pSVFldE44OVdkSmlrT05YRWR5enFKTUVOZ1BLNEVTQ2FmakhTc1FNYytqeEd2OWV4YndLSmZaaTZPelVhQWMwVWx1KzZTQ0szSEoxM0FJV0xiZ2U3UFpYcjVzMm42TEdDU1U2ZGNqaWNwUWlMTlFJL1l5bnU1N2czbFB3SDh6OVRFUFVwOWxMVXQ=,1986-11-14 00:00:00+00,publikasi
3e1b0880-d276-4f42-9cf5-fa9e8538d8d2,Perkembangan Indeks Harga Konsumen/ Inflasi Juni 2019,view_pdf,https://webapi.bps.go.id/cover.php?f=W/F75i4FfICprd5sbQnPSmRlYmxwSHdOZTI5bmpCdW91WGFzaWpJd0ptNWIzQ293bGsrWlNOWHVVYm1GSFpNVWJXRzM3aXI5V0JqcmF0dGZLeWNrVGRKTHZncUR1aTh3WHk2QjlRPT0=,https://webapi.bps.go.id/download.php?f=vzFWgW8ZWZxFyAA/4NcmuG1PaEpDUmFBbUpLUVNmQUhsb0FvdFpLekJwc3JWTzJVM2NNUVFJQ3lCSTdRbENKdy9zcVZOdmRJL0NCV3ltNysvdzhBUG1lbEJYSlNUUGpYcWRwampQZEFGMVBUMFQ0N2dLaEJtWFpJRmtKdVB2bnBWcG1XbWlnY0h1SVhqcG1mREJXVEp5N1U5QXhCZnk3RFJCcjV0b21kanFSeEpUanNuRk1IU0FSVXZQTmsyV3IzU1NIRURFdm8zM1paemNWQTJVU0dER0tKeTNOb2R3M3NEZGlnaFhvNVIrLzlycXpUMGtibGk5a1Vnd1pvN3dHNXdMeVo1aXVEVThjMW1MdEl3dHNJRmREcTB5ekpqSUNLT2c1Z1NTQ29OelUzN2oyS2JBWTQrOHYwVW1uYnVETlpXUUdaU253dEhXUUgrbVlNUmdTMUpzSVBqbWYvZlVNN0s4dFBOai9MT0Q4QnBweVIwV09sVk43Vkt4L3dOV3I2WVJYSE00YW4yWUFya3RSWg==,2019-07-01 00:00:00+00,brs
3e9db232-9050-4958-b506-07ed271274dd,Kecamatan Kedungkandang Dalam Angka 2005,view_pdf,https://webapi.bps.go.id/cover.php?f=xxoC5eptytjSQZn0vRAufmZXRWlvY0l4a2xwOFlvcWZCUWZNb2Fjc2ZsR09qSldPVUV2WFlIQll5UUVGNDRTRXNGa0FrcGwzVDl2ME9oS2EyL1lBcW9tYTNZUHpFVFBHTXM5TWdSZ29IVFBmWHRhUnN2WlNMaGlwTEFOL3orWWJGY2lGM3owMDRsSXNUb25t,https://webapi.bps.go.id/download.php?f=kJhqcVDvsVisSYueudqWh0M1a25HdEJLdUVaNkJDemkxTDdNUjVLUDFZdWdQcENoM1RXVlU2UExhLzQvQ3dTSFlsUjdJa0hhNVNJSlhOOXhRWXh6NFVFQ2NsdFpCbnFJOXdZOW1MSmRuT1hnZUpSdlhJNGNTVDdwNFA4dkhLWkVhUi9LK0R0b3ZwT2g3Y2VKMEF3djJFS2U4K0VDNUNVSmk3WEhqNFBjYy9QQ0htbzZrWHlZaDYwZjVGTFMvNEVJcDRad1l4T2hUL1hoaFEvaE91eUpObU9JU3oxalBXZjV5Sjc2elJMN3JmbmJ1ZTg2ejhaU3A1RFQ3bnFid1BOU0UrbWE4aDBEUmMvVFlhdUFIZ3pMNEl6YXRZRm5reW4wRHNuV1ZnPT0=,2007-01-12 00:00:00+00,publikasi
3f2e3e16-ed2d-4680-b7a4-92ead7568dbb,Kecamatan Sukun dalam Angka 2011,view_pdf,https://webapi.bps.go.id/cover.php?f=14VNBKoBdXX5cQa8jRK8his1dTI0dEdhaE4vUmRaQ0VhLzFzYWE4UkNveTFDdVliS3hqbEJXSUVVU3pXMjJHeVhhRDJjU0dpM1pET1FZRGFzU3NOVjNLNVVBTExLTlQwTUpsYk93K2NHZGdPZnBLa25RMmtIbyttam9JTEZZYTFjUGMvdk9SOFN0M3dlekF2,https://webapi.bps.go.id/download.php?f=BHDBR3atxjg1/uX+eCtJW0Z0WEpmSmQ5RUp5RHpKTVNDSUFPbXdpc0pQWHNOdC9NMDJMMzJxeGlJdmpOMWNwendHRUYvQlhBay8xOTFCSWJxNFFsQ0pvdS9kRWdzcU5oVmVHNDFiSCtQTWpBYTVUYUp3YW9sdmtYNk1scCtvMmo5T09NTVAzaGx5TGNGb1Rrdms0YU5kTnNlT2lPcUJ4OE03MnRReDd2ZlVPTUkwaUladUIwMUNjenVQRmJZRVpWTldwVWd5L21lV2tQdUZBVk9oc085ZFNZM0lHR2dEZVpSakg0SGcwWENBV0xzbUFTbDhpQzZIWEF2MkIwR0tMbktjY01Ec1Z3RGxzdlEzUUk=,2012-01-12 00:00:00+00,publikasi
3f4cc9ef-f459-43bf-88bb-92a8fa082b3d,Luas Panen dan Produksi Padi di Kota Malang 2024,view_pdf,https://webapi.bps.go.id/cover.php?f=4ZKm9jsVfU8JhHsn9G0RUjNsRnZGTTg5cnZsMjZLUGgrdWV5V0pHTDNiSFBCOXZuUXhneEpzVCtVVG1yTXN3SmFManQyUExmaGtRN3JzWk54TFMzV1R6S1luTXF2dXFXSFJzbkFLSEdsYkNhSnJiY01RVVIzMlVWUUtmbmhCUDJIZmpFalZnN3k0TllpU1Vw,https://webapi.bps.go.id/download.php?f=xvhryvEvjtRSOh0/L2ExUm1nWFNvMDE4TW5Kb2ozUkpuSTFzb3Z5aXBDYVdJM2VCYlBMQmw3bk5ma01NMHlxb0FvTTV6MDk4RGZTU0EwVzZRb2lQc0Mwcy91SGJWeVRPUExTTjd6T21jWEtjSUd6bjlVSGh4a24reDlTYWN0M1RHTmY4ZWREaGJuQ2d6NG1oU2hPWmgvcGRuTnJiK2ozYWlsNDQ1a3ZIa1ZUblhxYUR5NEM5ZSt3bGFYWkhPU3R1QXBmL2U4Z3FIcmF4MEZ0Y3NuQjlOLzkrQUxDR3lTS1dpRkMzOUtrNEp5THN0bHdWTUlVU0I1SlVJM0hNNWMzYURXeEJCbjdvR2RLWU9YWjU4WlRzVm1VVDdIN1V0Nkg3bE9wclRnPT0=,2025-10-30 00:00:00+00,publikasi
403e30bd-f8af-4227-bf38-7edcdeed8399,Indeks Ketimpangan Gender (IKG) Kota Malang 2023,view_pdf,https://webapi.bps.go.id/cover.php?f=wgH3FMLlegILBSPfwaBa2nhTdmMzdVBlNStEMkVKOE9RWHFDVU5IdW4rSk9BSXFxUHZ1QkdFMUw1ZC81eTU1VU9CWUhDTDVQOXhOenU0WGdoUlcrUGlWb0NjaHZkeldsaUZ4Q0dVTFRWajRMdU1iNXRXMC9DcW90cmJYUU43YnIrdGZQbTFLWUJxNGlpeDdHaHZXQlZRVlFFRnI4Z05oL1FzZ0laQT09,https://webapi.bps.go.id/download.php?f=urJ26LQ1KeT0vCG/P07TLW52MlErMG5pRFJMYVVDNG9WZGc5ZUdoeW9MS2pMeFZUeXYwYTZzekZnVU9xc1NSS0poK3NSN1ZPb09ZSVdvbE12VS9yQVRTem8wK2ZacVFiWUxsd3hYZmpXdVZpeEIzbzRQMU9KNko0eEllWmFKTDdCSVNZVnVuak9GSEp0aTlHdm55bVpyUThhS2JCa0RLNXdUTDlra25PVy9EWHVKNklKTHRNcWMwdUYwUnZEMU5Bai9WOU1SOUI4WG9vZllsVUM3OEdnRzdqL1dhbmdyOEtkbU8wd2xKMEdqbUhsYjZ0NU1LalFhMXY2S3RIbDl4dTJOeDcwSVE1UTF3aFREN3EwQTJDM29QUFo5YUZBb1BxVVhSNjRlbXR3TjJtZndtY1k3N1dRZ0NCR0ZOcXlqeVpBNlFmdmdBNDNTeWRkdW1wa3FOUUgxMEZuYWJON3Y3RUxhMCt6ZFprWlFhYU03UUE0cGZTVkt2cnM0NGRoR21QWGZkQTZMakI3ZE5YVCtsUQ==,2024-08-06 00:00:00+00,brs
40406693-f66c-4e4e-a8a3-d89fedbc88d6,Analisis Hasil Survei Kebutuhan Data Kota Malang 2020,view_pdf,https://webapi.bps.go.id/cover.php?f=XZH67MEBYoWKrV3FbGvNqEVFTXJpaEFVdE5WYStCNlFxVnRyelNibkhld3lBTlVLeGtjejlkR3RzRGl3b0Jvcm5UbFdCSDYxZ0lxZEJvVkFGakFiLzBlM0dTeWh2ZENRd2FwT1JmcE5wUEdVMlVrdmMzWG9WeTlKczBPV01UWTBwZ0hzeXRES2UyYkk2akF3,https://webapi.bps.go.id/download.php?f=vqRQ/xXy8SUqqwPjrjwIdTZoekM1Vytwc1d5c3QxZmpObUMxSlpXZ0NPM1NKQnMvTk16M0dqMVhaSG9OWERxSDkrekRLbGFsVGJya1lRQjNWK2ZLVUM4MmkrSFc4M09tWEZIMGRBemR3TzRBTHNHckF0K1ByQ0VaNGUzWWhvdThRV1QzRWV4TjBLaUN4SU1wMjNaQlErZ3ZDcGRUeEtwZGx2eWY4Qzd0Y3BjYlhIQ005WlNqSUduZ21ZMmlnSEVZVTBZRDVxaXd1dzcyVmptRzU0QTdDM0VmSVhCVE9NcENrSXpWdTZYQkRKNFh5OGFmRlc4R1hWZHpNNGl3UWZCd0hwMFRyc1pBT1Z3aXg1U1FzRWVzYi9ZaXlnSGtiWjc2bjBJaGJBPT0=,2021-03-04 00:00:00+00,publikasi
40b6cd9c-0e08-49c8-91f6-8926e2cbb76a,Statistik Hortikultura Kota Malang 2018,view_pdf,https://webapi.bps.go.id/cover.php?f=UP9wwkwTDbmsknRiluzgD0UwME94V2EraWdGbE9yS1QwVGxuZzBVaU14YzV4RGt6QnV0QnBhdHVSZHRHNWRHcFE0UXgvU2NCRlBPQnR3K1JiU3hGYkVIcVJuYUNTbDYyeXdSSmEwNndnenVtRXZKenA0dXJmaWpRZ2tBQ2xjWUpMYXhwOUxzRnNCbVV2MUJw,https://webapi.bps.go.id/download.php?f=YHEEofeoTe/en6dBXTn9bXpOam1MSUdmenhqeTRaT3JZVXRJdTIrUVZCRWNwQ2VwTG9SKzcwM1REYUN2S1NKbG1MYWRzT2lHdXRvdC9zY2RISUtzVmFtdUdNZW5CeVl4Q204bVU2QjlOeG9EM1JPZ0lvV1BZL1RBZzZ4b3dUcXFYMVZtTkVpU3ZpWkNSeHRVMGpQVjl0SzdQbUpaMGphcE16bTNmVm9VNXg4bkxZTGs4OCt1K2krd3A0OTJLTks0YmpaNXhqVnlHbjc0aHpCN1hPY2c2WXU1VlZLSkJZbVVkQTVVTXM0QVgxOUREWHBvQTVVdkF5dlpWbmNsTnRuSmhzV2FWZ1dZT29RRHkrZjkzZjNsTDNZdGdEMFZ6MTR2Ymh0UVRnPT0=,2019-08-30 00:00:00+00,publikasi
40cc8c4a-9389-42a0-8638-8b2df07caf31,Perkembangan Indeks Harga/Inflasi Oktober  2017,view_pdf,https://webapi.bps.go.id/cover.php?f=ZL/q/W9bbFeyM/UjJR86oHRieTVFUFVheFZyQUNPdS9OSmJISDM4TWJjSE5nYVJsTGxMTXRPeUhhK2ZxemVSY1pOcUpvek5md0J6Q2xEejNpd3J2YmNBT2lXUHFoMkFJUTJsS3NnPT0=,https://webapi.bps.go.id/download.php?f=zX76nnGIYuS6EYA0ehQip2pVN01oRUtsMnRpay95WURxUWswUER5OHVLUTlyUFl5dUFxNWZwWGxralR1OHNxZ08weThMZ2dOdWt6ZkJLWjM2Q29SbGFLaGo3dWxuMWdUR3VuSDVvM0l2TXFleHdMcHd3R09qTzF2NExaWHFHMXlPMytrR2RpdnNidHhqTnBVRHR5UWUwZjUxR2VVbnZwN2dsVjgxNkVEQ3FCd1o3MFVKbG5VWW1QTjh6cStvMm0rYi90UVFUcU9hOXFCbkU1SXpvdDg1L0p1MTN1bnl6ZExVdERTWmQvYk1RUXhKeTBYNjlMU0V1SWxuekRUQVZIZHhTWmo5bW1DMmdkZmdhR1I1aHlxMEZHSnltallRZFZpWWpHcTJSc1p5S3gxNERqSDk5KzN5czNXSlFkdmhtQjloZDhadm5DZnJyc3RTY2dheHJCMHB4N0lZUkwyMkptRWczWnh1Y3VIY1NDem5uYW5WbFZlK2hYL1FweGIzTVBIQ3JaNVgrWm9XbXc5YVpxWQ==,2017-11-03 00:00:00+00,brs
4126aa70-bb06-4c0b-9ab0-8e25106d49d6,Data Strategis Kota Malang 2019-2020,download_file,https://webapi.bps.go.id/cover.php?f=CEAHWW0tH6LhyANn/GdDyDlsRjlMWDBJd0xRT1BORlE4Q0xJWDJTMTBtZzlxT0RtU3ozZ1QxMkJ0ZFZPR2kyZEZFOWk2REY2L0pwLzQ4eG02SW1pRmMreEhpcmxtL25NRU54elJaeXo5UWlTMzViZDN4YStMZElCaFUxOFE0Tm1KM0RYZHFiQnRZRmFnaEE3SkhkN04vWUJ1QkphSkxTRkRvVGRYUT09,https://webapi.bps.go.id/download.php?f=Xn9T9OUL1iqywGQ4MwF2sjJWVnZmajdXOGd1Uys4VU1hUEhHdmJlalhVbDNKSEx3SXpUVzMyRERXdFIvY2FIYkNwNEhxcjc1K3p6N3A3S1piNGxZc2dLRVBMUE9JT0x5dUpnN1UxenZ0SUh6UmdiVHE3bm9RRFE4N09RekJIOEtGNUM3RUMzR2dNMTR6U1pxdFVDa3E1ci9HdldKbDBWMVJCdzZKK0F5RnFoUEdIY1hkcms2OHcvVmlXWEF3Y2l3VDBLdkJ3YlZjcmdUTDh1RTYweVlWTGtSRjZKNzNNSmhkcGphL0xNeURHR3J5dzBjMG1RMU1wSHdsVzg9,2020-01-01 00:00:00+00,infografis
420da08f-114a-4d13-a1f5-94e77fbd4aa5,LAPORAN EKSEKUTIF POTENSI DESA KOTA MALANG 2018,view_pdf,https://webapi.bps.go.id/cover.php?f=w/nBNWQHOt/H0DpKMOaeTnF4ZTZUNGxIeXFJMzNZbzI4UGczcXkxY1VUYWt2STQ4VkNBMVhLbjhXV2l0V1V1cDI1ZytaR0lIcU15bjdhMWtSTFdjaWdrcVFLSEQwTlBEMmRtcnpWUHlBZ04xaXBvalFRTGhwd0Y5VWJ2T2JDSy9YUzJzN2pwcXl4NHl0SkRF,https://webapi.bps.go.id/download.php?f=zX1tBUiXstftWJb0J12S/VVFUW5IcWJWL0wxV0hueWQrUmhNVzFFQjA5RWxhNDQwRDJzNXJFMTZqTFMyL3BFNi9xRGVLUS9ONWRzc0cyODB4RlRhcDA3TGsyQ1o2NVVkbjhzQjB0NTZzS2hBNGpLMDdyV0NUWG56QkNlR0ZUV244SW5RT0ZqTFpIeGJVN0RFNXFYbHdRbFhZdzlxZHNnMm1paTV2d2RKNVJ2K0gvL1NwU2dsRUN2Skx4aytpeTJ1ZWtkRU9KUk5IRXRGYnZtWFJsS2xqRU5IQ09nRkFkMTBlbVEzRjZ6SWpvSUEwZnFFbS8vOEhsUXZDUWFMc0NEUW5IaE1UalhEblZQMGhlK1g4dXM0UWFPem5Nd2dCako5cG5aaTNBPT0=,2019-04-15 00:00:00+00,publikasi
4214ef5e-c9a6-4f77-8698-9090e4b0a5a1,Perkembangan Indeks Harga Konsumen/Inflasi Juli 2012,view_pdf,https://webapi.bps.go.id/cover.php?f=4EcqzSq5WdcE4iKVvit6LVFwdGdLTmxrS2MyRWNOREtWd0VxYmZYM1pIV0pNeWN5d1lncWp6SkJ0M2dxZWVGMndTbnI0MDh3MHgzT1I1NWNETzBTNjdOMWV1QjkxRitPQ05yZUl3PT0=,https://webapi.bps.go.id/download.php?f=xwhacYlUpIsqGtOswCI9+TF2OGtnMGNxREF1d0Y1cnJ3cjhWZXp4cytoOXMyMEhRUFZSTzNQMW8xSTdERWNWbDAvVFVBQ1dseCt4QTBUSEpXakVNWXpsL01PTHNzQWNVb0w2SjZibkJjUEh1S1hPNHpkQmF4eVBwRUxhNytWV01obENEc0xxMHhKNW1ER0VVR1BqVDdkRGFuVkMrWEIrUUpsYWI2aXp2WDdNU2VRa0JCT1dnejFWc0wyb1drdnFHU1dLSjU3K0xtWlFwdmNvRzgvTDUzQzBoZXVJYkhLUUdJWFBmRW93Y1NwSVU0OXpRZXBaUytJU2tqY0F2eDVWL2FEeDNybzZTSTZCeEtQZi9sT0NuRWdTMTBMRElOVU1sd0g5QlhhZ09oWTZMWW5jdEVZb2Z6clZaOGJGbzBWNDZRSnRCeHIzejQ3cjZLVkNBN2M1K0VlOTJEdHBHNmZvR3hFdm5RZUJyWnVETFlUL1ZibUFWcW9Scm5QalM3YStod3l6K0E5SVlzczhoQ3RMNQ==,2012-08-01 00:00:00+00,brs
423e8ff7-eb17-42ab-a82e-688db4ec3bcb,Luas Panen dan Produksi Padi di Kota Malang 2023,view_pdf,https://webapi.bps.go.id/cover.php?f=yzjAulDIJx1CpWv3Er7aglJUMTZ6MjZkc0MxZ1dDZ3FEMENmaHFlQ1kvYVE2TEF2U3ZCVCtJcFFJMDZheXM1aXRnOHlqdC9iOUVyZVIvS1BnSmh2bTVkN2ptV0NaSUJ2VFJQaWFwUzFrcTMyTm9RR1o5cllmMHVONEVvVTdiMlJIZmQ2R0JpVS9NSzIwdXY4aW1HZWpzM3FqS2lwMVFDNkdQZWJPQT09,https://webapi.bps.go.id/download.php?f=qpNFLRRC22/O3tZo4YChCVUrL0drMC9oTnhkN1lyMWExd2pkcklUNHlqcm50N0xOek5taEVyRmxkRzRhYlhYdDVvUDF4NU1KeWNJd1pkMlllUGtxTThHUksvUjEzcjRTVTRJOUhDK0xjeURlTVhjR0EvTndNdGFHRG5ISDloVGpyZHBjN0hQM0JIVXJHT2RkOGp0R3Z5SHlqRjMwUE41TndwRnBKMmlrQkgzUHZ1QlpJb1NnQzZUMXNHZ2hBUm9IS2NuTDRzaHJiSFVBelAzNm52djgxWm5ZbUcwRnErMTRqcjEzM1k5UzI3VU5abGNQcUVGcW9rcDN0N21FN0NIbWNyaVkvZXc0TXlybzgyeE9Rb2VRS3duZEFVTVVneTFKNkxwRUgzQnVUNUxNMFNIUjh1NElXZjB3QWs4RkMrWnRsczlTd0Jhdk8raTlGQXRYaENMcjJqZ2F4SDhEbXMvbnVZTHY5c3BIY21CWjJDT1dwUVVZeWdRaUh3ZEd6YW5pVmdEalB3WnZWZWNHVU1PTQ==,2024-04-01 00:00:00+00,brs
42f0a8db-43f2-4969-bd9d-15897fbeaa59,"Perkembangan Indeks Harga Konsumen Kota Malang, Mei 2023",view_pdf,https://webapi.bps.go.id/cover.php?f=4dENgrNtrA95oe3CVJ9q7kwyNys3OTZBalliWExEd3ZKeW9oNjlIUlFQcUdYb1d5djVmZ1F5NFl1N0lSeE84cHltcnUzOENqc3MvOEF6M08xcTVDVW9hUGxBdFcva2cxVk41UVk4N2NMakQ4eUhWQWcrWnc0eWZkcktLeDRBeTBaUTkvUXZmVHQvR3hBa21rMExTVG1haDNRdGVKSmZFdUNvYkIydz09,https://webapi.bps.go.id/download.php?f=6c0tjZsOonGZgmKUoVV0yzFSSENZcFlBd1VBUG03Nlp1MzR4eWR1M1VqSVBpQU5zaW95NlhLUDliQzY3VU5ieDJjcVB1SjJVK1BMaXN6bTJUbmdpRE8vQ05xL1R2VUFqWXBCckxaOFhPdmxpeDZFQlJybE1FdUpCQzNwMzRaSXdHNjBwU0FVYjJiYzMxU0ZjWTYrYnZFdUVRZ0ZheFJkOWloQUxXTWE3aVkrRkpBZ1BVRjhSem56TGFGd3lwdS84WjNwZW94SFFVYlo5ejFrS0F1Tlo3YlV5TVJJRUpNa3lwenpvWTZuc2NQbU1DMjJNTjNYU2FmanB2UWI3SVN6NmFzTnREZGdjdENHTE5kR2ZKT3JGR3NMcFZqa2NQV0ljajJqRzR2SzhWb3JvckJDU1ZDSk9pbThiT2VBQzZJMkk3cUFvUmFWUFJ2ZDlKbVpFdDlFRHpmNllqS0VoSGk0WWgwbm1RZGpoeERWQTVrejQ1czczTTkyam9xWkJXQ241REdGUG56S0EyTmY4L2dKYw==,2023-06-05 00:00:00+00,brs
4339692f-0a1f-443b-b4da-7040ee3940f1,Ketenagakerjaan Kota Malang 2021,view_pdf,https://webapi.bps.go.id/cover.php?f=VZyaJtsV0/51c6Zaob0IMTh4OU1sdmJ2Mzc4cmFVRWVwMmx3MllZN2RmMkFzU2ZXdXdkd1lKN25UYnVqSUlraWxWTHl0bUtvdDNqLzJrQmtidlFSSnV4M2YyZklOUUZKamxHenc1S0hwL1FEVzRieTQxOUpadmFkaGU3TVVpUWw4amxyUGY0eHpIRjFlK2c1,https://webapi.bps.go.id/download.php?f=o4Ei2vHYdOgbq4qq9muElHVrQnBvQS9uNlEwbWc0eXI5cXFBdUNmL2MwNUlvQlJuUjBTWm1Cc3ZrbUNMVUxUMHhIM1JJYXJFMmJiazhQU04vQ0Vucm1NV2NXM2V0ZE1JNmIycTJGRnQ1MnZFMDVocGc0S3RVcm12ZnZ0K2F5aUkxS0dZT3JiSXhkVE81alVNc0VucExBbGxSY0xaU3JVVVNyZWNqSEFiamxFcW1rNks2YlNEUkw1VFpwVUtrVG52enFWbjQ1dHk0aW1pRCt3cFdjakxKWFc1Q3dBSTBWVElOK01GcHNZczZDei8wNmU4aU5EL1Z4Qjd1WEY0TjZndDhvYSt5OU5hakVINTVPTEQ=,2022-01-18 00:00:00+00,publikasi
43a70596-6041-4b10-8cb0-91f1b125b085,Kota Malang Dalam Angka 1996,view_pdf,https://webapi.bps.go.id/cover.php?f=nP4bjN+sie+WiJzKXlLm8jFWc082MzhpeEI5Vmhrb0gvVnZwSkdpNmVlUWJpMG5kWFg4M2Z2eWZ5YWMxbEFSSTZWaTVPOU1MZGxER29UdG9HeFRGaU9ndGJUaExoYkRxSkxOM25GQUxtVHVaVXBVT1JFcDlyRHZCWUkyeXhidE5pSlMxMXdYWWJ1OU1RZzdo,https://webapi.bps.go.id/download.php?f=ganAgfpJai+QwhQxL2xyF2tEa1JoNWlQQVpaYytzTHFOVGtrbDlSa1VuVUxjQnhGaFQ5RjZ2dW1iaWxqOTQvUlZhaUczSU16RGhaTXV5cmFYeVRNNWUvdEhsalU3bUcxdU94SUkrenA4T2tDZGFYbHYzenlWUFJHeXMvdnB0WUdKTHlXeGM2cWI0NmxGMDJURG8xSDJ5SnYyRlhYRkFlV1VFcnptK1lEYWFZbk04ejNma1F6cjhKeEtCZ0ZMdldVMng1bjVxeFJ6NDYyYUY3T2ZGNzN1bFV0cFJGYzk2eVY4WXU0TFgva25tMGdmREFrYncxMWNIOFVWKytqQVU1czhyOWZybEVaNTYxVmVUaDk=,1997-12-23 00:00:00+00,publikasi
43c5ad13-7a49-4c89-b915-b9f7e07b35da,"Perkembangan IHK Kota Malang, November 2024",download_file,https://webapi.bps.go.id/cover.php?f=y+He8/jbx1dDdWMPyP8t92VwaWdIRUdka1lVYXowcWRUeTdBcXk4NVY2eGdnRG1nVU5ob0h1QndDK0J2UGZkVWhhVUM1L280OUxVbWFZTm5lajYzeGxkaTE3TFIyRlVGWSt4SVlwUVFFUmg1TTRWdG96LzZCa1RWU0lHalY4WG0rMEZONEtrVm4xTnNsbjhUalpxS3liUXRVdnVDT2IzTEF4U2kvUT09,https://webapi.bps.go.id/download.php?f=IVcnOynxECc2z5//5/zFvmxLdGpSQTNqTTNISjlZZ3RWNkxMWm15MCt2VHJDSmY1MW5qcXFhRGlpUE5PS0tiTEFkQjZyakpyNGVQL05McFNWazNGYTdTdVpIQVJpUys5eXgzWUpVTk5aRjZWOXc3d2VCYmhaNEVGRmppMzgyMnhQSHk0WjFCZEtFaHJhc0V4TTJmQ0c1YVhWQXl4U0RsUWUwSGFnM0txZXpLSHhkTnBWOUtZb0FKRGZHdFZPOFprbzY4YlFzS1l2TytwNTRvTllBM2VTTnlGUi92YVBna3NoOHdpODVYbDhaWXNiYVh2RWVTMDUwSnFYUXBHSlF0YVBRZ0Z3NUx1VUcwTUQzZW0=,2024-12-02 00:00:00+00,infografis
43de6e56-1292-4804-b31a-b3dd64b5145d,Kecamatan Sukun Dalam Angka 2024,view_pdf,https://webapi.bps.go.id/cover.php?f=mBRRw0klvySHAg2ihDUDejhDNEo0TmVFRFNkM1p1L0ZUdUxmT1BpS1NLL3JuWElpamZCdEZXTnZ4c3dKYUl1TEJTcVRFWFFhaEl5ckQzeXdjZDlrMlg5c05hdWZJU2h0TEJwMkpLRllNZ21XWDM5ZEFiUTVzamNMNHowTHB3bjRlMVFNeFpxV3hlQ3ZSNS8y,https://webapi.bps.go.id/download.php?f=qVTkL+ulRk86LxjkX2IlAEtiYWV3VUkvVDJLQkN1QWxWWEtMVW9wUHlKU0s0bSt5UzJGSWsyZG9sUURIRUlNZm9uSmMwTElVUWZFV3U0NUdyTDRHRTZ1Z0JHV2luWW02bzVkaWlNYUVXTzZMcy9QdHg4NGRkSVQ0ZkJlUzhXRlpkckdsS1JjTGIrVURzSUtERDJQYnVnTStUd01RbEQ3Tk1DUEUxU0RrTllaYXpnTFg3ejFtMW5sODN5UTFDUllYdHJZbXJNUGEyOTJ6YnBualUxMmtIU2hRd0tpaks5SFBwajRQZ3dNWmMrVmdQMTBac3RHM2lZc0tsdjVUR25LZHRic2J6MDJnTFBOaTJ3R2M=,2024-09-26 00:00:00+00,publikasi
43dedc49-26ad-48fa-9f00-342478bb6398,Kecamatan Kedungkandang Dalam Angka 2014,view_pdf,https://webapi.bps.go.id/cover.php?f=ZBx2MjF45VEwAZcQWeyNUGNGeDNCbURBaHp3V0Q4ZWRFYUp5eVlGSU1DWmR4ZVFOYzE2dFh2bk40Q2NBa0NsOWtuVzUrSlNhQ0ZjbTVTbXNEdldHdkpBNy81SmRsQ2dTaS8rTFJrS2wzcjhKemdTWE91VlVlQTdZRkNOVzdzRFp5MkdjRC96WXI4VXZCRGpV,https://webapi.bps.go.id/download.php?f=v/qs9a358hcxLFlImYdpwThwZUl5aHljalN6TnVybUh3QjJjdWYwNkRtU3FVNzF3eFB1Nlc4VE9iTHdoam9Ed1ZHclpqN3JOOTZweDlENXkzNnBpYmF1U3YwL2NKS3p5WUtha1N3eVd3bVhFdEFxd2pKOGVoZ2JkdHcveDVSbytmR1pINGh2SU1mRklxRWxkU2NtMW5UQ1RFU2ZlWGNDempMY1dkZUEwUDVwdlM0SDdpSS95aCtWVFFvWWRKa0J0ZUNScGtybGxlY1IrdWt1UEJBWjNXazJNalR2NmR2ejYrTGRwNUQ1S1h2b3hnUGFiNjNQMzhMZVFoSWlrTHYzZFBuQUtibjNVMlhrWFYra20zeTNmT2ZTT3gwVkMzbkNNNDJhOGJ3PT0=,2014-11-19 00:00:00+00,publikasi
43e8253a-7fdc-4745-a2d1-ecd8778e29c3,Ketenagakerjaan Kota Malang 2024,view_pdf,https://webapi.bps.go.id/cover.php?f=ir7yycRuhKmsD43YRq5MrEVSRnFTa0lXT1I3OXFHcUZXSUhxRnFSbUR3bVVudDZjMnJubDNoNnFlbUpoaGhuRDBrOGhMZFk2VTFITUYzTHFYZERpWlBTd2RyL1FrbCt5Vm9IVEFoMjczYk1vdXU3TTdjSy9pZ1gvUzhaWUZudXRWaHhhK1ZCZXJWczBvZW5S,https://webapi.bps.go.id/download.php?f=epGa727uvpPnlLuMZQp7/EtJTDE5a2hpRVg3OXhTTFczKzVOV2JXZEVDZGJpc3g5WjRza3Z5MGNoZTlBQm9UM1FsYXRmZkozeG4rUlF4dmdZaVI2VnBleHd3ZkhtQlhNeEtKTHBmazZ5dFkwTHo2V040SlhiMWp3V2lkYmxpVk90bGh0cDhSa3BKQldLZmtka1d0YmFwcnlSQ3o4UjM0NTVLdnAyY0FBRUszNG9kRnhHbmd6dTRlKzZGdk92UWwranEwb0Q4Z1ZXL0ZpKzZUMUZYa242ZnpPSzZpcjJWN0ZmOXhzNzBOKzBsSVJzMzFaUzc0RmhhSmVUY3VDMlBVaXM3TkJGdjZmbitlL1hvdjY=,2025-10-27 00:00:00+00,publikasi
43f5f9e6-1bf8-4a63-a526-34b88adfd851,Pariwisata Kota Malang Bulan Juni 2022,download_file,https://webapi.bps.go.id/cover.php?f=OjVdOOkO1aPSiYASvL7513FFNWU1T0ZBc2VmVlV3Z3c3MjZ1cSsvWHg0MjJxVkYvYzF1TmNhTnZVS1JsbkNEbEd4U054UGl4S0VQYlVGelBoL0hMSjY3KzJsTFpwRHdRUk16Mm5IMm1pamFiTktEZnVRdXBYQldudW1jdzlmSklTZHZzblB4YVJqeFBaU1RI,https://webapi.bps.go.id/download.php?f=aGZDjFxbrkcTDTUBKgqCNHNTVXkwSTh6WjRyc2tmNGNGM1N6cGM1R3VvUmVBV3U1dDR1WXp0NzVONXlYd0gzbzhid3N4TFRuRStscDFab2llM01qYktSRThYVjBvUldnZzhYVVB0WDd5bG9SendueTc4L0taKzRFbWIzL2lGU2VoVW0zUGUzaTNyNy93VTFLWkk2T1JhczBZdVdHangyYWgzby8xNWRkVlRhS2NSb0lRVGlpVU5PbWtVcHZSRkRDTDdxcUdoUzFGclZiMW1XM0FSQ0MwRm50Mm9FSE9GVDlxSFY5V3VjK1dvN1lJcEkvdWJybjQ3ZGJOQWs9,2022-08-01 00:00:00+00,infografis
4440670a-2e97-4ccf-8b2f-286a0a59c6a0,Luas Panen dan Produksi Padi Kota Malang 2023,download_file,https://webapi.bps.go.id/cover.php?f=/paNMHEnEliw76CTGMdpolJBSTErSWhCaHhJMEgvZ2ptbWsxME1iZ1RWeWx2RCtjSlgwdUMxTHdEc3hrY2ZIdndkZ09ldHpsdzlsd21MNGlRdlRkbHVNUHlmTjFuU1o4TTZ2SmZkMmt0YkMrMHM0SEtzWlErYy9PaDNsa3o5RzU3ZTYxdTV4OXlKMERYM0lZNjlPeVRWRW1MQVQ5YjNiemY5TTRxQT09,https://webapi.bps.go.id/download.php?f=z/a+VyHV7ZuyBKiyy9xRPVNvLzdrZThIcmZsMEZJcXB5U1BiMWRqREkwRzl0RCtlb1ZvVm1ZaTlobGdLaVFtNlRsa2JQT0xpOHM0VEFuRGlEL3B1MDQ2MitzWVduNWtLaUNlc1llejdDN2g2TnpXYVpnOUIvblhYT0l0K0JTaDUzTFFJRllwYW93WnhHbUEyNXpVT3Z6UGJUYWlWZlJBNDd5YzZBbVZMWitUL3h5TjluQ3A4eHVjb1NyTUoyQUFObk9KTWxXZCs0U2VzNE93RVN1MENvSjJSeUt4YjdFdFc0blVLUmd1RkRRKzRjYWQySDdQUlpNNittYlZNdThWMU5FMXh6b3VSS2J4Q1lFb2k=,2024-04-01 00:00:00+00,infografis
44a68116-e1f3-4960-9df2-b8f4ac326f13,Kota Malang Dalam Angka 2021,view_pdf,https://webapi.bps.go.id/cover.php?f=k7sQv2vzlh17qCcI5UsXhzZkTS9jd1dPc2IzUmNZOUY3a0FTZmtRZ1Q4cFpSclE5bFZVWWNYRE9XZjhZUjBObUJXeXM1dkp6MnN2QVcybkU4ZGVsN0FjczB3UUpBVXVBVXBIeEk0ZDMwWjZXUWRWZCs3MUpDaDFYUjJMZlFhSnpybVBjUTVCQ1VJaDMzcGIy,https://webapi.bps.go.id/download.php?f=YBOWMQfU43GP8IuTAkCM301uZUR0UnJSTGNaUE9UUktOam1pd3I5bzJ5YktlWCsvQ2kxck94YzQvREZVbFFkanBaRTlTWUIvNzdVTWlpRlV6NDFQM1IxbkEwTGRCV1ZSaHRrdnBrU2I3eC9Ja0RoVi9XVzN0UmtZVHFhM2NuTUZKQUZwZHRlRUdobDQvNldBZEpqelNJS1pqVlROR3h3VDJPcVBlVWJuNFJBZUR6OG4rK21qenhhL1BnaUx5QVdLM1pSbGhMZkpqUm9rNm9lZjRBeTdEVzN6OVdlQUJXeGJHUnJVU0Q2ME1CVmxUWWJvdmpzNXZ1cnVqS1pEeUFzYUx6YjRXTzBnNnE1TnVEQi8=,2021-02-26 00:00:00+00,publikasi
44aa502f-a67f-49a1-898a-52ae134a4608,"Perkembangan Indeks Harga Konsumen Kota Malang, Juli 2022",view_pdf,https://webapi.bps.go.id/cover.php?f=UO6GpskClOqEa34+ROQqakxuai9wdjJVZnRnMkY4V1ZRUEEzOXE3VnY1YjdkZXFCd0xzb2xjYkIxR09ub0tpdlJpTUt0cDZmNTdqNU96azdVcWh2VmkvQXJDMVpOdExxU0sxTjUvU056R01rKzhKVEFrM2FpRCt2eXlpa1R5WTl3YWMzTldhWmVyMFh2ZHFB,https://webapi.bps.go.id/download.php?f=7qwTYSoPgmmXwQX0mDAfkUxLTWtCb3ZsU2UrNFBoZDl3U3lEY0dhdngwSXQwNmpuUWlqUGVKcVBnV2R1QXNZZStuUnhMaUFGeURZK3ZjaFYyVzNvbWFSNm16NXl4QjhDSHRoT2tDT0xtZ0hkejN5UGRnTVRoSGxCeG5NV0pSaXIyK3ZOUHM4U3Zsd2VGWXQvY3VrQ3FwMndWTktDOW5tYkkyendMZ28reHlDU09kbU5rWVQwS1krUVU1cEtCODIzMDFHeWxJY2xGNmRMeTM1WXZ3RFZkY1UwSWtYWGJWZWQxUUdkUm82MkRkYWFMWFBuei9kSkVxWlhPL0FDNk9hbVR0eFlINmlVTTRmMHhlampRZXIrV25RbDBXRWhmOHVSbnI4RnVYRXA5Wm4rdzEvNVRvOTNuNFY2S29aa0xBWTlDNitZeE92TzdSRDZzcXBnZ0dsZTVjQUxqZG15T3FyT09SeHZmaGIwSW0vaGlUTDVTQTRybUxQUEM0MXQrbkh0alhaWDRCZDNkcWFFWHNoZA==,2022-08-01 00:00:00+00,brs
44b0b89a-b89d-45c4-a25f-1de36e6da06c,Kecamatan Sukun Dalam Angka 2002,view_pdf,https://webapi.bps.go.id/cover.php?f=BUr98loyUITZHJrPX5LMaWJwMHZRUUxmQWhIT09vVDY4L0FlODRsZHRSM3paUmZLbCtHYmdpQUlaMWpVSzFsdUorNXdNeGNwNHRxcnAxM3RoTlRuSkFXRXFsL3l5UTIwRlRoaUkvNnlPa3EwcGw2L3poTTZPdURiWVJUUmE1TU5RTG8zMW1ERm1WRkwzQTh6,https://webapi.bps.go.id/download.php?f=9R2Wtso46G7U/Irfg7/MK2s0aTF4L2ptN2FRMXhWZHo3TjlEcjg0RnJGWWhWak4vTXNta05XRlFsNmZHclFQbUl2ZnRDcElDTFM4NjBQUjFCOVczdWNxdjZhUEhrNDV3YjI3U0FZbjRvM0grUkdMSHVOYlhjN2ZiZnQwcGxITmNweXMxWlNNMkt3VEJWaUY0MC8zcFVoZjhoMFNDdHhYRWVaRmFJdFhPdUJXWk8wdHA0cGN1YzJnanhnbzRsaDZNY0tYdVo4TDYwQ1oxUUFnb3lHRDVSREVNajk5UGdNdWxidTVOcktTUXJzYnJuSnVNOWx6cnYvcU5Fb2VJV0VKYnlUZXQ4U2ZtUm9qcGxSUm0=,2003-01-06 00:00:00+00,publikasi
456d9227-8d2b-4da1-8cd9-28e06a6d4b3b,Perilaku Masyarakat Kota Malang Pada Masa Pandemi COVID-19,view_pdf,https://webapi.bps.go.id/cover.php?f=6oPLMxy2GBYKwq0czZNfUVArdHczY0ZKcmZ3bWVWYmZoNWJ6bmExQ2xQR2hjR0FkTExBaC9TS3d4SzF2UFplQ2p5VmdZbVUzR2ZPVVp5V0RKNVl3aC9iN3o1SmF6cGJUQ3c1cHZFK2FGT3RxR0hLanB3U3V3MERVTGFCa1A5a3pNNXNBQVFTUktEbTRVek8y,https://webapi.bps.go.id/download.php?f=uAsUkZTwWzuwuWXaNwk5mmxYZzh3SkU0R1ZHOXZ5VWgrWmlGTGp2SFlPRGFmeWZpbCsrdmEyTE1xNng1SW9UQ0JFL2VWMUd6WnlrNWRiTHY1SHN3RStkbDFXZnRjUmJPV0lYR0FsZVdkUWQ1OHhjMnQ1YlZNbTAzQTJ3QzFjbnJXZDFZaEpOYURMTTcydTg5S2VLbjZCRURuYTNleVk5WEUyS1U5OGlRd21sQnY0Tit3aDdaUTVka2VySDBRSGo4S3laME54QmRRYUx6cVVZWG91RTVpZWVoNHZlb01oOXN6WmRLMXBGTGIwc0h6M3FQVlVUV0NSTlEwUy9VMEl1NWxTK2JDeTU2cWhFWXI3RzRSTHhMSkQvYnB5cy8zS08zODFyVUlCb01ONnBXUTl4dUNDSWVPMWwvM2p3PQ==,2021-08-04 00:00:00+00,publikasi
45f7ec34-a05f-4a49-ae15-633fddcd8726,Kecamatan Klojen Dalam Angka 2015,view_pdf,https://webapi.bps.go.id/cover.php?f=g5Nqtwp43enOIxgVhr3/9zUwNDVsVTBnczFQVms1OTY5MTJwU3FPa21GM2pMR0MrNzQ3ZjByVGh3dnVvSzF5UkR4UVV6WTd1K3d2czIxbU5rRWZKT3NrTDRrRUNiSEx3cDE2V1BhNkRycUtZczRhSzJDTHZUR1ZQMExjUVRVNnRNN1hLei9pM1dBMnJUVy9N,https://webapi.bps.go.id/download.php?f=ctyMmDw4tMOFBZfuy//sLHE3MG5NSU5XeUtTcnNxVHhFTllQVDdScGhJL1FLVFIrL1dKWk42dGh2em02RmVvM0w0YVlXL0tLdWRzWnRUb3huRG4zdElwMGU5K2xJcHdjbER3R29RNTVmbWw1eWU4OFhoK2F4U0lyZHVpUzNnOElkaDUybWptWHlVdStleWxIQWNqYlVYQzRmRGxCby9KMDJVQlV2MXROc0U4U0dwOFN5RjdEK0JkQ2YzVUtZdkZZUTU1ZDY0R1NaVnUxa3hCdHNsdlBGQzhLME1MeitnK3VEZjU3bGtGR0lRM1M0bVc3QlpoVFozUHNlRi9xamwxMEczUG9CRXRSbkd5bUdXeWo=,2015-11-20 00:00:00+00,publikasi
4603d23b-f90d-4c59-830e-310aa029f8a3,Perkembangan Indeks Harga Konsumen / Inflasi Januari 2019,view_pdf,https://webapi.bps.go.id/cover.php?f=gqD1DrPuhS+aAknocxqJdEpCYWo2NytWWUp1eDBDQWt3a1ZHcnZUd29rWDRMd0tHaVF5VWM1anB5eGkxRWphNm9mc3pyWHExSGVncjU4TVZwZGRrcC9sSTJVMU0yblhUR1k0Q1dBPT0=,https://webapi.bps.go.id/download.php?f=1df9R4UE9MsydyRY0OvHsDJscFd4blJka0ZLZStBN2FYdEhaTlVSQmJvZ3E4dzhYQ2MyWDFjY3F3eXRoU2VmSXFSNzBLOE1rczhCRlY2VnhPS0tMSFNoZVhoOTJ5MEVJU2N4aUlMcjZ6L2UyZWlsRUhsbk5hY0pwMkszeDVYNkJtaTNwbTRyREZqMzk4RTY5ckdGTDFKaGpiUDkzNXNMWG9QRTM3K01wWkVJNzJ0OXNuZEZuQjdGd3Z6dDNxaTN3ZVJuQXJybk1QMVRNMFFaYUVBbU1VZjBjQWI5c0pyUUVveDFaUWNyTDlmYTBIZnQ0TWFDdCtGdGJGU3FiOHAwMUNtQTRBRSswbmo1VTV5K0hlbUhWbkJQSU9nQlpOWU5rSjVINjFtTW4rLzRVZldOMmZhVEN2S3FIOHcvZmVrMFRzS2t4SzFwNXRiWWtBazFCV2ExbSthdDJSWlh3aTlQeHpxRDNWUU5rQ2IycWlPYjBqbjFTbjhvLzVwZDBCbFVVTnZKVSsyek4zL3lENmFXYw==,2019-02-01 00:00:00+00,brs
46770e61-4dff-4133-afff-282fb161a2b9,Perkembangan IHK/Inflasi Agustus 2020,download_file,https://webapi.bps.go.id/cover.php?f=ivXo5LwRH6VwwaG2LkR5HDJSalBhYndZSEd2ZnFNTXY5TUFjQWZaVDMrYnc0M2VsYjFwbk9WN2dGRzVsdHdocjRTWHFEbzBwYlJHM1NkNUJQZUQrT3RSY0IrUXJES1FvQmFQYlZJRStlVkRrdGlBNHpHNUl3WTQ2aW1GeThvQ0hpZnlnNkp1Z0hkUThMMTNjTmRYdHJNUTlpVjdOZml1Z1NPbWhRZz09,https://webapi.bps.go.id/download.php?f=AW7fQ1xdR+6NeViVIaZj4jVZY0U5dlFZQ2oycXZJMU9RaCtWS0xicHdjK3p4MXNYSnQvYTR6cEtRMnBlNktKZ0JxeGJnWXM1MWx5cm92NGdiYm1XM1hIWVEzVkNYUG40a2NnNzkwMld2ZjJQcE9wTXFUaUY1dGsycy9VczhzSWV5cjlCTGlhMnk3UGs5blVhQWJwRjBVSTFkdzVyaGcyb1luODcxVzl0Tm9sMXM2WlJsczQ2cTZ5SEtIUHNYYlJZcEs3WDlaQm55NWVQaHlyc0ZYd0prTEFKOHhMd3pzWjhuTW9QOHAxaFlwTGNYR2dKbnkxYlNtUmppcE09,2020-09-01 00:00:00+00,infografis
468d90c2-c433-40d1-8bb3-4feb8d9ae1db,Perkembangan Indeks Harga Konsumen/Inflasi Juli 2014,view_pdf,https://webapi.bps.go.id/cover.php?f=4cYsU15QahISnmbC3o7t6nA0cWh4OGNuOEMxbFpIcTNNZFNkbk9veGszU0tVeXB2TUl6M0ZaSmowT3g5VXJFYlBIOXdtRmJNWURRYW83UEErY2I3NkxNQngwSnlmUG5jbkx5WmxnPT0=,https://webapi.bps.go.id/download.php?f=pKh2W5+vxv37EkluQ6zGBzJaQk9RMXNZcEVCTXI2WkFXM2tSaTFwbit3NjN3aTZUMVc5c1F0SXllQ2dqb084WElKdmI1SGR2MEhtbzR0RjM1TW5PajMxTzNqVk5FdjNScnYzQkYvdm8yMDk4SlM3MGNMRGpRelZUd2tVNWdMOVQ0SGZPWkxwZGVIZmFsUUFPN3d0ak94UlRDUkhNQUJad2VnSGZrYXBtT1dLeU9xRHZHTWpERU5YczdpQjB1SUJwMFptWEtuUkQ4OXZQdFZFNkxJU0tvRTRVTWwzS1hQZkNBVGhkdFdHTzJQL1haeE9CY1NJVkc2UkN0ZnJqWUtlRFY3cnhqcEtXMmJ4YzB0WVhReFdHN3VDSS83bzVPWUd2MXZEQU1uanZ4NjlMSFkvdGNzalZSMVJEY3Vrai9CSzR4MFJBSGJWLzVqMjRaeXBYTjBNeWgyT01YeUJtWCtFTTdma2pGcVZnd1FHWFZsNm5qMTJNRUJmQXhuemR1OVZ0RUpyaUIxZXJWNS9VaXdGSQ==,2014-08-01 00:00:00+00,brs
46f26082-e68b-4b7d-948d-5afbcf93626c,Jumlah Angkatan Kerja Kota Malang pada Agustus 2025 sebanyak 486.794 orang,view_pdf,https://webapi.bps.go.id/cover.php?f=jORWLAtXWNoDi00R8ea4cGQ5cWZEQTJoSDJZeFI0NWVEM1ZZMU9CM3JHdVN1a1dMMnhyVzJrZEd5bVRnUjVpdlNLUkpwb0E2dUhFTlV5OU1aR1JHMWhmQ00rMHhzaEg1d1Jkbk9BPT0=,https://webapi.bps.go.id/download.php?f=ksk4mej0gEHO1US9lokucmNCNmdHbFdOelBNZnUyVmliNElCN1lRZ0xOTWxlRnJsdXFIOFZSNXVSeXRZNjRLM2NvbGRDM01DVDRCSUM2THBrUFR6U2NpcVQ4WWhCRWZ4UWRoVmhTNjl4MzVUbzZUMzF2N3B4d3VCK0lzaGVXR2F4ZFNuR2F3TXN6ZFdJc2J2c0Z3SlZyeGFCdkJ0TGtnbDMycEphRmZhSTBtOHRHUSt5bFhpWTQ5K2RRditlT1UzbzJxcWVYSGdqRk5ZTjRNemtGcTBoOEVOZFA1MHR5MVRSYU1hZEZ3c0VGWDJSaUZscE04dklodDVMSEk9,2025-12-01 00:00:00+00,brs
46f33222-8070-464b-bd39-6608da3310ff,Produk Domestik Regional Bruto Kota Malang Menurut Lapangan Usaha 2012-2016,view_pdf,https://webapi.bps.go.id/cover.php?f=suDG5XMwsXbIrWQ+cO4ujHZSQlZvTENEdndWZG94UGJidUhnVWcybGVIRXRYb2tKU1hZNVhKdmhUL2F5RTVaQnNGV1JNcVVhZ05qcFdMeFRnOXFzbXM4dFhQdGhtVzhsTGhHUHFOZFZWVS9nSlNqZDZoc3Vlb1Z4SjVuTlF3dHVJbDVJZFl2Yi9VME85djRV,https://webapi.bps.go.id/download.php?f=0khG68Ibw0bhbNVf24fzkndkUjZrcDBpaDR6NXZ0TjM1aWJoc1JrK0NiK2E2ZTE4SmIwbjlHY3lyOHFHVDlOdWFiQ3NiTWpTL2JOdFROQ1pzd05OQjErSTFSWUt5Y0dQTmxUaXdBTHpSZDg4cGRaY2YwTHlqRVpJOCtndWRpYWhZY1kzUHhjTlVURDNxTFNTSnpIOXpIWTNIeXBheG1BZFJNTE00bnRicS83LzllbnpLeTJMNU0zTUdmdldlalZ0TlhTY3Qrck9scG1pWGJMeFhVaE1JRVRFN2lmK3o1Yi9jUnVTeGFoS1luQkRuS3pXRDVHQzBBc1MzWVdIdXJmaFk5ZXZkckxUZlVYM1lKZXVzZnQwRVZhQWIrekNSM0xreGlLVkoyZzBnMm5KalNrWlNGN2dabzExVnI0eXZHRVlWd25GeHJmMHdQaWhVcGlZ,2017-09-07 00:00:00+00,publikasi
475b2b80-64c2-446f-bd3e-a4dd15817e30,Inflasi Maret 2022,download_file,https://webapi.bps.go.id/cover.php?f=NL+CkrevKwBvVoqMYMiOs0o5bHEwR21yUFhNeVdTTDlHQllFeWE2UXBHNXFIR0RjbzZDd0t6T2ZoaGg0aHR6djRFMGhpSkZ2eFk4V0JkbG9iTWcxZmxXeXpvZzVjUWxETHhMSFAzaTlUNHhCTUg0MmZKUHk0aG9ac1hVPQ==,https://webapi.bps.go.id/download.php?f=JVyvxXvgz56raZY2GvBt/W1ZYkNkMXh0UjhzZU1ybFppc21GaTNubW5EcGJMVTVpNTB2VVFwVFBpdy82Ry9GWWxpcnVMWEFOQkxvNE5jSy9pOW9BTXpCWnFyWm56c3dBa1RaWmN2ZlhEaEFVcFlhaE5zZGJ1V1dkY09vTkludEx2blFwWDNqQWJUeFowNkZnNFM4Yi8xQmcvVWMwcWFrN3J5WUpIWkpLcHJ3UTR0SUYxVkdMVE1BT3dSUFdQbmNWQXhIZVZ1cWhJNWFVa0ZQTw==,2022-04-01 00:00:00+00,infografis
48338ab3-5825-4928-b94e-24aadc57627d,Kecamatan Lowokwaru Dalam Angka 1996,view_pdf,https://webapi.bps.go.id/cover.php?f=6sHlRwxnYYz9EtKzPZVW5lFEdmhpTnJRSXJBYmtlN0s3Q1J4Tk1aVkk4Y2FVNWJaZnNYdVhxZEZ6VEtYQ3R3Y1pFbmR1dmVXaE04OEJVcjJGeDE5L1kyUXJ2ZGZTRTZyOElBWnVBVlY1NWNEYkd2Y2FDRm9RbSs1dlprWk0xU1VGUGpsRGRTM3pXMmE3WHNv,https://webapi.bps.go.id/download.php?f=10uVjOd+NEd8yQNCnxUJ92YxN3NtOE1yUXkwYzVXQTBFeFUxeUZPRThKM0Zkcmx0MXNxZ3F3M0U1Z1lNQ3RMcVAweHpydlE3SE94ZWI5T2NkUWp1Qm1Za1pnVzhpY3JwSUd6U2pqbmdGV2pRRm5qUDFhODdFWlZ3ZCtMUjU2V2RmaE9sMVh4c08zRFNFUitZSmcyNWp6TkhYbGJ0Vzl1dWQwbjZnbHM3WWpFbC9nU1N2SDBkWUZ6OFdRYmx3OG5xbGVrRzRtODc3UFQzcWxZOWpBOHEvZkpTSDdUb1U0YW5zbGkzYWtTK2VObUpFOXhDNGJNZWZ4SWlibUxXdFlheHNuV2RNRUNSVnc4c3lVeGU=,1997-12-12 00:00:00+00,publikasi
483829ac-0012-49c1-a8f2-d8d3a4e2fd1f,Pariwisata September 2022 Kota Malang,download_file,https://webapi.bps.go.id/cover.php?f=g/aDk7W2IbRxLc2ks0cOFFc2UXZkMHkrQnUxcXMvdStvUUxvUjAveWQyY3RrRk9ISUcrdGhhWnB1VjFSZmpnckdCRXZMN0hFRFZBSXdBRGlsdHJPZ1BEMFJReW81VFNxTXVrNkNKR1dyUThiQzBsQm8yTElCOCt1amRqZk8zbDM2ajhMbTc1WnJOcDdOMjFJT2pEV1ZwZ1JSVjRWdXVOa3d0YjdsZz09,https://webapi.bps.go.id/download.php?f=UpKMjRD9tYQb2Xh/HPKOiFJJbHlkNXZWSFJoNXpIVnpIbXQrRmlLUDYvOWZSY3dBZjlyMGFlU2l5Ujc0KzdaRXVyZ0habko5VHZkS1RJWERPdjJtYWdDKzc2SVhjYjVYTkdrNmRlV2l4a25TWHFoUlJSVXNwcWVYa3ZjK015cDIxeGNGTXJIMERpMThqbXQ3Tk1wQmE2M1J5QzgwYXNPK2J4RGl0cEZyR3ZhNytybWJoWkcxUU1hcXhwSG5EZTNvRFFzZGxyQVI0eU5TWWsxbkU4ZTVvTE5xN0hzbUFhbmxmbFB3a2lFd2NkaTZuVUZ0RTNHeXQ2S3hWbGs9,2022-11-01 00:00:00+00,infografis
48a87c42-fee3-4435-b503-9ec9fa823ee6,"Perkembangan IHK Kota Malang, Oktober 2024",download_file,https://webapi.bps.go.id/cover.php?f=bZxzoqx2WX+il5tiF2I86Gs0RkM2OEc3Z0tPVnpVLzk0VEhmOVJGdUZkZktKVGU1UjROSGp6eFZ5U3o3clNSQlptTUVQcHhWTlIxaWxOOFZCa3VNdko5WDVGSWxZTndUcytnclQwbkp4UldVT09lRndPVkNhYThUUE13RnlPaGt6bDlLUVp0c3p1VEhyZzRvRndDNFNLK1g2Nm9DM3p1d29odG10QT09,https://webapi.bps.go.id/download.php?f=IttA6mcQvkUqEhvkJYn4pXNwNTg0dVNBbkM4V0lhYzFOb0xHdmt3MUhjWTFmWktSREhsditDTTJKcDlXT2VRNUpEdGtxdXduZWxaZlBNSlJMa2ticHphUDFoQThxRWI5ejJjME11UlJqcFhBNTVGd1BzOG55aWpNSUtrU0pXYUU0ME9Ca2JhTm95SUhEaUpYdE03ekR5aFI3U3lFK1hhbTBDWWtLeTR2ZDh1ckRQSGFvZzZkZVltSUhONnFIMnZxZm5jTHZDVmc4MGxGZzlJUFptZG1mU0Z6dDN1VG9wOEhNSjV6cU1VNEl3SFJBQWplTGtBVjk5ZjZVNEJQVUtsaFE0cTB5ZllRRjVEaEo5NEw=,2024-11-01 00:00:00+00,infografis
4995bfa3-d930-4e3c-824e-d84199377034,Perkembangan Inflasi Kota Malang November 2022,download_file,https://webapi.bps.go.id/cover.php?f=eTMq+w/viwQ1jmTFffOC7kFYaVBROGxTY2kxcjNTZzd3R0hVNXh1RVEzNStPNzcySXNRaDdxVGRacmlaaHNIZ2Via2o2bXluMlNjVENRUHVpT1g4djh5QkkvSEpQTUY0WWxFc0JTWFBFU0h1SktTaHQ0eDZQT0FleDlGc01Tc0VtSnhLVC9yUWN5RGdVK0JabjlwU3FzQ3JVV3FnQ09uYnI1S3BmQT09,https://webapi.bps.go.id/download.php?f=ltptDIg3m6xZwf/IRQB8+HNudk5LbTM0dnJ0akJKMmczdHRiVVNKZVJXQVB3VnN3bWFvRzgzVzVzSWhhQ3IydDY3VG9oMmZlejdOalJ2U1R0R0ZUTEdQL05uNWlMU2FXMTI4Y21NWkdaMVNCSVJGTHh2alpMbWhTaUpzYm00bUhob1I4SGNDVHdBYk0vQzlQMStTT3Z4ODJIRkJPQzd0RDcxbEdtL1gwRHBHblNrc3RnN0k2U2x5bkg1cXRPK05lamwxanNENDFSZzdjR2R0aWRTazBub0N0Wk1ZcXMwdnhRYzZUS050cVB6RXJTY1dLNmV2TzFHeC8yUmVJS0FoVTNPRklheHllWSttNXQrQno=,2022-12-01 00:00:00+00,infografis
4a98e664-179f-42a2-8dc9-454a5630eacf,Hasil Pencacahan Lengkap Sensus Pertanian 2023 - Tahap I Kota Malang,view_pdf,https://webapi.bps.go.id/cover.php?f=gmV9hIrycEYHWSfLkJ2G61k0UE1oMUdKcFhxSnNQNDZkQmRqWjMvSEtNT2lMRjRJRVl6SHFhYVpVUFo3bnloM25UR2tPMlVyV09BWmdUMHBjR2Q0S2s2Zm93bUoxUVJISHhaRURwZzU3WTRuTThUQis4TlAzalMzQWYvRFBmWVZYVUNPUTVlOXRBMVNXOWdP,https://webapi.bps.go.id/download.php?f=6A7cZ4g3w61tGVk7B1017Wd4SVdZYndQOU5vbjNIQzExd3prbkwxNWdMMDdUTGZyUTNKRW5pZTNDY2p0dlBKY0VvY3hzRUMrVGdZelNzeFhzeHpMaFNiUTNFS1ZRbHNUN3pKa1F3SmpBRDJjZjZHakFyVzhqcjkvaHo4d25Ic2EycDBZeU9iTEN0ZjMxeGd2WTBiV2NnZ1h6NlJXcGxWdkVkdGVrc0ZUTXlWd3duSzd5cFRCMWxtSHpXVkhSbDRHRUF2eGtObWRKdWdtRVFMbDkwVmdZQTZ5czFrM29laXdWOUwvWFFRNDRKOHR4S1NuSFpnMmZyNXdnQzJ0VkJXZjhpOFpBdUtlc0djOE9sSTRuV2dNZ0htUFRBY1dZNmRINnd2WDN4aDJKSzZUQTdnVU1PdVdpUWF6di9zPQ==,2023-12-15 00:00:00+00,publikasi
4ac75914-ab6e-419f-a2b2-01a2ae1b47e3,Perkembangan Indeks Harga Konsumen/Inflasi Februari 2012,view_pdf,https://webapi.bps.go.id/cover.php?f=oQFds29+1CrFvtk4jEAu9TFIN1FkVGw1YU0zdmg4czM1TklxTy9FNDJRNkE5dmlVeiszdCtDR1lod202cUdVbWR5c0xFUkY0MFZLZGM0Rm91TFg0VDhyV0FjWldpMnh3OHhhb2dBPT0=,https://webapi.bps.go.id/download.php?f=uOoRgOx/AMlbY5gt/2xMYC84WWtIV0RhTXJRK3NsL3dpZlI3R3JlejJDU3M3OTcvY3JaQXZRSWdUZTdIY3ZpcDM3WWUyNEFHcDVOTU05U1RldGJqZDVqT1pzYXg5NnBnZGcyWVZwSjRyZnJRM2pBZHFFOWVZVVFSL2ZtbmdyLzJKZU5wb3pOdVRrZmpHMUVKaGQ5OEM0SlNhQ0l1STVaVm1PK3BWL0JZcnFmWXpUSWozSnVud0FOWlVxckJsbXdvc0VySWhaYkRJUFE1RUFiYVRBWnB0QjRIZlRsVHhnNGZCRGFlK0xESkthRmZhV3JVOHk3MzBveXZ6UjdOZmJWeUxRTVA2aCs1S0ZueFFCWElkVFY0dUlLQUlzZ0gyMlFPdXM1YXR3cS96QTcxd2oyanBaWnhWTG5tMWVDMUwrWlVvbnFkSW9kSjk4Y2ZBRm8xVEc1NGdFQ2wrdVlvZXIxNjVUMEtOTmZJZlBrczV6ZGU0UzZ6eHhpRzcxbG9tVUZVb2FybFdZelJKL1JqcDFNZA==,2012-03-01 00:00:00+00,brs
4bccf1af-d01c-4cab-971a-af56fcdc7a87,Statistik Daerah Kecamatan Blimbing 2013,view_pdf,https://webapi.bps.go.id/cover.php?f=ANC75rg7m/RPK6Bf6nR5vEF2ang2akhWQk9ocUpVcVhWOHAvaExvWERiczNJNnVjN3JiSFNzNFlGMTZBM3BKbXE1WC9xNDFYTjh0TEN2eGlhSXdjVzB5d2w3WU9GeFJqN1VFQTJGYnhrdWc1Z1AzbWdncmRkVjFHc3liY3FTRzBKNU1WcWRsYlVmdDlYRUt6,https://webapi.bps.go.id/download.php?f=+XeEX6YmtMaxpSCbe4dY3lgwcG5XWmxVbWs0ZUlXOVJuQ1JFOGhmNXgwNXZmeUlQejJXOWx1cUk5ZnVKdHArVjhoYzlrK3NkQkxTOVhFYUJhcWFUczV1WDMrR1YwSG9md1I2UlZGYkc4bEpDc1JOVnplbkZzRkR1dDJya2hiTERoaG9PWURyb0VDcjFSWFo1c0pUTTB3Y0xCNjRZYzdJZjAyazZzVlhwMnVuL1Jwc3Z0LzBNOXJTcjltL0pGWFk1UDg5aGhqcTFwNzg5RVZvK3NnNmN1SStvNG5nNm9CVElIM3QvSXlvZ2Ntb20xQ1c2eE5yZEVhdUVhSjVYNE91M2RFTjhqTjRVNHlickh5WVRsRm5LajJZNUp0dDA4WHg4UUl1ektBPT0=,2014-01-14 00:00:00+00,publikasi
4c775862-9da9-4b02-be7e-46fdf2b413cb,Pariwisata Agustus 2022 Kota Malang,download_file,https://webapi.bps.go.id/cover.php?f=2h3OP4p4yt2G7PKFd24puElQeUgzR2JrTElsQ2ZlYUI2MzRwaTlrVjQ4N0YrcUptY1ZDWlAvZUFzMGJ3S0hiQjdSNExtS0d6U09ualZOWWVTalNLSW5nRzF5cmc4Tm1URkJ1YmlJbzZDOHk1Unp0ZHB5TjdSTWJNeXBIZGh4Zy95WVozM09zYVIyempyUDdZ,https://webapi.bps.go.id/download.php?f=6NZa4IFnsqxVUAWcSPgJfHFHVEpXS2tBOUJ3Y1VJNThMcmdOem1oYXBHMHIvekhFMnE2UnRnTitYL20zUmNILzY2UlRXZG1UZGxWWW1YYW9TWDVLc1lDeGxSZDBtNG5tMXB5UUFhbjdQeCs3YUxZQkVOMW91SEhkT1duQjVrL3dtWDNxTjRLaUJDam1YdXc5L0k2aXRZSkNTOTU4UjNIcWdYMUh3QVBjT1pNMmN5SGZPdGFtdjdHbFpncklZV00xa21YSnhuTG1qTGNHa1ozMnJNN1BSMTlhTTJBL3Bya3NIOGs3SFRuSWVYL2xERVhON1NHRTRTV2EyUXM9,2022-10-03 00:00:00+00,infografis
4cf9dc55-e334-480c-8d8f-04bbd2496408,Statistik Daerah Kecamatan Klojen 2013,view_pdf,https://webapi.bps.go.id/cover.php?f=QH21KjhiD3VG0AR6pFKzrUZqSWRwakJkUGkyZFUyYTQ0WGhnemtkL3R4bUgzbkZ2Q21HWG9qT0VYQzh0bE1tWXBnR0J6ZW0vNS84dFVNKytibTdHV1g3WU9jR3ZMTlBwMjVTSFFjWEFQcmk4dlpEM3NMSVJkMVh3QzlkWnRJNmRTQllxeEJieHBJeDNDK3po,https://webapi.bps.go.id/download.php?f=Lzt12BHIwsb5VPRMPsJw+zhFdjg1ZHhsYWN3U0RBQjlhMU0zQnExZnMyNENvR0ZPZ0NILzlBbzNSS3dEamFSNUNzVTFoRWhkUENRbWFTVWd6NXFVMnNScUVzbVVRc3BOUnVKZW9xejRwWTBOK05CRDlJQlp3OWZWK3djME5QellqZXVUbWp6RWU2VytRNHo3VWxDK1RSd0NBeU9jVWVxMTJocWtZcWRnc1cwWU12ZjlGRU5oaERvV0UzNklWZXBsMmFZOTNkT1RSVU9wOHlzc0NiUkpuTVlKMkk4MVplQ3J5UWVwOUl5K0FpRHdiUU5JMVNmeE83SWpzZGtzQlhJRFkvVXB2aml1TE81aUJ4bHc=,2014-01-14 00:00:00+00,publikasi
4cf9f7bb-ada0-4172-8509-a57e415ae56e,"Perkembangan Indeks Harga Konsumen Kota Malang, Februari 2022",view_pdf,https://webapi.bps.go.id/cover.php?f=XFC3Po/uBdF/FPN0QfiUHDQ0amlMcXBTQmlvYlZoek9ZbTZyckt2QU9iN0tVYVEycXJEcThqSVhRc3BwdGxJT0x0YmkwMm5La3ZsdVZnRFpaUnFJN1gwZVg0cUh6Rlk3dXNKOXZOQWhQYjhsY2Z2Y2h1anlUU1Z4MGNkb3JHVWFjRGl3cVQrTHFITFNWajZx,https://webapi.bps.go.id/download.php?f=Cb91HU9ruzO/AcIofNIfqFl5L0RGYllCdWxYK2k5T0liV1M5bWRhSHlXR21GV0dRTU9LNUc2R09CMUUzaStqalNtVVBXNG11Z3hoVWt2TzZvODhrUG9rZTErV28xYi9WRTJBckV4N2xrRXN5RUx0RksyTnFWQ0VKMTVDcVBhb0NYL0xaNTZMNTEzcmZiczN0UW5RZDV4Y0JFYmJrSEVmUW8xbTRzSmFNMGNuM2VxT0ZKeE9MYjdWVWczazI5ei8zQitZN2hCQXVSQ1h5bjk0VnJVcGVLY3ZETWl5YzNMc1lBdjBqR0M4SVZjN083eXFFcnNrQUFQNG1iVXdnSjlxTFphQkpFV2hlM3NPRk81Y2hLNGpqK29pL3V0VlpOcWNzWVhxRmdVWGx3S1VqbGpYTGJoSW9VVW5JSjlOSjRLbHdVandOQlE3MUpyQjdLV1MyM2Z2VmRVZjZLdThCWEdsRDJ1MmlUZjUxVFlvcGsyTXpWYjFab2tVbThkcVpyck9SeGVxN1NDWlluTlFJdjdkaU94WlpLTlNndjdTT0cxUlJQcHZTdnc9PQ==,2022-03-01 00:00:00+00,brs
4db8c198-ff91-47a8-80e3-dc9e5c338b8c,Perkembangan Indeks Harga Konsumen/Inflasi Agustus 2012,view_pdf,https://webapi.bps.go.id/cover.php?f=dH3H0RVBbs5mQhL85puHL3VaMHhJOTZHQ0J5Rm9ZemhqaEtXTng5cUdQcEk5UklVbkFzVitlRVJxTTRML2ZzRXkxdmk2bTFpSEk3cEhFalBWN2xFUVJyNm0rOG5pVUxQUDR0c3J3PT0=,https://webapi.bps.go.id/download.php?f=t4nS/8Zqo6z8LhqrYBMKjmVOektEaGx5SDFyTWswM0lqVUZsOHJ4VnN2YS9EcUIvK0lWTmhmcTNpRVhUOXRBMy9OOVk0Vm10ZlB0a0Znb0VBNVFpWVVONDMvSkwxY3RoVnpnbDNFTmc5bC9IK3VycXhLM0tHRXU4dEdQOE1NbUU2MUZGcjVtbm1LVGdiQ1RJM3Y0VjdhU2ZQM1VJdnV2YTB2aFpGbW1ubnBVc2Y0Y3JPNURPSnhtTjR5cktCUDZITXovQnBJRWNtT2JyeFVYZm9YMlNpRDNvRUUvbXJDSU5OWjdlQ2Ztdlp3dFZEeS85M0NsSnJFb09nMEtiaFFXZnFEZ2pHYUNndzVoc3I3TVczVHFubDlGdWw0UWxEVjdhdmo3YUdBQXFuU3N0ZWVlcElaNVF2R0ZXbUxMcjQ3NzI4b3drUm14RHAydnlucWs5RklzTDhiWUhQS2NzQTN2WVJvTjhnZUlQQmNEU3phTGE5ay93LzNmSVllQ3NhOHMrOFF6NkJRSHVNQ1UwRFp1Ng==,2012-09-03 00:00:00+00,brs
4dc5ec56-3a5f-4cd7-83b0-0b6ae52c302b,Statistik Daerah Kota Malang 2022,view_pdf,https://webapi.bps.go.id/cover.php?f=Fxw02DrX2jXps/MkzmFo4Dk2Rk1GZVNwcDNRelNYaWJzb0ZKTjZLdm9DMGpJWkJ2ZG1GS1kzeWY5S05POW5icm5jcnNpbXhqT2s2Z1B0RldYTDMrQlNKRkw2N3Axa1FNeEhLanZyTm84Tm1DTThQY29XaGorTFA0cTlualVvcjJqb09XbUtrVE1FT2dXamZJ,https://webapi.bps.go.id/download.php?f=8anoqr+VOYKKNiTkoKzNkVVkMk0weWpXdFcxYjJoWjExczNEZUVlUEpxRi9aUGdXYmFzenU5cExGRjh1VlVqS2RHQm5SR3JHTllzRFp3NWJIa1J5N1kwcGpZUmtteDBEaWNPdzFvZUhDMWR5d3FPOEZ4TFlrWGxiM1dSS3JvMklZYlNzaEJYT1FYT3l4bzBTSjFvSUtOWUNIdXVTOG5Ocm8vcUF4QkFmTVF3Sk5jM1ZJRGZtbU5KMlJ4NVk2ZFhhUHdyQzdGNEt0UWx5RktqNUZ5NCtSQ0JtMHUrdVVxUUM0VUptWEUrRFlhVTU5NXNDbC9zWHdybnFKMXpjV1pGNUxncUVDQ2pFUy9semNIOTM=,2022-12-30 00:00:00+00,publikasi
4e236793-d76e-49b7-b1a4-908fae2c0a9f,Data Hasil Pendaftaran Usaha/Perusahaan Sensus Ekonomi 2016 Kota Malang,view_pdf,https://webapi.bps.go.id/cover.php?f=PQHQ01qVeULetbNGkVV/YUs1N3dLbUsveFFRWDFCL2crMkp3RXlWd2kwS2VNbnl2TU9VOFRJaWlYeEtrQ1VVZy9wNjFrUDRtUlQxQnhrWGI2OG4wRHZsWWNSUnhhV3d5bTFsUmRMb3ZPZ2hnU3J5RjdUQ1dFTHV0ZkpNZkd4MUU3cGtrR255c2FJTHc0Ym9t,https://webapi.bps.go.id/download.php?f=tDTJl9Ir5CKBeD+Jg6ml7GlqM0ZqbDl0Z3d3RURyOHc1WUZ0bmJESkd3OFdpL1prbm1OeWdUT3BKYzIvZFJvNVp5RkZ3aHovT0s2d2t5WXhrKzhONTd1L0lRZnlHM0NxQ2gwd3Y1K3ZwaEtNalBCeG9OOXppUW9OQjF1em15S0Ntc2hseGRrRTZFc1Z3SFZEMWpsS25JV3d5U1RrVmQyeWsxN1B2aEtKSm1PeDBmOVhwTzlPOG1TL1NyOTBIV2c0cHMzSjVxaVFVZ2JFSzZXSys2V0QzWTd0RW4vcWlweURKaEoxSWVPTTJvSHVIeWIxeHF5MFpOWlY3M3RJRzBNb0JyZURyRFdVNSsrNzZQVzhVZ1IyNVJ3VTJjazF2K2xxN3pUdmltRGh2d2NEL1BBSVpxQ0RKaU5hRUhVdFBOVzhqYXJEdElaSE0zaHBaMEdZ,2017-05-31 00:00:00+00,publikasi
4e95e13b-7d2a-4268-8f25-8c0cda824673,Perkembangan Indeks Harga Konsumen/Inflasi Oktober  2013,view_pdf,https://webapi.bps.go.id/cover.php?f=eUFuPJfjGRQdKQx46vStHG9LWnlxZUtzZjdqZjFaYXpRY1NGcjY1ME1OeUFKQkZpNENyUHBXQXl3OWxlYVp2Skl3YnVFc0Z1b2tvWXR0ZFY5YVJWNGJqLy8zK0FlYjQ0N1UvcUtBPT0=,https://webapi.bps.go.id/download.php?f=Pr9grDYTxCis3urIH28VKmxtYmZPUy9yaU5Sd3dNai9HWTE5cHBROTIrSFVDcDB6NkRJeUozN3BaTWMrc3grZ2YzTzVxMWRTZjRvbktBRmxSWmtFVjM4UjBwSjc1M1FEek56TnVyVE5Bcm85WmhFbUhheHhHcEZwWiswZFQzTE5vTWRhQjhtTUJ3UDRHd3N6cS96N2FWRjUwMEM2QkswWW5kWHBTT1hBNEhTSWVPZmhOU0U3SkhVZ1RxdmFPZkRzb0UvSi9FYk1QcnZTNFlEcytwY1BRaTNXeFBteUt5UFg3VjhyTlJ3ZUxPUVB4WXp2VWdwbzllcW1Sdk9WL2dCcXJ1WGw4R0l5TitpRmNJR3JNVUtoZ2ZINmxGYVlVZjMzTW00YWcwenlDSGhDemE0REVFdWt1Y1F3b0ZpQ200TnJDSWZQRVJpRHcrV3U4WHhOUERlOTR3Rkw5RXVjeFlxQ1hDcG5yc3ZKMlVPajVmR3p1eC9KVm9DaENvbEhldE94aGtIcGRUOTFzTGtjbnNDUw==,2013-11-01 00:00:00+00,brs
4e983945-6c1b-443e-ab4e-8d26b758b3d5,Kecamatan Sukun Dalam Angka 1997,view_pdf,https://webapi.bps.go.id/cover.php?f=4XiXSVwXKHM5RP3VL+ABanVXVUV3TktHVEdFS1FnWG04Uy9Lem5wUFBEUWtGTGxFTVdTalppS2kvbTVpVFdpY3FJUWRJVktLK1lVekx0bjB4OE1FS2lsRHR1QUtObVU5MVNzZlFRUFJnUHlvWGllSmp4STE2eGRwK3dyUE9xNTd4RnQ4eWRwV0hKdEE1SGZW,https://webapi.bps.go.id/download.php?f=51O5fc8Qn4Mh2VWrK7C7M0swbXdzWFg5cDN2cXZWTkh6ZWxFZy9Fb0RxQ2tLMEVheXlDRkFkUXVqeU1nVE5pcE9LdkMzUWFRREZsMENCVlJ6dlgwMUp2KzFDRVJvSkpXM3ZWTGtLTENBcmc2cDAwaUtGcXlCdmZENFFSNzN3RmM0aFdoS0pnYlhWa2QrSUViai9IUlJTcUhHZ2ZKZ3JHMEJudmxzQU9KRUNna3BjVUp3WjdsYURTRmNjelY5YmJudG1UTGFiSWtHZjhvMC9XUHJVUmJIeWxrbERoaU9JeVlhdWgxeUdOb0hJZWVuZ2Q4b1N2UUYrY3hwSy8yL0dVdzMrZ3lXSi95WnY0bU45L1I=,1998-01-09 00:00:00+00,publikasi
4e9ea6d3-7b75-408f-bd01-c7527def23be,Perkembangan Indek Harga Konsumen/Inflasi Bulan Februari 2017,view_pdf,https://webapi.bps.go.id/cover.php?f=qMfbVmQPH533FyuI5/ySP3I2elVFV1pVQkRVTjZmTVBMdXFtc255eHFDK3plR0EwTWhsTEVXdHNGOVhaUFltM3hCOXgvS0Jwa3YrM2NwbWZtRUpTdk1Pb0lzU3NHcUpDLy95YzVnPT0=,https://webapi.bps.go.id/download.php?f=fcwTZmtIa9FyNEJtukhH5DFyT1RtQmlPZGFBM3gvTHV5OTArUHhzRHUrNGtzeXZWL3JES1NlamdGaFl4RTFaa3pBYTVVaUtVTW95REFJQXdwSVlYVzF3bkxyZ3dOdXpQa0pCRW1iMVc2bkNScWt3dVB0L3YrOHVyL1dsbEJsdGphQjR2QjBnMVJGemFPUGhOK2pKYUJORUVkS3VkcEdsZ1dZRVU4ZC9rK1pUZjRWUUp1U21PaTdFZXRVNU9kaURkNXIyeGZ1MktwYzhYNlhHeHo4UisvcmR3ZWdzZHpySXVLa1h0aEl4eTVJMTVMMlBZVDJQUE5CZ2RLWkw2WTY2d1Rndjk4UW1KN0NnUEtaRERlRDYzeDA1SkRVREQzSTgyeFUvRWRSa2Y3WlVnR0xVZ3phZzZWRE5NYlFmUThlREh2K2twRlQ0RStHQ3drSEZPMFFQQ1dtenhRMEJvTzMzcWhzT2VXWjIvUjR0MjdGWjVIU3FsdTJDL09ZVGF6V1pNczBLMllBYWVSdWowWHM2VWh5N1Fqb3l3TE15Y0pjYTdWbmlWQXc9PQ==,2017-03-01 00:00:00+00,brs
4f0866c1-c251-4c93-a93b-7d2a7a7be0a3,Luas Panen dan Produksi Padi di Kota Malang Tahun 2022 Hasil Kegiatan Statistik Tanaman Pangan Terintegrasi dengan Metode Kerangka Sampel Area,view_pdf,https://webapi.bps.go.id/cover.php?f=ywrPbgUtVCrTq1GWTjJl5DF0NjhWOWxrOFpydkdLUytrTDhvUzVWU0dNYml2NUhTN2llMk1neXpnM3FwWHRCTVh3SmZZVjRmSUFhMTJmdmF0U2RMUjB1MUJVRHBoZ1BuZUJDRTQ3YWU5RUUzd21UUW91LytIMlZaRkRLT2JkaDVoM1JjWXZYNE5VZFlTMnVw,https://webapi.bps.go.id/download.php?f=7Cx1c5hOcguoKjvTJwoKpDZpSFhZZlI1bVFTMXVybVBvb3g1YVUxUjVPYjZzc1JLSmtyM21DU0NMTVREaUNDc3BjYlNvdWhONTFrK0RnWFZ3bUxWc0p0ZTYyeDVZTktTdFNaSGNlTlF4N000cCt1MUxUbTcxOVdaT1NCajZmV0wvQXNBOTRXT0IrWWpubFZlb0dacE1EdC9pZ1NKV0lSTk50Nm9VK043RDVqekw2T2xlZTQvWG80RW44UVplZjl0UzZNdnJnTWVvaHVYb1pOaE9ZYkdhODRzWUVvcm9MY0JVVWNGdER6cEtMbi83Z2dzOXU1Z1NwcTRXWm4zK0JzOUNyYTlka2Qvb1J6U2hrNUp5YXF6N2JsNklQT0RHb3VMYVhoUUlpaDBjRndmUVdHdTJuVk9tdnp6bGM0OVpNVXl1a2ZVcmM2a1JUR1pBRVpPSXlkcWZqTHByY1JwZmxJOHVqWGJ5U1Z1c3djVEFJK1dabkJ4dGN1LzFhTHN6bGw3amhSVUVaWTh3MzJ5bEo4Tm12ajZSdGR3Z0wxMXdXQUJtWS9iUHc9PQ==,2023-09-21 00:00:00+00,publikasi
4fb6d4ae-066f-4453-b0fb-187cd8a2d123,Kecamatan Kedungkandang Dalam Angka 2021,view_pdf,https://webapi.bps.go.id/cover.php?f=4bnEB4cKxj3q6v38cvxbq3NnOUc4UnlKd3dJVU5rSnIxT2RkbzJacTRzQWg2R0NJZFBiZlBTbUZaUUlJSG0vUGE0ODd3T3BodVArQkNsQlJhc1BjUTl6Wlg4WTJiT1lqT0tMWDdlejFIenVmbFEzQVl0aVVldUF4SEtmMkZSOWVBRlJTbEtxT2FVcWlIYVBm,https://webapi.bps.go.id/download.php?f=dY5TgZlQhLobiS8aB1EUEENyQ0R5T21weUZKRXUzUVFTRVBvN004TTVjaFBINXVZWkgrb2I3Vm9ETHFXUjA5NVFNOUYvT2ZkWTZDWmRTUW9BWjB6bFhpajVvN3dvaGhSQ3dXUEFVQ1pEK0Y0bkgycEpMajd3aG9XYkpIZ0hiWkhDYTI1MGhwR2htK3cvUVYwQUpwbWhCeDFEQktDNENIbmZGQ25CN1FPR3hPd2NQc1N4UFlVQWpidEU1YWdYRElvWTh4cnFINlQ0RkowaHRaYTg3UllEQVVmMUZOeWRTRlhrdDlQUldXVVJvM2xtZER3dnVBWWo1dHY0dUNrUS92WU42ZHBSZjNYK245UG9YeGNJQ0c2YS9HNzFjVTNiMTY0azdrWnhBPT0=,2021-09-24 00:00:00+00,publikasi
506dae01-2468-4f9b-a651-bbdce7ad77b0,PRODUK DOMESTIK REGIONAL BRUTO KOTA MALANG 2010-2014,view_pdf,https://webapi.bps.go.id/cover.php?f=aYqgxHZBeg6wrdLujMFvSTVINUFFSW1mVDMzY1dPclNyWFpvQXRodFdvOXdVL21YRENwbTNTVEJIM2g2UnBrNVQ4TTJxTFFNdkhMNTlZNmdLRHpwRkpGWGpycm9vL2hUWE4vUTIvNndZdHQxMzlUTmM2RlM5V0ZZWEFLTW9GWXRZUGZhY1lHWDVZMStYc3hT,https://webapi.bps.go.id/download.php?f=TindQ9zBTBtKmTM/r8Airk42cmVTMTZYdXBHTmlkelhqQzkwR2NsZERoNGY5bHVzY3ZvUGFucjkxcEtGVHBZRFg0RVdYZ0lyZGZ4VG9yM2FkZk1sNGJjSllrNGdDTFk0ZU1tbjhnVWYzYjhuandqQlJNdXlLeXpLVjlONGt6MEhib1FvSjVXNGJTRDNRbHRkWVFteHA5MVlIckFGdWkrVmRWNU9RQXdJcVBTT0thMy8xVkNFaG9Ibk1oaDJ1eUV6bDRjOWhsOUgyR1plQjNDQ09kVVd1emduWml4UDV0U3FEa2NPUTJYSG9JbFVrZkxONEdwU2xYcklVanEzWWwrOTZFWlNJSHdNZVRxV0xtSWxma2dzMnBmS1hZMDhXRDBxR2Nja2l3PT0=,2016-02-21 00:00:00+00,publikasi
50a8e045-d9be-491b-83ad-7b94c3e77ed0,"Perkembangan IHK Kota Malang, Februari 2025",download_file,https://webapi.bps.go.id/cover.php?f=z5GvJVsmUI7sYihXJcybW3Rhdmh1VE9nc1BkWVVQY0Y1REVWdmo0Q3BudmVRd3hLNUlsS0pvNmxwTFBWTTBQeXplRWJvNGQ1ejM4SmlyZ0ZheGJiV1M0YWVwK0dwRTJMWUFGOGJXU1BXMm9zdEFhdXROS3htLy93T2JUUmg2ODJMU2R3UklJTXpiUStJbE5LWmNVZElTVHNoT3VIQi9yNU91ZUNmdz09,https://webapi.bps.go.id/download.php?f=3YkJxWBpNwk+8vz6tHrDsXNvdWJ2Y1FiYlVndTZGb1RzdDY3UWFsNVZFNU40MVJ1cE53M2JQK0tnN1RTUlBiaXBsUTlvbmQvOUxROHUwTE1ubGRMT1dreUdUa3E0NlQ2b2x2aU13TEcvZ05UL09Zc1V2bThJTGFFRW9xT25jclp6QXFjWVp0d0FHc0NvWHpndHZxaG1TakV5T3hpam93S3FLSVZpczduZ25OWU5XUGhkbVJydHFMK2h4Z2tYeWRiblg3Y3Y5bmdVSGF4V1JINy9sLzdBbXB2ZU0yb2RtZTJyRW1jUFYwbTVpNWNHYUk2b1lSM3pEMmhOdGlSYjMvU1RpVkRFOHB2V25lcjJIQ0o=,2025-03-03 00:00:00+00,infografis
51512eaf-3922-4c73-b34d-3abea8f653cb,"Perkembangan Pariwisata Kota Malang, September 2022",view_pdf,https://webapi.bps.go.id/cover.php?f=XN2nEeXug8mWMF1TJ5eihzNGM3BqdUhHZ0U2UWxtRDdqRXI1QjZ3dGNVVkJhVENYVlphcDVOU1hRK2k0MkR3VEU4S2ZyZ3c2dko2WGlhbmtCc0k0NmoxZktWUjBVcDBTNHFxamFDeStzL1NVbXZkNFhmQUVTVnBCbG1kOC80VHZTQmVZd3ZHTTQwdXc4UGIzUTNIa0RoUzIzU056aGVNcmgrZ2VFQT09,https://webapi.bps.go.id/download.php?f=l7kaXkNT1+AVxdmL4GCy5TJPT1RQT1djeVZXbi9rVjZ2OVZvRjFoK0pBRnR4N2hBRG5aUVB2Yy8xSkVDSzhJQjNMMEIrM1FQd3g5OFgwV1hwMDhqenFkeEdyUjhEbFhwd0hzSjV1RzdyUnFiVWtPcUpZSTc5cGVjRlRiNldDcFZPL3dzL3NsbXpXUjFJVU9TZkdJTEFXS0lWbmdtYTh0dHZMbzJnWWVJRjhmNjcrL0pDb0pRTjZYUjhoekpZcjlERmFLVWltZDVEY0pBUHlKRnRDc1VpRXpuUkdzM0lQZnBjM28vQktGdFVNeGMvWmZLYjNjTENxaE5IS1NyMDAzNDVQaUYxUTY5MytDeHJYT1I4bzNjMkZ3a1pJZC9jbmgwd0xwWllMTFZhZXlSRmU1NGVHd0FhVHhQd3MrcW00ZWhwV0FtenZGUk9Oc0xUelFhc2pSem9KMjdnbkVnc0pUcXdXVlpHQS9sYU1BRTAvRHlWNUMrNG12T2ZSb1JsOXRYeGx5TXJNekhjL3grK0x4TQ==,2022-11-01 00:00:00+00,brs
51e3ba7a-ad2d-475b-acb1-d020ab089186,Statistik Daerah Kecamatan Kedungkandang 2012,view_pdf,https://webapi.bps.go.id/cover.php?f=bZXhfUR80FZRnOl4Lh1Ny2w3bGZoUVZHVnBtUjJqcm9PVUJmM3dUdW1pNUJ4eDE0K2x2VEN1WmY5c1lLdmRzaHl6R1QrcGUrQ3BWY0x5Q003c3l4SE1HMVZTRVo4eEs5ZGUyZldBV0k2ZEtXcW0xd041YlFhb2VHQUh0dzFBeXRrTmhVY3ZtL0RYUXN3RUhJ,https://webapi.bps.go.id/download.php?f=QAIR7BnMkCuE8AYHcHVnSUltTHJqWUc3aVpmeEdERERKZ2ZKUFdkK1hQZEJHZ2FadGpsQWR0cXlXc2paMWQrMUJSRFV6ZmovNFA5SWdvZUcwOXFZNUlXNzFhREJGOXYrbVd4VGh0VGVkQUJWcU5GalFGSFljVkU5Q2FvMi9La0w0RS9kRUdWNjRneXBkaHo5WXZvT2prU0pydytmbGxmWG5uVnFXL2x3NXpVSllvUnFJVlR0VTNQcGpnV1dBZUNqZk9WVnZkZkdRaXQyVWNKOFNuQ1B1NFN1M1hPM05ZSzQ1QkVVRlBiZ0hncTh5alRBRnRlcmNZMzJRVTJFME5lYTlMQndLbVNMaDhTc09IcFQvRzYxUFgyWDY2ZTBpdWR2WFRoT1JnPT0=,2013-02-27 00:00:00+00,publikasi
52c8517e-c74a-472d-b71d-815cdf56fbba,Indeks Harga Konsumen (IHK) dan Inflasi Kota Malang Tahun 2012,view_pdf,https://webapi.bps.go.id/cover.php?f=x3/ae1vcIiZLVWgC9gLAn2RzazQ5a1pvTW5BZkJxMnd5djR1VDFpck9CK0EzaHkxZ1FvMXVlbER3bGdqRXFiUWkvUzlXV203VmdsZVNUc3pHdXF1YlBzckluRVNaYXhTaitYd1Q5K0ZsNHFycE52VjBadU9MdTc0V1lwYnpYRlR5R2RFQXVrS0xRcUpEZzYw,https://webapi.bps.go.id/download.php?f=k+V231OVi/bbgLTHYDmRTHZGVnVnaXVPVFNiV2tleUNveUcrK3FzRUUzY0FPUE9EWjJpMXA3UTIrRExpNmNIdEo3a08wV0RubXpxdHh5dDZ2dklubGNoZjhkRWF1NVl5UUh6ZUgrWU5UV2NLVjdjMG9vVW9VenV1M3d3WXpjTk5LZFZzWUV0VmRXL2dpTXZzQU5ZMEI2R3RQMENTUnc1WDlEcHFuRkFlTXp5WVh2Qkc1YTFmWTNFU1hoTnZxbUUybnJCUG1GQTBQd3FOWkVYRUJTRSs1OWgwWU44dnkxd0lpbkFVeHZBcWpiMHdDbE9HOVBQdTl2Nnd0Q2hBYmNMWXBYSUpWRFJTcnpUcUF3SXQvaW5pVHYwdGxDZTRhREt6Q2FYVEZQS3hrRzZkWlJxblprMHdibjBieG0wPQ==,2013-03-11 00:00:00+00,publikasi
532273a9-ad23-4d42-ad10-ce363e14667b,Perkembangan Pariwisata (Mei 2025)(1),download_file,https://webapi.bps.go.id/cover.php?f=KrRUAw5gX8/9lBsPPojSDlV6MldLeUFqV0dwdmpSU0J6VXN0aGdkSS9TTWRqcDh1akEvdHZsUndWWlFaRXgvckI3OGo3UkZRQUxKL3NINFd5aUhkYk5FRTFad1JMNjRmWEFiZWx3PT0=,https://webapi.bps.go.id/download.php?f=nFcMh16AEuRK937G2FAAYk05TENaM2puRW96d0xtc3RFcEtSeEFJcjh4SWw2ZDBnZUUzUm1vL3dXcjZJTTBubkd1a3ArdC8rdDdRR3UzVnY3Tlg2UWh6c0hNTmRlN2Z2bzJ1RlBTbkxFbTlzZHNnSzFJTzNJK3pENHB6T2M1U2t3UDZSVEVwNktZNm9HTkI1OEhScVZCanhuRGpsNXp4V1A3MWliSTRtYVpEUlZNZUFKbFdqd3FKaE1wREQrWFgzYVBoeUtNbnNlMGtPNm96Zw==,2025-05-02 00:00:00+00,infografis
533650d2-d8fd-4072-a33c-4d6545060dcc,Kecamatan Blimbing Dalam Angka 2024,view_pdf,https://webapi.bps.go.id/cover.php?f=S2j7IxJcr1NSeMd704MnlXYrcG5aWnc1YTc3Ky85QlcxSE1hVzduVXpzTGwrb1hBWnYwVHZnRUttMHlxZmdFcC9OZzVNRlZCZmlQSjEyT3NjTGgranc3a0IyMktpQVoxWU9KemdjSW9CVEVTUUZSTzJLcWo1WURUZXkzbzdTd0U1d3gzUWpJQWtxZHhOVUVE,https://webapi.bps.go.id/download.php?f=/aLz8tidoyC2CeJgtRPkyGdmYTVmc3RXdzFJcE9PTXA2dVNkSVpqUDJRMDZwZ1VEK09UVWdXeWN1czF5OHdzRkhLc0pxbGtGZGdaaGFFZ2lVWkJjVWpPTXUwalgvTzdXTHpLK210bVNYZFI0b0lmdlBJRUU3U0JkNGl0cSttTGlrRUZjcGQ4dkJ2TUM5c2tXUG9nVUFlaWxGNis5K0pvYVRPUTg1ZFV1QTNFZGw3MXp3UzlXZU10KysrTUEvaStGdkFicTUzN21oTENVelk0YTRuQnU0WW4zU21jekhBUW9ycUEzOW4zWmRDZDJqUUUwZlY3YVk1US81RTFPYnZnRHdIaHdsVUlVcGFDWnFjY1M=,2024-09-26 00:00:00+00,publikasi
537d6921-dacc-42a7-91c0-bf06eb231c81,Indeks Pembangunan Manusia Kota Malang Tahun 2023,download_file,https://webapi.bps.go.id/cover.php?f=lqvRYRSviEk6YVWrb+TogzlSZmJuSjJhQk05Ry9zenQwTUM2WkJQcVZ3QVlKQzVJM3A0UEJnN0E1Y20rWnFobVF2ck9ZMnNCc3BwMEtaQ0hqL2xkSnpoRExXWkloVXIzY09IK0pBVGJLVkdYN3BJWXNhQ3F0Ty9rcnpaUFU3OXg5U2JTUEp3c1FDM3VTczRERTVLdC9iQ0hmRnFaczBsY3ZCaW5mQT09,https://webapi.bps.go.id/download.php?f=9tZGT6L4TmmWdLJcjLQaA2NjYkNIbzdUdkMwSHhEWDFOTGJxb1Z1Y0ZmT3IvQkR2MmU0QTZZL2dGTkJ5UGEyMnZ1Y3J4b0NlaW9udHF5V0RJb3ljVitMYlF1UE05ZDdENXdjQXRsVDF3VmlzSzlFUVRleFArc1dJSDcycW01b1RKYVA5bE5pbHFHUzhzanoxM2x4djdOREw4ZDNJUVcxdDg4U2cyMzZIWmt4dTc2QXdscXdWcHpaNUdnWUZjYjlLZ1puTlpCWEQ0Q3JGcnB5UkZVYTh4cmdzWjdLdjNHWXZuNWxXVW1yZkR4VzFaYm1KRmZONUExaUptRUE3bEVzRS9qWHpvNmtRRkdDZ01QczdDcTdxWFR3c2N5OWdZYmlML0hFc0dnPT0=,2023-12-07 00:00:00+00,infografis
540a953c-6197-4468-ba13-db83cdea11a1,Statistik Daerah Kota Malang 2016,view_pdf,https://webapi.bps.go.id/cover.php?f=b8fflULImluAK83j/kcOtithcmtqLzU5SFFneERwRUJJbFBWcXpQUWh2VSttRTRjdGkxMCttMGhTVUVpSFgxOVp3Z3IwbWlQTXF5YmRjcXZGYXBxcVJaclA3VHdOK1FZcklrN25WbW5IZjEwVXVyR01DeFpISHVuUkw1OXZ0alZacU1RMm8xTGp3UTNBSkRT,https://webapi.bps.go.id/download.php?f=F6VlfMnDZyjTDb6cwd0krlFkQjNxRDNpb3ZiODRGN0VvWStFcjVWTysvMkEySHd1VmpyYVlxQmpveGtmVmJla1U1V290SlRvM25TaERRVXBZb3FKWUtSNEtST1phZUVUSitnRU81K1A4eVdkcSt4YWRUUDZLd2hkR2gyUE10bEFpZUd1WTJNZ0E2RUYzRkRsOXdDSCsybVZic2pVM1BIblFhMC80TWdNV0VGNWkrNWJIV1Rrd215RnNybXFHWnVFNituUVdiOFlVVU5aWjdzdXJ3ODBvLy9TSVgrTjRHazhXRlBlYXdxelhibDc5NWlITGFmMlVvVGJaTkRaZTZ6SG45ekcrcUVQYThFOU5JS3Y=,2016-09-26 00:00:00+00,publikasi
546119c3-b074-46cd-93f6-2c43aaca361b,"Perkembangan Pariwisata Kota Malang, Mei 2023",download_file,https://webapi.bps.go.id/cover.php?f=ZWXHrpqjkJQrGT0rvumoJDFEejZCQ1RCbDdoemZHeStoTUdQWTN0bjIvWkRFT2REU3JmNituN1hUWmtVVWtQWFVDaHltRytlbE00WlRQOVhlL01uSXdVY20xc09Vd2NvZEFCWTlmTG16Z0hhdzJKZHRjbXp2a3dNUjJ0QW9Ma3dzU2RIeTAzTStITkdGSEdqRVJ0VUdPbVcwNU1ESU5YQWhtakoxdz09,https://webapi.bps.go.id/download.php?f=kdnU8SSQhI98cNxyx3blu0NTTE5jRmQvWUdSL0FYMHYxWlZwSHIrdFlsM2JSTDZCQzVFcnJ3bWErVExHNzVBNHBOc0phbXRCQnF1YnZuOWc1TlV3c2RQK1liVmI3dmVZM25BS0h4cUQ3N2RFa1dFMFp4K1ZQY0xqQmlaaFd3SnBVbHF6dEZKY3pxbHNHcjE0aU81UVB1emluVDIya1kvUTdaUVR4aEJidlF0UjgyV05wU1ZYc1BGWGhXM1RmSktjUGRmRU1xbDkwN2pDNW5wUndwQVF5cVJ4OGI0UDFRYitnckhHWE9PTWN2aWViYlZReHdSS2lBdk5jNU80L0xVUGZGcFlxc0VVVVZYSnRLVk0=,2023-07-03 00:00:00+00,infografis
552995c8-7e09-471a-8470-1d9efbe8873a,"Perkembangan Pariwisata Kota Malang, Juni 2025(1)",download_file,https://webapi.bps.go.id/cover.php?f=NJjUbI+xNFVHRMozBQArHExLSnhXcVlPU3Q5TWpNSitSUnhPKzFIMWxRaEk1empBWDNxczlYS0E5UW04RGlrL3hRMzV5NjkxWjlMN1JPZ2xLZDRlMExvay9pK2dGZVNsYVpsVTRnPT0=,https://webapi.bps.go.id/download.php?f=8iLjYLcMOsCXPb2kGjgvOVFrZkNGeS9rUXZOa2d0QlRlZTZwdkpOVGladzBkM29DWXV6Mk05SnZ2anhtc0xQbWVkU0c2R0JrZk5Fa1dnNGg2YW16aXhaRUpXQVFJR2huUTNKY1FpRGtSQmV4cVNIYmFvTGVkaWJFVElMbURMeVN2aWwzVDNvQVFZM0JXeVBvV0IrT01taWgreXhhNXhKUEJTdE91UnErdVJhSkpCRE1aY0dIaENKRFJsSkNaSWYwbXBTb0Z4V0xKendVMnFZTzZrRXpjL2ZuS1FMUUVHZFZiRUhnM2c9PQ==,2025-08-01 00:00:00+00,infografis
55b97d61-598f-4680-9fa4-51d3323bd348,Hasil SKD 2025,download_file,https://webapi.bps.go.id/cover.php?f=DTgh25OXzctYsHQroiUpoVNubU04TXB3NkRSWDdLVXF4WDNqa1JZWDMrL0dRM2RPMU1POXMvRkFaR2Ura0pab3FBeXFuLytyY2RpLzNhQW5nd1p1ZUZnTkp1YlNoZnR0cTJsYWxDUjB1UE5PNkVIMjNnWGkyL0Fya2dnPQ==,https://webapi.bps.go.id/download.php?f=QAsX9q2Lddnyl6mX9sYTs0Y1Q2ZNbWduc1RMTlBwdGNVN2k1UERwcUpFa3ZQUFQ0eHhCTm92b05XS1NUN0ZhM1ZCSWNoYzNPTkExZDJyOUtMSTFCVmQ4ME9oWnNzbElDTEc3NXNhYTB1TWdpN3E1S2hIYXFyS2VXOG5yald1cnViL0MyT1FCNEZuOGdoZ2FwcGlLc0hRMDNQWFJuN3YzbWlxbXNGQ2VNRVQzajY4aDdBczNGeGJldHJHQU9UNEx2bWh5UjM3cCtrQS9Eb2lBOQ==,2025-01-01 00:00:00+00,infografis
55f586df-7d21-40dc-931f-676323939586,"Perkembangan Inflasi Kota Malang, Juni 2023",download_file,https://webapi.bps.go.id/cover.php?f=HfrUju/6z7Pptyfu2RoBbm5saDNHRzd0V3ljVHB0aG8wTHFRRElTYnBrRGF2UHRWd2tmWmVyZFNCUjVJaWYyaXFsVEZ3SlQwaTdGcjhSaTNHZ29vd3hscmR4ekx3SzFJZFRCUlR0OG9GMVhtblJpK2dVUkpjV3pCOEw2dDNqaktOVFlpM004SWdLQlBMbDRLNGVoZzc0dVk4dE1iZTZvdzVYRzhnQT09,https://webapi.bps.go.id/download.php?f=ajM1Hw6SedBpy4MNojBQk1IyRXVHSFkzTzhSMllTTDRzNDBsanUrU3dCbE1iWlBCQjhId0ZTU2pEcXpSTzdYb2tZeVRDWFpQNTFUZmtwcnZocm13MURFL0Y0SXhhYWVJK1JBUFNkeTNoTnpNdUo3WWRuUHRyTVAzajEvTVllQUc1RVdQZFpMT1JOaFBobkM5SlA0WUw2bHdOeXVRZnpDMVp5dE53TFllQnA0YTAxWEpkMWhMQjhZYVlkME8zUFFDU0FEaGFLUzdmYlRWSE9uWUhVWHRuTTB6TEpieDUxUVZkZ3pjb2hWNEp5c1A5TXRIM1FGUUp5UmtWZmlrbEFPTUJTdHNNcE5mMjhLdkV1cFY=,2023-07-03 00:00:00+00,infografis
55f8985a-74f0-4185-b79b-4ab0f0a9d118,"Luas Panen dan Produksi Padi di Kota Malang 2025 (Angka Sementara, Hasil KSA Amatan September 2025)",view_pdf,https://webapi.bps.go.id/cover.php?f=g+5GBacLNASDsCF2BSJB0E5jT1l6TTRYYkhMWEh2SkdKNWV0M2ZsQnFrUk80ZkhXUHgvTE9kYWE4TElmTFJKM1lxNm1wMjd2N1JHUERrTmh5WG8veXV4T1dCMGoxN0VqY2lFemdBPT0=,https://webapi.bps.go.id/download.php?f=/eUXom68V/66KZeTFLjLlFZIeWRtdWkzZGkxUGdkVDN4TjdtRHVVZk92Um04SUJUWmgrNWQ5ejNyTjh3Q3QvVzYrR3RNSkgxME1zbUc1dWxxVDZ0ZzM4M1VXUWt5M1daZ2pvWXp0Z3k0V2RIaXZ3YjBzYm5TTDFNRVBOemVoNElzaVBVUWl5THpXTmx3R1VYL2tLQTVrQkdyNURBTlVYS2VZQmtEeUZzZW1LRkJrd2lScytTb0xHdGt2aVQ2dnpreU1CSEVsUUhHZnVGbFZtZ1RLT3doM2VXMDJ1Vnk2NW8zWHNwSjFKUG1vYXZURVViNVMrQzh4SURrM2VWUERzYmozb2Z3VlBaODNlZ1IzRkJuZk9YQ1ljZGRSbEdMb01rYVdCUDB3PT0=,2025-11-25 00:00:00+00,brs
56708a11-777d-4533-a277-0945a620a787,Statistik Kesejahteraan Rakyat Kota Malang 2020,view_pdf,https://webapi.bps.go.id/cover.php?f=IghlqSvjQJM0V7ecfGkA2HJrSEhWcmdNeFRDMEhJTVZoR21na044bGxGc2MydEJVRmxoSzZMOGdSdFNQREcyVkRyK3ptd3R4TVhrR3RoWlR0K2ZYczZZRDE4eS9aek1Ebnc2TXJ5SVR2dWI2TU84bit4d0MyZ2t3Y2dseDdOSjMwcmZXQjdFSkhjSnhWNWx5,https://webapi.bps.go.id/download.php?f=0Hnsg5nryxfwbQuRU4150HBmZzVpYzVDMVhsSlFsL3F4cjAvTVRDQVJtVkxpdHFNeWNwaFI4NElvNkVDMk5IMzNZVGx1Nm9tSTBkbTNxbk1KZzMyNDRla3EvSVZUODhYcSs4M2preThEN3NHTVRJZFFkTDR5OWlTaHFVNy9tdFhJTnRHd2hRR0VWbGxiK21jVE9FTU02UW1oZ3ZSVmlpYW5ZSnllYWRZc0x0S2tNUzM4SVlndmF1MG91bHVNYy9IaDMzZUt0ZzRlN0N2SGQ0NGp5WDRHVmpaMjhWUDc0Y2tEcWE2S2hGS3c1MWV2dWRBMHhESHBzQkJCU1BnVHFENmRZM3J2eUlmUXU1Y0MxVkMrRURrdkpYRHAzd1VUU2QwL1M2M2VRPT0=,2020-12-30 00:00:00+00,publikasi
568560ff-834d-4d2c-bcb8-9398da8c7b3e,Indeks Harga Konsumen (IHK) dan Inflasi Kota Malang Tahun 2014,view_pdf,https://webapi.bps.go.id/cover.php?f=ePOo67IW77YzPKmjTtvUfkdGeDBXaVN6LzAySTJFdzQ0TURLRU94NmZvRXNaTUV6YjBuNjhYN3RMVFVJU0VYZFZsQ0tmZUI1QmtWVUhkVFp5c0tSR2NoeHd6VS85U1FiUHphYmExZ2dBeWZ6aHpqaHJhL0FjU2Q1cmEzNFBEcmdFVUlZY1NXU1U3Si9aUmFu,https://webapi.bps.go.id/download.php?f=Ecec547AryQaepnUHpEkwWRIcUtvTGl6MTY3T2MwVU40dTlVU0R3MU16bWFuK0tQTS95NmNQbGd4SklmdXdGeWRJcSs4MmtzdUw3dzRkZkVTUDFQYjVTL2kzZXBIWTIrdXp5YjJiK1dTMFFZNGhkU2MwTWhuRHpIeHAvcE4ramZMTS9RODNNMmZlVVJGZngyQnZleDI3dEtPdlJrNnhJcGRDODZuc2o2RGU3M1VNNjFNOUJ6VFVqc1h0ekJvbGMxK0JGdGVUc1hEZksxN0xnUnJWWWJEYmloNjV3WS9UcGVhT3h4dUlTVnlQOVRDa29laGVSS1lzUHZlVUw0VkRWR1NDV0VIV3V3YTR3VmRSRWROZE5ZK0RtMUdySUdIdy80a0l0VE9EVkxTdXZWZnpXVTdjVW40eDM2TXlnPQ==,2015-01-06 00:00:00+00,publikasi
56cf163d-e718-4699-9e57-326404c46a87,"April 2026 Kota Malang inflasi Year-on-Year (y-on-y) sebesar 2,7 persen(1)2026-05-04",download_file,https://webapi.bps.go.id/cover.php?f=bqlrI7M4vKpkz420jGjH3FpkOUcreFpRY3M0Sm1uWUU1UnF1OEZCYUtOMlVmZXdqNDl3WjhiZ0F2MGZSTmJqRHllRHNiWk12cFdVZk55NUdrSFdKMW9wcDRkNElzMmdtNTdob2VRPT0=,https://webapi.bps.go.id/download.php?f=vnypg/8Ixap7J9gxg7QzhmdWcXdXQjZZODd6di96NW12NG51Qkk5VEFNQVMxS202Mktlby9rQW9IZUhIamFHd0hnRmZBczdBRDFTYTU3K3FnTDFOVWt4WDk4b3RmMzlSNThVSUdmSlNSU1dLV1prVmFRd0NhZUJxUlFWb0c4Q215STRSWjZoN2VqNDd0RFZYb1ZFbXlyK2xROTcwcmxlcmlzV243ZlNrL0RpTGtCS1NpQW5BZG1kRGV3Z0Z6ZzgvL2xpSzF2YklXTFhFc2h2ZXJHeHlCdFl5b2V5KzBGOUFoNjlmZkQzWndsb3RmcEdVTzZqQU1SVTNqdWpuU3NLYit1RjFXM3h6MlhYc0p3d2U=,2026-05-04 00:00:00+00,infografis
56e4c073-dfef-45a3-a455-8e13a7bfab58,Statistik Daerah Kota Malang 2010,view_pdf,https://webapi.bps.go.id/cover.php?f=CQL6kjh2EERswZmuFcQNIDdiVDlOOFI2OFl4RjlPK3FkV1lhSEhWRkxpblJtaFQ5UkF2a2xjandWUVdlRjdVRkdHbXpiYkdIM201bllEemZhaCtmLzBKdUl0cEhNV3pBanF3eGp5U3J4WGFtZ3NnZFdtbW5jY0tGa3NBeHhpdGR6V24rODcvbXhhQlBQV2pW,https://webapi.bps.go.id/download.php?f=elXOelvTjsEdrqX+s8CF3XpGZVhtU1Nsdnh3eERUcjBTMjNCUEJpSXM4Smxudmc1SW9QM2JlaWt0ZzBzMDdJZkdUazlPNi9VTFJtaVU0NUdHTFA2QjhaVldsR1RwbXo3MXBuWk9TcVdVQmtYOUg1c01KUitSR0hMZXZxMmp2dWNxRVljMDA1dXl1dEJSWUtDZzFZRzJubjF6eDFna2VKMHRvdHBaN2x2WmovYXhSUU1CTEl1NlU1b20wRCtENlluTVpnM1NZRXhDWGZRL0tGbmhVWkQvdERVRzQxeHRjTkFXL3RtT0poYm00ODBRamp5MjJXREZYdXU1TjcxcVU3aENWWDArWnVBWFJjMFA3b2U=,2011-11-10 00:00:00+00,publikasi
57057cf9-6ea7-447a-8c1c-a4189ff967b6,Kecamatan Kedungkandang Dalam Angka 2017,view_pdf,https://webapi.bps.go.id/cover.php?f=yE+PX9UsN4HUaG/KsgDdnTAxdTRLdnJnSWJyUGlFeWduZE4rR3pRYlV6MytrMXJ2bnRhb3FpVXFlWlN0MU5uWGtreWFuaStuejJCRGFTbE4yV1pQMFA0L044SDZ4U1lZK0R0V2M2QW00RVVaRElUV0hMTmxMaHJnY2c4TGpUbVJ2MEQ2SDBBYUMxdzZOWlBB,https://webapi.bps.go.id/download.php?f=meYWged2iJA/CTLF+6wQk2IyRFI3VGFxbFFuSm5sZ3hSdERicVN6RUhIUTdqM2k5WmpSaE5xYmg0V0lVNmFlbFB5eW1nbHArRDNNZlhaZWsxVTFqYkMxZWtoOVB0ZThDWkkyMS81UHVjWjRUTDRuem5yeFFGQXFzR2lSWDlONDdLZlFJNHlzNHkxSGNnS2J6SllTTGdDU3ZxVjhFY1k0UzU5dkRhWElHNlpQaEd1WUxsc1RCSERoai9MenBPQktxZCtFSm5XdkwxUEYrTDhtWWl6L0hoaDBHOXd0RVpadkNDdk5zbldOS3NrOTl5Q2diUXYyUFZRMFJTMncyV0xBRFd4Tjh2YnZZR3NWc2hvenA3eStycWJHUVFxczMyTVBkeFZySVlnPT0=,2017-10-02 00:00:00+00,publikasi
574708b3-8357-4010-92ac-fe561d3e3754,Statistik Daerah Kecamatan Sukun 2013,view_pdf,https://webapi.bps.go.id/cover.php?f=9XfLNZ3vx01i/dAzBSTOGnROekVWQkNnb0pmanNCODJ4cDVsN3dHWkk5UWJiZjJGNEVjMCtjTDN3M2s4akpUVXVURmlJSzQzUnZPTEUzdEUvenRRY0pXNFFTcWU3ZFVJT25aS3ZQNUJma1JYY3dpalZ1eTdFVi9rZTRvZ3ZEaCtjWGZLNnpyRnV4S2YwdWkz,https://webapi.bps.go.id/download.php?f=ZcNiPRBiJVWK4YG5Lr8l/U9oV294akxVaWRwR3o3VVN1YkZPZFQ5cnQxTjllT1ZwTUs0UlIrZXdXUEV3emdmSUdKNFdkd3EzemtJQk5nUlpvMGVkdTYzRG1aTnBiajc2bFkrRTRnODh5OEZNV1FqN2FLU0s2VHdqemliU1FnZEN3M1NyajFETkNTbXN2eXlQRGtvOTV4SEN3Z3ZvOU9CeEplZVNYNjltdG1DMHMyRTVpTmtzM2NzQm5MdGNnQ2dTNjI0SS9UN3VXbzdZN1VBakJtc2hmVUlWQnBnUzZaeWNxNGNrNkJQNUt0NUFZekNNejI3N2Rick9tS2paQ2RHMXNZdGxBRWVncnhUNlRodHg=,2014-01-14 00:00:00+00,publikasi
57512c3b-2b04-43ee-8851-17277c4d5523,Produk Domestik Regional Bruto Kota Malang Menurut Lapangan Usaha 2019-2023,view_pdf,https://webapi.bps.go.id/cover.php?f=wjUJZeqPBP4/urRaEYBOw1BHTWNpRVd0SFRMUUdMODljNE0rdnZHSzI4MWtEODI3YUduTmpSK283MlROekg3Y3pwUUFtZlIvdEgwcWkxQWprVkFGS1NZcVVPUVJmZHVlejJjbkQxNm0yeWdmSE52QmIyeC9mOHE2WmxmUnJKWTJrRkUrMk1yQ3QxbXVCb2NV,https://webapi.bps.go.id/download.php?f=WP5kgE+u+U4Fzef4Db2YwE9sbUhpdWhOMXEzcXlYWlMwSWFQQ25HdlA2eDFLSlA5Y3RrTytFd0FUdnYwT3ZYRzZoOE9tZVJ6VmpnQ2tRejJSMk4vVFhQVlhka0xyTzZTYjdpOS83bzR4QmoyRkdvek9GRnVaaEI5NmRHZkpvd1VBYzlvaXlzSU5HWmRQQmxiOEhuRTlTN1dRakR6aWRhTkhaUmh1VmMyNUhzOUhpOW84Q050cDRSd01LRnVzVzhNSmNWbitmU09oSStiQ0phaTBNWmhJK3ZuYTh3WEdBRmJCYTNuRlNjcnE4MDN2K2E2Y2ROcEd6Y20wVTRyT3F4d1p1RDVnOHVtQ1R6dE5SdFdXSzFiWGd5RTdxVVRMcDgvQnMyUXpZYUwwYzlseEpwQ2RRaW9jQ0pKazdQYXVxeEcvMFllMzZuMHkvdFQrbWZn,2024-04-04 00:00:00+00,publikasi
57549dd7-f9ea-408e-be73-a2353c747498,Kecamatan Lowokwaru Dalam Angka 2022,view_pdf,https://webapi.bps.go.id/cover.php?f=jqoa65D2xMETWAWG9Mp1K3F6TnZCRjZqV08wQ2ZRZnlQNEpIVk84TEFYZGdtMkdYV09BM0wrUnp2NG9lTER0NlVhTWI1YXlDVk5tMDlpbWc3SzJnbzRtODUwL2ZlaU1BaG1xcGhpc2RLeTBGYittVXRtK1RmZ0k4RThVYkV4SUFZL29ESVZiYksrS2I3VjNh,https://webapi.bps.go.id/download.php?f=Ssxbx7xepQCWledFWqtQ929hZDhrNVhOaUVJbE1HeGFwbFdDZS9ROVhNT3Nwc1RwUW4xTzRuanZwU3BydnBYU1ZJemkxUkQwZ1dOcjlrNWJNdjlTSzcvZ2RXUDEvS0NnRk1nUzVnTXpaOWNxMFFZSDRiMVc5ckpmdDlYY2RuTnJ0MDVFeEphMkhKKzVsUUJyV0JxWit4MThvaWVBVUd2RFpJMzAyQnh6TTFOQmdrS2lqdGpwSzVyejhyV0dTamJ5UWFOR3BJdXVSbitnL1BFd1FJM3Z3a0xTWWhKTkxmS2lZZXppeGpwclNteURnY21pdHN6VlBXdm1ybGlhZzk0MU1BWU5Wajd1N3Q3cFlxMGw=,2022-09-26 00:00:00+00,publikasi
57997211-ea24-4535-9d32-8b201b39d3d7,Inflasi Kota Malang 2023,view_pdf,https://webapi.bps.go.id/cover.php?f=JVQh5cpnwCkExDHF3CvJfmpGRUQ2UVhoekc4QkZVNVlyMlpidmhKR3g5aGxGWHdhT2E2ejlsU1MzV1dpeS8vTWxaNUhEZzBaSjQxQklxaVo4aVJKSW5BWEV4SVpLN0l2T1pjSzBDNUhqN1RtM2hNbitKVjlhU2hhaEJXUlFxVExzbzYwSndkc1ZFQXRoYjZM,https://webapi.bps.go.id/download.php?f=pNOcUwJGkbvCZ3guABxITjRnRnBXQTZ4V05uNFVrR1hjdm9LTENLQ3c0RVVBNkFIa0NySUd4NFR0cFJITlIxK2FOVUVOMURma0UzVGFtOEh4dnkycm5JQzBRR2l0bW1lc1YvcUczdzdJeDJpN0paNlpFd1ZWQ0tSUlU3ZGdmcE8vT25vZEpGV0hlWTIwNlk2OFhrTStta0hJWDZic3VkZ1FWN0ovZ2IwY28rUmxCMzQvZ0RMR0Y5bGNVTDc3aTVyMk5IY0g0RWlJd0x2MVBWb2xNamQ3YStOZ2J5Y2pnRXdrcVdJQzhxL2hEUHZzRGJuMXV6a3cxcFFNU3NQcTgvcGZiVXpPT0F6dmE4VVRkbUs=,2024-01-31 00:00:00+00,publikasi
57bd47e8-c4c5-4a9c-b0e3-c265a0f1295c,STATISTIK DAERAH KECAMATAN LOWOKWARU 2015,view_pdf,https://webapi.bps.go.id/cover.php?f=JpslkERmNHGWU7IeQoqyb3Y2WXVwR2xqZlowVkVZQlJFOHlYUzNjWWVNVktnVXlGRXZPd0pDaDkzV2kzVkI2blRQODVJdzVMbTBSOHdKTjhQcHh1SWkwY0xMa1ZtRDNUR2RWYzNEQnFQdFBFdVZOTFhhOFNtRStiZzN0SUVmYVhiSFhTUENlR1FFOWVwb2Nt,https://webapi.bps.go.id/download.php?f=qEJfezhtAafpMohOaxR0pytxZUZCaUlSaDJ0MWQ0TitQdEViOVRLUUc1RDJ6eHdoYkoxODl4czhsZXhYOWY2d0xrdUFHdyt1dEVaRG9sMzJrbys2cUh2amF4bkRCS041UVNRMy9mQ1JRcUk3RWxzM2lDWUI2ZVFwdVE1eDhXSFJ6aXdaWE5LbGV0UjQ0Ui95OFptbDlPVm1BN2tJV3kxa0ZiaHdSOFJuTUc4TTRSUXRwZ0RmRkxKeU8veFFVeUh4WVR0Z21POXNEbUMxTGQvaFhaTG5jYStmY1pCTkthU0hqbk9RUG5oNTRCaGtyV2djaDRIdUtVQ1hxMDhOZWFSTWxxV005bEdtcm00bmlpNFZ4MGJIbXk4WlFHWmFxb2JVKzFCTXRnPT0=,2015-11-20 00:00:00+00,publikasi
57f81034-a464-41f4-8c4f-66dc9379a7d2,"Perkembangan Indeks Harga Konsumen Kota Malang, Agustus 2022",view_pdf,https://webapi.bps.go.id/cover.php?f=jtXp6ri7lGTn7StcJtF8DEx5ODJlUUZYc3ljYlF2MVJQU0R2eTNVcE9mc0puYWZuVHhjd3NsclAwNHdoc0lOVUVxL3NxZEJNbE1hWGJCbm85VUp1T295dUg0VXhyRzcrVDNYQXhKaU1XUjFCRWUyZUlSMkc4WjU4bmJQVnY2UStHU3ZQbnJrak9aT01yQXpxMTBwekhZWDBMTlJQYUQ2MmZhQWg5UT09,https://webapi.bps.go.id/download.php?f=ng34GvNT3zzROvQu756zvVE2bzZzQ0pqYmtpTW1hOWVLV2cwY1J6VUFBcXVnV3BiQmlramZkVjVZSzZYTXR3Qjl0UzRGK2R2U0JZY29Ob3djN1ZzQ2FybkR3bFRQMDc3KzI3S0thOVNSWkRtQnpGVENNai9UVy90V243L2dCZnI1RUx2eDNmM29xSjVaTGgzMTFVU2liM3hZeTYwQlVEZ2FLUFFWSWNiVk9FMnJud1BzRFljTFNpdVhMYXB2a2MxZC96TzVvQmpyZlQyZjltL0VBd2Z3a1dsRjRtODJSM1IyNW9rZmNqOUJzaVZ2aHpObU54eEtkRGdxTW1rOXhiTENMQ3h2UFp6ekJXRE4rVEM1U3hwd3BFWmYyeHhyWnVmeUl0WXhHQlNHWlI3WlA3OVczM2JEeTB3VW5xOVEyaHlpellwVlJwdUcrMnRManJFa1RZVlRNbUNXTFdrRUw2RVI2dE4ybTM4ZE80R1JqSW91eUdld1Zmemg4OW1Ta2RGWnBETnVBUS9PWkNYbXEyWU1kQmp0Wkhkd0Uzb3BTVFVNUVdFbFE9PQ==,2022-09-01 00:00:00+00,brs
5827b546-62c1-4711-aa37-20c7a4687ac5,"Februari 2021 Kota Malang Mengalami Deflasi Sebesar 0,01 Persen",view_pdf,https://webapi.bps.go.id/cover.php?f=QXiMecaThb/K8l2J7/94mk5RbXdBbzJyc1BobkZtRlFBTVhqbDVnQURvNzZGYkVYWmQyamE5ejlqeUN4Rzgvd2NIVTRZMWhxOGw4MnRLQnljR2VpOXJ6MlJCOFQ3R0Z6WjNBZkZVZFpuOENoZ29vb1BCSkI0YWMwRUhDczV2RkkwNWdrQzB4MTBUU0ZnVGhP,https://webapi.bps.go.id/download.php?f=w5zpMx6+bZP9FQN+tniBzG1PbzU4cnBuc1UxMEorSGNSVGNnNFpLaHBFVjRVTENKanY1dDhBUWtHYnkzTDI3dWFHL0RqYlc5dVVScGpIaEt0eXZWM2F3Q01xZmplMkEyVi9Hd3BNT0hGeVJTWGlYN0R1c2sxZkN5bHh3dDJmYnc4Y3RWOHJQVjlhRnNNNjdJRXBTemZWUmwzWHgwczQ0NG1FditrU2FlQ3dEQmk1UVdEWGlJWFRjUm1PY0pVSWxrTTlGN1VUQ3pvVkNoUnhSa1hZZ1lEc1p1NzVySHJuaTJOb2VaaWRQVThDWVk1S3Q5UXQwTXdvNXJPU0h5dWgyMUlWR0wzTnlkY3d4eHFYbXhjTG5SMnRodis5eUFxMmZPSFNrRUhOODF0Zy9DRkNCUE9UbExHUXNwMEs5Y0dVSkMwNmRGQkMwWGdwNmR2UVdHcmtSVnNJaVl4MDdOL3RXY0NJdVBWYjN4WTE0c0Q2dHVka0dPZ0w0Q1dNYzkrRDdlOXR0Q2ZEYnBKQzF3ajMwK0JhZjY2ZVR6MkhJdVdtQm1VR1ZlZFE9PQ==,2021-03-01 00:00:00+00,brs
58ec5251-fb18-49c2-85dd-0ab5e998ae06,"Tingkat Penghunian Kamar (TPK) Hotel Kota Malang Pada Bulan Maret 2026 Mencapai 35,22 pers(1)2026-05-04",download_file,https://webapi.bps.go.id/cover.php?f=Kv2PRlSjsiVZaMjnuUyHPmxaNU5mS25DbnRHeE9ObVB6NWlEU0ZlTzhxM0h3WWlsRGsvc2VXd095VW1OOXBacTVtcURUK0g1TUpyME05OUYwT01KMHJaTXAvb3ptSklPZkdvREFBPT0=,https://webapi.bps.go.id/download.php?f=5j6Z91ZTvk7E2LhdGUvy9UV5ZHR4YXZYVC9DSldSUDVHbE8zMGxZbVJ6Ui93bXNGM1RrZklKT0E1NjdPazh4ZGdWUVdYMEJmaUNhejRiZlRyRTBtM3ZlMzJHZ2ZFVWNCTUd6SzVLYzBzblUrL0lKbHJVUHlVZnZONlZxTmZzRmlhdjM4U3MzODJYcFNmTmM1ZEREaGdxaFdRYW05RWhHMGNJbnAwaTBXNnMzdDVHRk9QU0VJejhncWpyQWJ2R3JTMEMxNjBTYSs1L2xsNU80S1B5ZDlsWHJQT0tIdUpEUElYNC9sYnVYT0JuSDRySjhPM3Qzald2dXlxQVdQeFZRbzl0bmNISTVKUGtjdkZqcWcvVytCakhsZGJaSEhXUkpzTUJHdUxRPT0=,2026-05-04 00:00:00+00,infografis
58f5d354-fb4e-4343-9bc3-23662ac9d1d5,Inflasi Kota Malang 2022,view_pdf,https://webapi.bps.go.id/cover.php?f=qd5CxhTKUpFxlo7p4elJYnpRd0NjOU9FT2VmWlQ4K0d3K1BmRnJNdEtQeHNxMFRpT2VuaEdhcnQ0WFdnc2QwcFNvQVkrVGF6OGxWRktUcHZ3dmQ0SS96dVRRemNpSlg3d1Fid1c1VEJ1ZlY2dEYvVHpyWmE0R0t0ckpyYlo1QjNtdEdSZ3hhV0pSOXUrOWVq,https://webapi.bps.go.id/download.php?f=Wzbcsbiscy51+nKiO/7G/nErUlNHSmNTS0I1bUsrdy8xZTFndkh0Tk1RN1VMZzVZOHdlMmRyRUxFY1kydUR1bEhQbjQ1U1JLNkRsVExpWXlNYWVDUzgwbFdiV3dReTVocUNkTDlBS1VJb3ErMlZiYTl2NDIrVjJjVHVyYUNCNEdXWGNpbGJaYW9VMzZac3FFajJEY2VyZjQ5aWdxaWJ5aSt0MVltS3FlbG9FWDhPUThpdS84S0ZLdTZFOFpMWkw4bURNaUU1dHh6cnhnZkxLZHpxTVdVNEUyMm90aWgvUmVmNWg5V2N1ZFcyZENod05HRkJ3d1dVVkFqbjRxTFkwRW1Cc1ZvSEsrMzdnKysvUVQ=,2023-01-31 00:00:00+00,publikasi
5959119b-041b-4751-adae-140f6548a9d3,Perkembangan Indeks Harga Konsumen/Inflasi Nopember 2013,view_pdf,https://webapi.bps.go.id/cover.php?f=EhXOJMP/BTT/wyDzP11PR1pXaHdhcFphRU5xUlpKYU9JTkl2VmY0TlhGZzR6ZjdwM3ZWa0l0bnFYWTgxUW8zcldZU2lNaEJtVXNYT2IvUzJSNnpDQW1RK0ZHcGVPVVdoVjBYN0F3PT0=,https://webapi.bps.go.id/download.php?f=qKoYFn43NtThyH2CedzELGp3dUx4cXUzVUhXV0szZVcwTVVuUHo4VE5pMkVwSDl3NUhTaVRsSHR2QUcyY2FlVWRzcXFDcEg0aGZ3ME55YWtaOUlwSmxDVmpQSlp2ZmhHYWUwOG5rdlBFZ3Bwc3N1QUVwUU43QUNtUzZxMmNJM0JyNE9YZmcxeEllbjEvMnFhOVp2Y1BaL3gxbGhBQ05XeWp4SnRaTTgzME8va21keWo4TVRYNVFHVXpQSVkvV2dGYnF0V0JOeVNhVnVoMTE5aytqTWtIVXdzdGlPT1p1NHFaSFNVZHNXY0JZRFJ2VVE5LzVMNS9mT25Uc2RnRmVNNVV0U0ViSVVnZE1zZmdwWFNyY3VxV1JySFU4aGZSK3E5UC91WTBDSFVrSTFudTM0QjE0eW1pRVZqTURJMlpKRXFLeU9oVGVLczM2ZzhlM0J1WDR3d0N4WEgzYi9mS0FCcDNVQUo0OVkxSkxHYUJDTXZQM2pvb1VnMndYTC9OVlRreEdkaERsbzI4bXdWV0JrYQ==,2013-12-02 00:00:00+00,brs
597dca00-a0ba-41a9-9fbd-ddd255a85f27,Kota Malang Dalam Angka 2001,view_pdf,https://webapi.bps.go.id/cover.php?f=PGEYi0BYdgoblPJq2bdDqFc5SVhnOUVkMGlIaHl5bHY2U0ZtQnZjV3cyeTVHb3liM1g1L2tJcStDQVZheXZMVTVTRjBPZkUxa3h6dDR0ZnUrdC9wMGlCTGFha3BQaFFoYzUvUytqSGRhNXFwTXVyU0h3WjBsa0FCMEwraUIyM3gwNVdlK3VwRXh2TDYrQ0dS,https://webapi.bps.go.id/download.php?f=ivCfDTmYY5TRCRCoVDwoEnBPMnZILzBEcEVtNTBTT2RUTytjazh2bFZ6NEpZYktDaWZ2aGQrZHA2MEQ3RmZIdjA2aVFubUJPVVRKRzZ4VVRYUmphZU1oZlZndnJvRmtiZVlJdGM2ZGRJU3FZMFRlcDEwUVY5RXdlRXBhRG1vakMrbFBOSDBlemI5VDlubmtyaTdiR3EvRW5NanRTd2VLeFJDSWt3a1B2TlNzYUNoMzBORWNCUHVhb2F4dzJNN1JtZDFabkMzVWQzWmFVK05LTzM4dXpyeWgyYmpta0RpWS93QTU2bHdTeVVuTmREcUlWMHZkR1YzQ3U5V2lMcm9qWlNFU0kxY0hMaEo5eXczN24=,2011-09-01 00:00:00+00,publikasi
59eda063-9b16-438d-80bb-4e2140ec6e4a,Kecamatan Lowokwaru Dalam Angka 2018,view_pdf,https://webapi.bps.go.id/cover.php?f=dCH097gvFwgDEcXzI5aWbzNCOGZxWG80N0pZRXJWRXZRRnN2RlgraVVWWWlKYWMxZmxYTEJnL3I2K2RaNHZlOERuRzhpWTYrWk9EclZPUmVxV0liOUlBVjd1VGtiZEcxa2VseE1FTFptdnh1QTBkT3pWUmdGSFZ0dGVSbC9TdlA0eStBNnNNYnlJYlFRd0sx,https://webapi.bps.go.id/download.php?f=W0CqKCPh9j79Ot6LQ+UvRjdlOHUzeXZuQm5VVFBYbUNSek9QT25zRE9GbkxCM0xHQ1F6RTlQM0ZwQTlwNzNDd293c2kvLzcyWjdUSnRpbUNaS2NCRFozamszVTVTZnBCK2w0UitQSjJJWXpRK1EzWE5XbVJNLy9EVlhWTThUWWpUeWl4bjFDTi9QL2VSTTRxQ0c0dzV4WkNjOUswOXRuSlBGN1VvM0w2cGplTXZ3aEp1a0w5YlpJUGtZa05zQnBSZC9TMk1zd0sxUytsN1QvZGdtWFVvS2p0d25abEhnZVZkZFVnNVdDZTFXdFEvUlkxR0Y2ekR1RTJxVTNnT3FUSWREcUFQT2lYRUlDZDVnamc=,2018-09-26 00:00:00+00,publikasi
5a3f300e-c483-465a-b9be-21ecc5ff6981,"Perkembangan Indeks Harga Konsumen Kota Malang, Desember 2022",view_pdf,https://webapi.bps.go.id/cover.php?f=hH3O6gF0EK/+KDuYznNbe2VSM1pCSTBRNjl3V1BNNVhRNHN6Z1ZLTHd2cXpxcEphQVYwVjVSK1FLUlVkcFFjdnVUZEFPKzF2amhQcjFaeTBsaW9iRHJ0L3VXWTFqR2ttVWZ0bTBlbmdyNjRqME05SEg3UkttSVplWlFyNm5XbGp6MjlwUkpVa1VMY3AzMG9IN3AvREVmSXdNbEJjNHppbnM1UU9ydz09,https://webapi.bps.go.id/download.php?f=MnUSA4FcwYq/0B0+lf3niDFzdlRvSk95Uy9WUDNHZmQycUt1RGJjbHJML2xiVVlPdktjNnAvRzc3NktjRmJYaDJSOEJVODU2UXUxODkyZTBpVldCQWNuS0Y3RVFtVm5lY2d3SExpZFlpRzBOYkNhVmhiY1lLOFRrU1YzTXRuNVhrMkJqUWdxckw2bVFYVVVZRFhRTnp3V1oycVI5U3RHQVM1YWVsSEZBZDN3Vys2RDZyWG5LTk5TVnI3dWMva05sSjJTYUd6dGhwdEF6ZzZvNTZKNUxtdmRlVWh5TFNDOXVGUS9KQSs3SFVoSDk2bTJFWGZ3Zy9xbWpWbVkvYzZJek05Qkg4V0FrZnpQNDdWU3loRGYrOW1HRENVSzMvOHZSSFl5U2t3RURGQjJVSnJ6MEhoVzRHUjdXTThCcEFqOFlkeUpYR214YmdsUnlveUpCcWZzcnpJZ1hZYVlsZjNXODJOSlhUekI5bmZSQVRKdk9abTNXUEJ1MWovMjRLUzhYSHl5VXN2aDd6UTIwRzhmL1FsOGlvUUl0am04OFk1UzdoU2NNTEE9PQ==,2023-01-02 00:00:00+00,brs
5aaab8de-549e-434c-8657-ad74542b4456,"Mei 2021 Kota Malang Mengalami Inflasi Sebesar 0,14 Persen",view_pdf,https://webapi.bps.go.id/cover.php?f=nnuIdX9yqfYDox1JZBWtL2grdzYzTzFnYTZmZXc4YmFWU003YUpUQWJqRmlTZ29UeXV5alRTajBzWlpZeERIeW03YWtWRGVxWjNnSEhlTGhxcDJGd2graGxUVlQvdDc2cXBnMzhwWHQ3NXBuZ0Q1eVA5bEdRdjRvWjhZPQ==,https://webapi.bps.go.id/download.php?f=GAC3X8ia3TyXYHMy/SSY9m5RQmd4dmswRmNDdURYbThBS01oWXNiUWpNeVZ3TStERllpdHFnelRyRlNOQTZPR0toYUQ1S2FmSjJiZnVKRG9DdzRSVXdYM1dnMjRZV3B6ejNITjhFQThmNURpbHZmblNzVU5aeE1DRElyRWtoc1llTTd1U2N5UUsxT0pVZGFPczJ2VWNvOWVLNXRLeEI0ZGJaRUozTTVZblFrbTVzNEZGTUgwRWw2VGxZYTZhTUQrWG5xY2tTSlVSc2RXSUZ1T0toeFIrV0tBRzl1NkJjWTlZOGIxaDJoaWx0VlA5SlRRVm9yOHo2eFNYTlVCU2lmK2o0anJhM1ppaCtlajdXbDJIeGpxT3dUTXJBeHRIN09MZjlNUzc2U3lSRnZPOXp3SllDQmNMNU1rSDBzVkhkWkRKNUlpcFlOSDArK2ZpL04vZTBRai9TSWVFVU1GS1Irb3FuSnVYQVRZVXBDZkY3VVhYNnBTOVBHeWNoSHoyTWdXK1F4czdSa1lDTVFsWU1ubU1GdWQ4SG1QVWNhRytzeW1OendqeFE9PQ==,2021-06-02 00:00:00+00,brs
5b88d6f4-5cd2-422d-bf73-4483bdbe3faf,"Perkembangan Inflasi Kota Malang, April 2023",download_file,https://webapi.bps.go.id/cover.php?f=Lv4zUN85AHMp0ThANfVl8GZ2Yi9LbHZVYW1sUmJBMGdqOFhQTmgvMXdQaG90TUJIdTFROTAwMTRaWGtReHQ4NFEvL3ROZmNMbGp5ZDRWMjBGYkRneHBPMGh3bTZHRm9mdWUyM1VTTnRTRStTekJTZkQreldKU1dTRnIvanJqZU1uOFlOeVZSU3V6MEpxZmsyZTZTZmdHSnArOFhUZ0ZGTEZUMmJQdz09,https://webapi.bps.go.id/download.php?f=6XukkUoHALmgd4FSs8at7GROL3FvRnA1MWF6UVFKUTdnMHlUUDJGUFpuTzMwa0M3VkYxdEZmMGNWUVJFNXFRb1J2QlNwSjJmM01nZXNrcGRhSzQ5cHRWTzR2YXVFWEJta29ucUVmb3hjNDVyUE5BbVdDZ3E0OERNNUMrUFdCditJelpCczlzTURwaGpGT1B1TmxLVW5rcEVneFV5czZ1M1VvVDlhRmVaTG1mNWRDaHZwUWVyTWtBTnVMTS9DZ01Md2I4cG0vZyt0WlFURURHWC93cit4RWxDZVdvZUxwb0FwTGtsVGh3U0xvUTZ3VmJEZSs0RzZXcWdjNjkrN2NiUzY5bDV2dDQzYTR5NzZiOGg=,2023-05-02 00:00:00+00,infografis
5bb9b095-08ad-49c1-98e7-64e4afff2dfb,Statistik Daerah Kecamatan Lowokwaru 2016,view_pdf,https://webapi.bps.go.id/cover.php?f=HpgyOSatPhNuiNiJMCXHl01RSjVWUEVaUTVYQ3hqWG5ZSlFCTWI4TzloRE9JZzZJZEZNR1lWUGU1UWU3cElsUndXS0VNVnorWm9KdUFNSWcrUURhK3VLeWVjQTFEQS9NQVRGc0IybnNBazQ3emR0a1BSRkFPeUxRc3JENHlIdnpLNm9mZU9nL05tUUpuc1VU,https://webapi.bps.go.id/download.php?f=BnhaLkad1CgVcxV5GKvoqGh5QXJhMUJyTHpxdVkzRGUzOXdRdVJmRzVQOWRtYWlGVkhlaHFzczB0ZWQ2aUp2cGd5MnQzdm5Hc2MvWnZvUUZBS3JFNy9vamM1VHhxRzkyN1hKRUNFcGpNU0FGZlE4U1R5REZHTjVRcUtGeDdEWHdteEx4TVl2TkJDRHQyNWxqV2ZpNmhEL0xFSUx1WFY5RVJSS0g5bXdUUWFoUlJDQVNYNHBXd1BBZEZoWEFzN2xRWEtpUjB2OXFPOGtsc2Y5bnZsK1RqUFU0Sk1qYVo3aXhWb3g1dzBvWnFJMUI0N25yOE82VXIveExtZU45T0RxNkRRMHExQ2tPazdEdGxnZWFGWnJYWDJRSG9oOHlNd09iUmhjUzJBPT0=,2016-09-26 00:00:00+00,publikasi
5c2bfacc-d094-41a5-98f3-129fff27be69,"Mei 2026 Kota Malang  inflasi Year-on-Year (y-on-y) sebesar 3,1 persen(1)2026-06-02",download_file,https://webapi.bps.go.id/cover.php?f=ectYZYcYQ8XQ7QKVDIDab2lGWDRSOFRxMTdsbThETDBNaW12QkovRmg3NitoVnpjV0RudEdWd1BmRTQyOWdPWEExb2d1cUNSQ3JQdUdVdVRIWHdvNmxIa0NyaC9GNW1ETE4zdVZ3PT0=,https://webapi.bps.go.id/download.php?f=fs9UsPv1+dkj9KHWOA+o6HRDaVJ4dklOZm9nY0IzSlhRdG5RczlNaVJzTVF4cGJkNElJUVJmRkthdXcxY0NBbnYzY1NjU05jRmRkZWJnV3czcXZuUzVZdkp3ZmdNRU5JZDV0ZitzclR0ckR1WlpLd2NjM3A1OWZCN2RFcnMySXhnQzgvQ01aQUQ1Nk9lRFZaREkwZndIMUh2U0dQcnR4N2pIeDdiYWV1SHVLellKcnRsVFZlVDhTSW1nN0hYbERGMFhnQ01abGdhcmN5UFI3MTk0YWR1L2tXRi9XMWJhTTExT2l4S3UrdGMzTzNXT0RqSjB5ayswSUtaR09JWWRjT1B1SFphN0RGN1R3ZTNKaGQ=,2026-06-02 00:00:00+00,infografis
5d09c38c-89cf-4b27-8bad-e4af20710a64,Kecamatan Klojen Dalam Angka 2020,view_pdf,https://webapi.bps.go.id/cover.php?f=JIwWnCgsccesHG7yOQKW0W5HQ0tDUEVHNTYvQzNjQ1N2RndBZjd5enNnc1dFWmhjbTdrL0RVRWtMMW91TjZUZDJobkVRM2FqVGtkUWRmdnlZSzVxU2dOY2E5SjU3dGFtS09oblNVdnRmbEJVM2Y3OUpETmxKZGRPbkNCYU5yMUtROHh4S1VCc2V5Z3BDeXFW,https://webapi.bps.go.id/download.php?f=p6uxVWlQzchXJYkzqq03C0FBZnRnTVlVQ0pSbzVDUitFdTNZN0VsOENUZzNOWEFPMWNCVGpjS2IvS21jdnhuSWRKMUR3eVdJNDBpUk81UWZRNlRaRWJWQnRWeWR6SE0zMVVVMVBMaFNjdStjVlZ4RGlSVUNXa1JEcUhOaS9RdVZEOWgyRFZvb0N6VTFUaHhVY00yVTY2VlhLcGM2eVFNRGVBbHNkTCtoK1Bmcnd1aEVjSUlVRmxaSDFjVTBOWks5WjNyTC9LVUNlS1lOSi9HVDdBREtUNFZObVhselNYS2VSZWIyLzdwbTVvOVZxVWVaU1lVMG1aMVpuS1A5RjBSdXIzRlNxTCt6L2pwSHBIb3Y=,2020-09-28 00:00:00+00,publikasi
5d8fe04d-00ee-4c42-8164-b89eecb77c38,Statistik Daerah Kecamatan Kedungkandang 2016,view_pdf,https://webapi.bps.go.id/cover.php?f=sqti1bau/D3kgdc/OZjtRTFYbGVLbmFWam1rRlphSU5ZK1BwTjZNbWpZVW1NMVBabHkzYTVrN1hBUUJlV2REQ25VVTJ1RkVwV01sTW9TeE81RmpRaG5mcmphZnI4VmpIbGNPOFlCTTBnY1ZoMzM4MzdWdktaSklXclM2SlRhUnhXRzRaTzNrYkNSdlhGNkRP,https://webapi.bps.go.id/download.php?f=zkPEsBFAvuJUxMkXDukT2VRubm9lSFcxUVZYQ0JIbG1yaVBLNmt4NnFLRTZqWlFQNnI5L3pSS000VDdQUHhOZkdpbG5nUm1VZmdzMEE0Z3ZYTjRkbFZ0OXdyQ2VYQVJPRDFTcHQ0VHR4M0JPRGcxK2JGZExBK2ZnS1I0YXpOVkZ3SUpReXpvVTdBd0trT1pCVXNjTmIrSFdvZ3lmcVYrTWV6bmNZUk5sbzNwb25xcFNEVEMwdzRMV1E0L2lXempJdS9ERGtUMEV1V0QwYmNpMzliam02U1hhVTUxcWEyZ0cvQVl5V2RUTlQ1NS9xZTE1QUNqdjNhYUp0aWIwMGx6WXRlSEFRQS85dlN0NWJVUVlEYkJxWjZLZkpDRldhOUNDSGtNNzBBPT0=,2016-09-26 00:00:00+00,publikasi
5dd7a05a-ae56-4ce1-9889-b0fac61594b8,Profil Industri Mikro dan Kecil Kota Malang Tahun 2022,view_pdf,https://webapi.bps.go.id/cover.php?f=5rhelXqQE1kj9GSvcdzcQWdQVkJTU252SDAxNnlkQmlLUStIM3BhUGdyQmxSczZnS2d3clJucE9EZGpRNjhzMXpMdk5EOHlVV2xvRlJjSDdTYVU0UnY5MGhYcURTa0IxdlFhOHlWM3dmWC9kK0pMTWkwQ3BPOG1wWFNNK0Q5T2NidXg0TWxxWDVubzlZbHQ1,https://webapi.bps.go.id/download.php?f=IaUNLOjzAED8tlIDM1AAnWRZMlRZNTY4R2pTeGVvV3lwYkNZZ1NRWnhaRGF1MlNZU2ZEajFXbGVNV3kza1IvZDdrdURLb1RxVHFhRlR1bEczQkI5Y1NHWlpHUVRJeHM1UE5nZ3Y5RTdEK2l5UUNveHdiekdRR1E4dWNOMnRORk4wcThQR1kvU1Foc0REK0hKSWtodTZ4THNlbktkaUhnTGJBRGJJdmx2b252OCtheWdLeUo2WDhjSnpsSnNkcDA1R0FHZ0ZudGNXMVRlNFJnWjAwVXdURnpqanhiMXUvQzNoRkxtb3d5VzR6Q1RwK2hWd1RFK3k5Z21ZZjV4b3gyTlI1WkllemFncUxTeTNMTjJ1N1N6KzZXNHJNUWxwS1h0R2NuVEpnPT0=,2024-06-19 00:00:00+00,publikasi
5e8e5251-a9f5-410f-94d3-7379111215b0,Kecamatan Lowokwaru Dalam Angka 1998,view_pdf,https://webapi.bps.go.id/cover.php?f=1qd5304F8BXKqMYIlSkVvmtYVWZ6U2JKeENQeXhaUXhaWEpPc0xHVTEzMWw5WVIxb0JBSEhLeXlKWk5aWlNWMGVjT21aVnAvS0Rkblk4TmdwOVBsOUlEakthOVBSRmcyQStFU2l4cWFub1hPczdvY0pPQS9YdTZtQy9JdU1HWElqMEFxcFNRTTV6UFg4Zm56,https://webapi.bps.go.id/download.php?f=otcNMpqJRYmbnfz/VNugUDFOQSsyZWhacVYwSHVuQjZIaG9KeWhsdFVUMVJHQnRKMVRvRjEwSW0wQWV3NlNkSUpNaUZCdFMwYUlFNVVac3N0a2FqaUk4SWRuYll4MkR0NEJadXZrV20wVTZOZ3JGRG8yUVh2T1pmVi81MWdINjdmeW9GVDJOV25LcXAvb2wvN0pUbkJRbGhRM1JsQ2M1OEFjZHRpRkltcnJmazY3ejFNSWsvZTE0MkdBNzhjVWV5THI2bmlYRUJ3Z3FQVDUxaEM2cWxaNjkzNVpPUGtwZVV1UURBQzJ4TlRMZzJjQm10M3hPMStQR3ZLVHhMc0FLUGxBUWUwaUc5Zk9FMmlMUFM=,1999-12-10 00:00:00+00,publikasi
5eb4f767-ab41-49d8-ad75-3633755a2357,"Perkembangan Indeks Harga Konsumen Kota Malang, Mei 2022",view_pdf,https://webapi.bps.go.id/cover.php?f=cYCeMINWp4uITnevEzGBHUZsUlhvSEE5ZHVPUmxEeHNLUms1Ni9DVndoNCsybzRUUkFaM2w3OHZIVTNESDI3QTl0NzZreHVWd1F5c3ZSMkNmTzVkL3ZLS3BHbU9FU0NWdWhrY0VWOWRWTUFtOENTSHd5RHJzdUJzWmNZPQ==,https://webapi.bps.go.id/download.php?f=JJkB4+qbnp6bSFyZQvMfmlo4TFBHRFBJZmxtVnVJM2VNbHUvS0ZPRUZSZDMrbEdud3NjSHkwQ0cweHRxL1Nybi8vclExT1M4eXFnaDYxL0ZiRVpkOVBDdmVIU0V0SVNjSnhoWC9mTGd3b0ZEMVhpbjZlWWYvdEJEdEkyNjBSSzlBRWw3ZGJOeWdJa0tKRTRtNk5MbWZHcDhVSEQyNmllMkVHb2JTSk5EelJLdFdLZnEzSGk4VkwzUkFyN2Y2eGs0bTVXR2tjRmNpYldmYW5COEhvRGJqVklyays0WGc5Z3JrOG1zVVJjalpQekFERTJmdHYwUFBxRHdoREsranAzUUxYQlVJek13ZENWaUlQdnUwNXNDVTZ3bTl3aXpiUndOUjFaV1RKVTRUUFBrR0RRNXd3MFpONHRIeDBjTUtIRDZjL1JQV1hNS0lxSWJGZ3FJWFpqSm9LVWpIeTY4VkUzN1JxUUw1NHArUjFRamNwelFPOUpTQkZCYkpNOTROclJUa0VBQSt6SEdGOFNvU3JhTFBaUWdoc3Vua3VDSk94RzgrVEdpVkE9PQ==,2022-06-02 00:00:00+00,brs
5f615c05-9fb0-484c-bdb9-8de9d38894df,Kecamatan Lowokwaru Dalam Angka 2013,view_pdf,https://webapi.bps.go.id/cover.php?f=W8VrQfG4CVjUQ2kCQxMCWzNjQUFKcDNKbmZXYU9vNzdTbFVhd3cwVzdoNUdoUElBTDBOVHgwTHRmcDk4Wm1vL2U1U2ZTVzFNZGZsOWx5Q2R1cEdjbjZrdmZGMTZlWFh3Ry9qY0lVeUFDTWliRkFlRWpTK0ZHMUhRRnNGWStwWXByNDEwdmVlK0Zlck9lZGZa,https://webapi.bps.go.id/download.php?f=dgCZ5p+9CK9rpHCVAqIhJVEzVDJOWk9rVGNYWVI5S3Z5R3RNa09Rb0l3Z1U4Q3VTMUI5YWdtRkdxMEtiMUlaZS8wcEtnVWx0cTJwMTNVakhIRzIvMkQ3blZOdCtkODVkTVFaWjhKOFNUelpNMFBGYUZmM2tsc21WNVFzOHlXSDhvMjdoVGxLRDZPTUJjVDFMNTZ2SE9XNEpLMWUrMXA2bXdrYUtBRHUwbCtKQmVXSDc3cTAxNDRac0hlSHhSTDdEcHVWdDVPY2UzYmJnQ3FGUUxJWWxpelMwYjV5RnM1Y2swdi9Nd3ByVTJEUVBrd2NsZlJJZDFxVCthUDZGNXNqNy9MbThVY1JPeGNoZ21qb0s=,2014-01-21 00:00:00+00,publikasi
6012b172-6006-4c11-9fed-5fe69cb8b488,Perkembangan Indeks Harga Konsumen/Inflasi Desember 2013,view_pdf,https://webapi.bps.go.id/cover.php?f=nOVFfz4HJLhB42cjMDynXkhsa0JuaFo1d1BTbGxUK2RCK0VWQ1hVa3MzN0tNem1OSnp1ZWFiaHJVazVmZ3M4c0w5UnZwZmlRWEFQQjF1bDRpSm8yclJhRU9MWHUwd2pMTVZwQ09BPT0=,https://webapi.bps.go.id/download.php?f=dNbzs2+wUJNGhGDCIZ0YlkFVT1RWVFlXcGhySkpsNnNmcmJ2ZGZUS3VER3YrSVBUK1FuVTc0L0Nsb2JkRmpLSUtkQXFCRTdZZ2QxVlhIdXFSQWZmSlRSRUxQUDJpQ1d5RmVLTlFCdFI2NHNPOWdzWmoyQ0greVU3UjlDaURDUzlsQzdHQWg4Nkl1YW45TEV5T2FoSS9FL0ZFeTQyWk5DNTh0bVRPR05NeXNiRXpvcytudjkxYi9qYXJhUVBJc0E2S0M0VDlkYXBtd0NXa1N3RTJJTmxQaUt0aUdZS1NqVk5idTRjSnFRaUhXQzdVaWNEQkE4aTZGYldCQVBhRXBBS0d0bm5uR3NuN0RocVhsV0pYRTRSRVlyVVMwOVE1WVhoUWNSckJxa2hSUHlncmx5bi9ub2xCS05BVVdmREZhdU9TUFFBcUJyMEJjMGIwRzhzV0t6Q29QMnFScXBoT3pxUEo4dFZrODBxcm5ab2pPUmhIZEdSTFlTbDdNUDdXM1A2VnZtUHBhSDdZWENmZnRRbw==,2014-01-02 00:00:00+00,brs
602443ab-7046-4eb5-bf09-89704e1fc590,Inflasi Januari 2022,download_file,https://webapi.bps.go.id/cover.php?f=TGU3KNjf1Z3ePW1YRS9yYEZiY3pENDVsQjArVmx1UU1HTlRYNFRRUTA2UHpRcWRadDBDaExvTFo5Mk11UGFYZXlVQlFoSStIL2o5QjcrV3o4WkMzYnQwUHZNLzVodUd4QitDZmFpeHdLYVZwbnVCUFB6M1VoNnF1MUtzQndIeVBIWm1SeXdNcWE3N01Xb3V3,https://webapi.bps.go.id/download.php?f=Cdlw0NN3HMzTNUywrl6aVUVDQ3JxVmFrRENnSmY1cDhIeDdhdmtjZHpkVnhDVml6dXJLUzBoeVVOY01qeTd4RUNJK0pMekZsMXdGekVNa0lreHhDdXBQZ3FFZk56VHptdTkvYVVRZmNsOVVKd2wzRTFBME1INFNEbklYcG1IcXJHdGVCUFMwMGdmdG10cFdYUC9vTEJ5Mk1iNjgwNnNGY3dtMUhEWEFmakRjQUh4YTQ1TnFzSE1oRkNjVnNWOVdqQzRmcjQ4bmdtQTIrZ2VGVg==,2022-02-02 00:00:00+00,infografis
6045a6aa-b3c3-43bd-b6f4-6a2fd33cdd47,Statistik Pendidikan Kota Malang 2019,view_pdf,https://webapi.bps.go.id/cover.php?f=jffm0FNG7nwXXif1lBkvTy9xT3VaQ3lqbENIVHZ4QXNnQXMvWE0wdWlqMzF6dkwvcytPM1FkSHZ2U091dDlnc2NmMjlNMEpRenYzeVM0N3ZBZVYzQTZrNUJ2VDZpQ1FFV20vb2RWU2pxUUV1elVsWjRreXl3U2RwaldMZFp3T0xTckwyNjMzKy9FWVp6Qlha,https://webapi.bps.go.id/download.php?f=mPOhwvEHqcHpTb6PfBY31XEvcGFtRTc5VFA5MTBCaVZrYjlBbXhVT1RWdWplL3lNTkhKdG5uM2tyd1RPeHQ1a3dUR2ptMjJCM2J2dTJBMEdWZStPdmNpamVHclZFQm9JVkhRZmRGajFZL2tOT1R4TG9vM2ppbkU0VURSRW1BU0V6V1Zqa1pCSHVsbFd6dEVnQjdwOTcxSk9YR3dtNmFrUXNCQUo5cGRZaFdmU3IwREE5cGlsWjRZalRoVEErOTNucEs2RS96SDk0L05rVGFxeXEzd3JOelA1UVpOSTEyTFEvanM2ZXhLaW1QUHQ2UFdWRGZuM0hDZFNIM1RNMkcrdGxWWDBKS0hGbWFoVTNFTi8=,2021-03-08 00:00:00+00,publikasi
60669a94-ba0d-4a5a-8a14-1d626d9ba31f,Hasil Pencacahan Lengkap Sensus Pertanian 2023 - Tahap II: Usaha Pertanian Perorangan (UTP) Kehutanan Kota Malang,view_pdf,https://webapi.bps.go.id/cover.php?f=ADoO+uZSy5UsCOIbrPK65kl1V1ExWlFlYTVwVFVGeUpsc2h5bnpRR1VvSTA2MEN2bkhNVGh5ODdpbjZ2cjhkbkUzMVB6V2VBblhDeTBDczF1YU5hNXpLbkZpNkFMUWt0bFh2eDIwazFqSnhUNzJwTmZ5bmE4ZkRDb2tzQ2grOENMMCt6akZ2VnRLYW1HeUNz,https://webapi.bps.go.id/download.php?f=5qus7T1c/FNo2kwwVqDntDlqUnp4YzJ5MnkyWDJGMW91dUNIUTltdFFYNnlaU05BeFY1cE4zazJQYnNoeTczK0kyMkdoK0JyMUFJb00wY3d2REt4MmtEc2s0R3UraDRtb1QyZ3hFNXdpdStwL0RVcE5lUDc3eTlOL05kZS94SjJ6QU5FWk5jK0l1aU9XSzlCRzBVK1hzWkowN2dITnlibWJ6Sy9qWUtiR0RYSzhUZjBZcjVJckJXRWdyMUUxbFE2T01sTGg2U0VFVWVENzQ4T1JjL3VEUGkwQmdsaUZBZ2tydklTRm5EYmVjS3lKNU1xWThRdUVwOU9yamFqa0RlUTFHYWppUVZ0S091UXZ0NVlRc1lhcHhKVjM4U0dBOGxsRmVVMzNJMmJXN1I2N2ZreFVtR1liOWVJaW5lZjRPZjVmVUNFSEJ2TUxwMFBZck4wRHVmaTFWODIyMzN1T3A3UzREcms1R1drMmZWRURrRGN1dE53ZUhUYjVOdz0=,2024-08-16 00:00:00+00,publikasi
61465177-3a20-4e19-83bb-cc14b4788cda,Kecamatan Blimbing Dalam Angka 2023,view_pdf,https://webapi.bps.go.id/cover.php?f=mO85nTpwjDxzFd6tyv7IeEZxMWVlYmVoNTJiL2F4TWh2NUlBMFRHVU4raDNCbHc4NHN2Ulp3MjhBdWE5NHNWMklsRjdTbW8vRWdnWnF3Nlk3WHRwcWdGMFVLRHNjejRrWHh1REt6ZjRGS1cwd1RXcUMyUGhneVNWMWlkbkVZWWwxMU9QVitJd20wUU5HNGl5,https://webapi.bps.go.id/download.php?f=a4ET61TDljwIhFaqZGkM0XR2RzNnTlFFSWkxaCtxUXdnSEluQS9LSXdWcllSNFZnN2lncWord0VGN3l3cDdxay81VmJtaXgrUWpZZy9NYWJ2NWtoc3JVclY2eGJGV2wrM1ZjNU1pWmQ1QUVZYXZoYWRZcy9BZFYybUM5NkJrZkxjdDh6TktRRnlEOWt2Tnd0R3JHNVhGNkVWUDdRVGZyNzIzc1N1NGI3T2lqaDVkUEt4QjVlMUNqMmhvUm9ZYm8xTElJWmd2MjBLL3ZudjkyT2VTZkRRS2N2d2lxajFMYktyMThNdkdCVy9DdU5NblZGcmpWZWZMT0JXSlZVWDc4Uy8vVHc5ZGtCL3NVOU5UdDg=,2023-09-26 00:00:00+00,publikasi
61ee41df-b8ce-4be9-a2b4-2cd36474c17f,"Perkembangan Pariwisata Kota Malang, September 2024",view_pdf,https://webapi.bps.go.id/cover.php?f=Dg7QRm9qtuG0enTa6DjAWC9hVDNaNVFDQTJNQnlTNkpUaDlsb01sa3hMSzkzWHBxTk9FZjA5ajBHQXBQSjdpOStlaEMyOXpRR0F3Q1E3TXlRd3kyak5vbFJyU1g5Uk5KM0tDalJhMVl0cENUdFN0TEg0TUQwZzg3clJBQ3VzRHpQVWVkc1RtVGk2c09Band2NTZrcEhITUdvV1J0bjFQNU5meGViZz09,https://webapi.bps.go.id/download.php?f=yXzeAGqmlGWYAedTHg3dKzZYcVlGamZiQ1N6SjB1WWlhdERsZzBRTDBwNU1WeTZRbCttWW1YZlZoY0VZcU5WSmVoNFFBbkxYanZUN1BlMDlVMGNxamdJVkFJd2FwOUJWdVdseFUySU5MT1pnR2thSDZneDBxWTIyeVk3YVl3SGwvSjVWdGFPY3hjUG9ZTng1OTljZ01hdXljNkRNZHptVWlFSjZ0QitMb3h3eElrSmcxTHU3YnhpcVNKTzNYRmhHQmFZTjhOMUFSR29tZEp5NlBkbS8xLzVDNjZiSUFQakdOb2VsNExZam8zQytCczFsbkorNzdrWVdhbUZVR1RCdVJsSUpLbW5yTm1NcjhlOEZ6RlJ5SjZ0UGdBQ3FzeGNCMkJNaVBXZVR1R2lodXMrUG94TnVqNlNLMzMwV2V1cHI2Nmw2REpJRit2ZGVRMWtoS3FVNHlOYUVqRnlXSTVKendPYXdWbE5paHlHQ1AzdFI4bTd0bmxXZVo4Z2FBVDhrRFdSbXl3N3JBb2J1SldWZw==,2024-11-01 00:00:00+00,brs
62215c9a-1d41-4b2b-8781-75bf0f8b0931,Statistik Kesejahteraan Rakyat Kota Malang 2025,view_pdf,https://webapi.bps.go.id/cover.php?f=xT2B6a9ACkzpd5pXFdNbmXdnYUdBQnBFajlWdHhzQnhkMDFGamU1eXZzTDRmSnk1Y2FLZjhzTCszZmRWdWlJbTNtSHZtZ3ZCZDlDdmx5QUtqanBCcmNCbTh5OXFmTjMwd3ByZTlZWDdLTnpVNlhIOGxCbmx4OUNTSFdSS05uWVRabSszeG4xRURReDBHRzFz,https://webapi.bps.go.id/download.php?f=PpXAW/XEjnnQd/d2yodscUpDSjc0WTl4WlFUZ1VIbjIxbVVpZ0UxWFpZTFRESE40MFJqak5jTkV5QUNkMlpUV3EwcEVFdWl0TjgxVEh1QW84cEw3QWNkMXpWZlphazVtb2lvY3lieUxDNjVUeFJYS1gxbzBESkE5d1llMmVWU1BGMWFseVVpaXk4dVgxTk8wZTAxY0FvNXFSbDBxMmZqblg3MDN4MmJTWWRxczlIT3FqQXlyS1B1UThYRHlTNE1vMjV0QnBQR2EraXBlVDhNZTFuYnk2aFp1d1RYUXhKRzRlY1I4ZUNrOGNScW5QTGwwYjdBZkxEcUw2NzBCZUZJV1RJVlFCdmZrQmd5eUVHTVRxYlpqUWI4ZFBmM2pNU1cwMVR0cy9BPT0=,2025-11-28 00:00:00+00,publikasi
627141ec-f676-4c19-a6f5-59994ad8e4ed,"Indeks Pembangunan Manusia (IPM) Kota Malang Tahun 2020 Mencapai 81,45",view_pdf,https://webapi.bps.go.id/cover.php?f=m3ELks1HiUYKspPKr5nAs2xoUFpBd3pudWozM01VS1JEdjdvU1N1OUZCTGlkNDZWalEzcG1wbkYrZFMxMGk5UTFuLzZEeFF1WHcraUR2bFNoTkhrTHV5U0kwMHRJZnFJRUxpc0xnPT0=,https://webapi.bps.go.id/download.php?f=wzqupMJLXu9vPEdqB4vKJ2dmbW9VT2xXWUJVdkpmMStWK3RLT2lUZGVuRVdZMWtiQlJJMnF3eEdHcEhnR0tacFlWSWlrMVBjNk1KOThHZU5OMUpmb1J1ZmlyaXJWTnJ2N1BBSEdwak8vRndTYlpoVVEwUGlncWR2M3ZzTkdoYXdscjVDeGZITTU0MUdyYWNZZ3diaXpGVkZzQURHd1FBNE5Yd1lEWlhTUCtVZWJBRkhNbUUzWFd6bTlxSjZFSXg0d1BLTW43WExEcXlCUXJheE1yQXRnYitpK1lwb0s4WUNwTmx6OXVLTGRoeWR3dkpPQWdvd2ZwaWdjTWRzMVpjRnBuQWNIUk5NZE53bkRQQmVHc2xwMDFDUnJIOHNtZHRSeHVGbjlwcmZIS2VMZDNwY041SmNHWmJnU2NqdVN2NHJLYVQ3UnVBZkpKZks0MHhKZW1tWGVMSk5SUmM4Z3RLSDVveVFORmhoWjYzR0RzeS9Zb3FJdyswd0RZUnRSMDZlR3BPMTBWRHVwL1FKeE80SkpWY295aHR0RExrUnZEcjNwL3l6RWc9PQ==,2021-01-04 00:00:00+00,brs
627e1d94-6933-480d-b097-54f85ba3ec42,Produk Domestik Regional Bruto Kota Malang Menurut Lapangan Usaha 2014 - 2018,view_pdf,https://webapi.bps.go.id/cover.php?f=zjixytrLlqx+OjsqaxWs6G5yVm1nY1p5ZncrbXRpS2tLOWlnNFhFaVl4RE9aQ0hqdXUvdVJxQythQzFKUWdDZlc3M2ZYUG0vVjJJd2RLbTFCTzNsV2ZCUSt3TGNLV3V1NmJWREZzKzkvOGdPTVVwOEtiK2JPVDhKUkpuV3o4ZXluNDdvSGVjQmdTREc1ZUFa,https://webapi.bps.go.id/download.php?f=w93gdpX6SOv+vUYy7b8VqVExTGtaWk9EaHE4V2RtdGpmOFRLZE81NXZaQ2pUVUoxQ3ViZXZiOXRBbzlZd2c3b1NRcDRIV0FFRVVMMmpzVU5oOGlsMWJ0MUp6V2xuTmlXMXVIMnJ3aytpNmdMYkVGZHZQeDBpbnAzamo0UHp6TDk4KzNxeFVLNGRZYzZwV2VZcHJZQWpaME9kUkdWVCtQVnVQeHFUTEhjL1BpeG55S2RlcFA5MG03QXJDMDRaKzdxNjh6cStUekZQdkhvcEJvOTVvSjdxOVU1SW1oZGovWFN6dWFuWG9IYXFFTDJ1cm8xMy9Pcjd1c2R1NStwZngyY24xZXRKUVRVd0VObDRYcC9Md3pmWittT3VBR1o2YVZFRC92dDJYR2N0bU40Q2VFNnAwVUNTZlkwN3p4UUxWVnJHa3k5OXhSL0pZbENBeWdp,2019-08-16 00:00:00+00,publikasi
62cceed8-2cb3-4da9-8fa4-87a8fb2b611a,Hasil SKD 2023,download_file,https://webapi.bps.go.id/cover.php?f=tLi3QpW870eTEx8wvFLwSWMzNlQxSlR3dUpHVkUyZkllcTdtVjZjenpjY3dpTWZhYkNOT0pqbmJqbmxHZHBiaDVpWkpsZ3h1Z0pPVHArTmIrc2VPNE9XVXd4RVc3VFNRM3Qzait1WFU2NVJOMXUxYnEzd2FZTmlBZm5vPQ==,https://webapi.bps.go.id/download.php?f=T+4b1zIxn0fzftGP7WXlI1JiMXFrRkFLSGZ4dGxvQVB0d1dBUi8relRNUVJUZmhKUDc4a2l3MzFyMXVGdmlqejdwVG1YVlpYSjdFMmRaZzg1d09ZdUtMOFloS2IwaDA1VEh2bFdnSUNFRVppbFFMUVIyck16RnVEZ3Y3TmhNTlZnTktrY2x6Z09xSHhDNENQc2RiRWxoTHNFTS9uY01USHM5THBDWTg4TTRCUjNOcythNWJSeHhUbGIvVlg3bVd0RGdRamdXWmdONHZZaDZjaw==,2023-01-01 00:00:00+00,infografis
62d93b51-5fa3-4911-b38e-dd8e181fe4fd,Indikator Kesejahteraan Rakyat Kota Malang 2022,view_pdf,https://webapi.bps.go.id/cover.php?f=51pT6GN/3CSqf1U4uTSsszRDTTh6bk9MSEJFam1CdUlVTWdwYUVHL0IrYXhsQmFYOS8vRjg2NXR1Wlk0TjNGR2g4Z2gyQ0pJVCs0a09aN0tObXlLMk5pSERQbE4vbUoxaVRxUC9xNnRaaTZkRDdlUUM0UlpnanBDc0RZSFUyWDlnR3FRcmtCOW1kTkw1NU8r,https://webapi.bps.go.id/download.php?f=GR8puifmrliwCZGGNgsqgFYwb203QVhtNThMbFlpaWVuNElQYm5oaVdvTHZBa2JJa2diL2x5QkIwQkp5ckFuQ3MrRmlDOThuZVYwOGNCazNndXgwK0h4cjJkc2IrOVBaallDV3BObUpOL0UvTmlNZ2NvNEhzQ00vRnFPbnFJbFhwTXNnbmVyRmVqd2Erb1dRRjVpVjdPdmhRdDZGRGRJRkdhTm5yUEt5R2wrLzE0eVA1VG5PQzhwejcxUy9sOERHODRSNmRNMGZrWlppVXJORzJ4dWRHbm13c3BIbitOanV6K2FpbjVWVmZlaDNXdW1iTUZ6QzhEZ3FaWnNJc0U3Zm1TaUtFWlVGS3dwTkg5Ty9yZVFMRi9EQnNKRnNxY2x6R2ZPY1F3PT0=,2022-12-22 00:00:00+00,publikasi
63174738-37a2-4b7d-b1ef-cb1c7d9c70e6,Perkembangan Indeks Harga Konsumen/Inflasi Agustus 2013,view_pdf,https://webapi.bps.go.id/cover.php?f=aqklTM/Xnt2vk7Yf7plm+1crT3BzUjlqcVdUYWhBVkVSL2c5Yi9jSmptTm5jWmcyemwrS3VoMjBlazhPU2tpWDdRZ2tPajZxT0FoSlhCZU9NSWVZQ29xYUFBWWFjbzQ3K1Vsa0NRPT0=,https://webapi.bps.go.id/download.php?f=3XtCKqRmeProO2buKDSS8zE0amtkYWRKZDNtMFIzZ014SmlNMjk1cVZUSHJIVGc2K25hUitDaHlrbENRdWZIZmt1L21FQlJ5dm10ZzhGU0N1cFZVOXB4cnp0NStmaDhnTk1TZktWbzJtUXBIYzJVYzByVlNPTVA3RVVZWWVmaVZJYWNMck50MkRUQlkvWGFnai93NlRSb0lKelZtNjE4LysrMWJYNkdJTDFxRXd2Z2VMc09HVld3eldSVi84WUV2WGRwdkQ0MnVXK0JKY2tDN1JGVWVxYmxwWkVWcFV4NXUxVEJRditTbkRCWUNqVUZwTE1DWEozM2ZScWl1RUgyTW9BL2wzRVNpQ085RVR2T0RSeG1KajE5MVBtaHF0bUZXeWtVaFdQb3k4MnJWZ0swS3ptZW53T3hrM2xXZ3ZBOVVpbUl5VzBYVFlWQ3U4YTdhQTZrQzVjUkY0OHV0KzdmTENNdnRoYVZJL202Nys1Sm5PSDZpT3Nrd2JiSmZmOVhzNTF4WjB5UkgrQllKRXkyeA==,2013-09-02 00:00:00+00,brs
634acf29-9306-46ba-99d9-4d0f911cfb9c,Kecamatan Sukun Dalam Angka 2017,view_pdf,https://webapi.bps.go.id/cover.php?f=gJT/0UpGdv3o133s0LOPzk9RdFlYalJQM1lnY2VqNjdlbFo5QVRWQjdpWGVLbWo3WThhNmVPenpUdVo0VnBvb2dWYitsdjZ5Qk8zZzlWdVJiekxHQ3M0UWF0eWVCVEsvVTZqN0huSzk5MXdYZ2hYdHdEUEdsSm5NVkZicUttWTEwZnpQQzErWndEYllKSTFJ,https://webapi.bps.go.id/download.php?f=8iCL4f1uOOZb29JjPgYrdytXaWdvSmRtRzFHMWVjSXcxamRCdFRUeWlEa3cxcTI1blh6Yll5RkpuMStyVFp3Y1FESExSNzBVN2Z5TEsvR29MSG5xNlkvbXdXanFEZUVVanVVQUJMK0h1aUhWa01TOTFKR2pUcExhMWVMZ2N6RDliQ3VjdEFWUmI0RDRoWGVGZ29OUmlmQi9HUzZvRnR1UlNSOFZoRExTOG9JM3kvQ09GMHFuRkVMU212VVpBbnRXWDAycFQyTWpJNnpscisrNk10cC8vSWZZS1I1N2R2bkM4KzRseitWY3lPSWVaUjNoWmorVzNHUVVWbWhHODh2d3FMVWM4elRsRDlxT1RPYVk=,2017-10-05 00:00:00+00,publikasi
635073b8-a92e-4877-a7b8-3eded1f4fd8c,"Perkembangan Inflasi Kota Malang, Februari 2024",download_file,https://webapi.bps.go.id/cover.php?f=nwF4+ejGSD7bOReN2Te/8nhUZnRxMnRjYm1JeDl1emZKUUkvT3IxRUhNNDRUYXBDS290bUJ5ZmtFbHpMNWNJajgwbUp0TWxlSER4Q0crVkJvM25zSlZ6cWdxSmtvMVRqbDR3UUJBWXJGQnY3UERPdDFmY3RDNkNyNEE3YU9vTmZDdlZXbjI1cGRLbHd5VDN2VWo0Q2tBaG5rK0VLV3dWa0NDZzRMdz09,https://webapi.bps.go.id/download.php?f=PdLHxxAV9bzSfwrWV2cx+VVvREVna3VoTkJxYzR4dE52TjlzdlF6anlQQUl6eHNHa0FrbjdRc1J3UkJ4RmZvUkVmekJ6N3cyM0hTV20wRU9NczFONURRWkk3WkNoTU9IVXYySjBGZFlraWFPSkVMVTBBZ29XUnpxVlNsTXVsc0dibnI5d1hJWDdsdUp3Yk9rKy84b0ZzOXp4SjYwU1VQWlFWZFhYejhyUFZRemw5M2pqTFArankwWHRwNnRxQitoOWRuUW1FeUlxZU1oQWwzNStMMDY5MWlxYUEwZTRUc3VhdzJlRGE5U0RGQ0R0V2VwTmR3WHk0QXdudlkyRjd1T0FmdE5lK2tBbkxNRWxGcG5lSGtuZ2tnZEV3YnpmTXZXYndPZjVnPT0=,2024-03-01 00:00:00+00,infografis
6395536b-0030-4174-be02-007ac9f7d087,Kecamatan Kedungkandang Dalam Angka 1998,view_pdf,https://webapi.bps.go.id/cover.php?f=Gf4Dy8BXKl16bkiM9KMZWHk1UWl5QW5DNmJPOFg2TzNKUjRRZURIais0VlRFOTh0VjdZMi9HMjB3VndUVGtjSHRGYWoxaVc5eFpQTnNUTnVTM0trSWsxVDZjeFhDa01tazlmVk5vMmJPVGpvSlVqcWlXR1F2cmhDMXdoa1cvL0hGbWV6UHIwSHpoeWUvUWFw,https://webapi.bps.go.id/download.php?f=2WSnWDiAFYOaxe/Lo3pqLEkwZ3hxMDBpbldrM3VIRU4vMHdLdHVCRHcxT0dGWDFadjlwOEFrTzRlV1JoQ2hPSDdweStIOE4vcEp0anQrVmR2dW5EdXJzTDQzYmdEOURaUERyNytTUkZxd05PS25ZWVJWZDAyUFdEa1hmWU5EMllLQUdNRy9aWDdzTXpGTU9EOXQzR0lwWldrdlRUa3NaQ1ppMWNWRC9uM3F1QWE2czVYZXhFRENXNXR0QXJ6YzB2UHBxWXdzSXovanJkRFowMGlBaFFsY0NVQjZmQjBmU0Z4eitvOHRhNFJnUDFUaU9ZUjVQWU52by9Sdm5BdjZxZWxLdnNOQlhicE10eWxWL1g1Q1ZWOXc2UVgvUkNwcXpTTW0ybUdnPT0=,1999-10-08 00:00:00+00,publikasi
63cf2c48-4369-4ffb-b49f-9d028b820638,Indikator Kesejahteraan Rakyat Kota Malang 2019,view_pdf,https://webapi.bps.go.id/cover.php?f=vER8G+HNc4GoArPaywH/dlFUTUhoYUIwdmtRYmV1M1FXOUhLMFo0Qk1MOFo2ZkpBRE1NaXBnd0ludnF0US93Nll0TlMySkxlbFpZWmRHSjRYQXMvVHRxZWc5S0lUUE1URlFSYVRQeFl4NTJQVHRwcjZ6TVdjcTJxSDZLcFVIZkJPVWdtak5KOHZBWm8za2NO,https://webapi.bps.go.id/download.php?f=4YLtyIxZS7XyVR+Z+SX3qDl3K3VWSFhFWmNVNWpScnJlNGdIOUJzSzM3MVl0bDFYRnFOckJIYVJIQ3Y3Zm10STBhaVlTaEFrTy9YRC9DRjZrSG9xUlZYbVp4aXNlR29Nd1R0bk9UODlNR3VjQlBVZkxDQUFERk9SVXdYZHpTTlhYOTJxelYzVmFsbk5qdzVxalBxR0RkcFR3S0xnOG9sRkFxVCtMUXNIZXNJMXFzcnJtVEJ3M3ViblhpZXl6Q1BaWE52ZWhsZEdzdHI3UlpHRkV6WmV1eTV5R2VTSWNzdHFvemxVbW4xeEVPOGszeDFnTE9yQjBpRHNBTTFEbXpsemhiblFSZlpXNWpVbzZlZHZydW1DNjB4ZXFCalBFaEIwNnZHY0hnPT0=,2020-10-16 00:00:00+00,publikasi
6483d267-fb74-4f3a-8edb-7b34e921014b,Statistik Daerah Kecamatan Kedungkandang 2014,view_pdf,https://webapi.bps.go.id/cover.php?f=ELnFwjXDsBp8lUj7zoBX50NZWjJaZkpQaDZoNmdJcytJMzhVa0xHSTdWMGRwQVc1QWxZSEZvNzcwMmZMQTh5TUpxWHdPTVNWUlBBb3QrbUlMMGpZbHlxc3JDaW5HV3hqcCt5L1YvekxXVUxNcndvVVREZXREOEtER3BNNzNWMGU0SDJYSVF2dEEvRk5PU1M1,https://webapi.bps.go.id/download.php?f=zIwfIl9vSf1cw7G1S7dDTlJ4S1NnNUlJSHhob0YwRFhjRWVXcHBMUnordW9QUHU4cEoza3VsZnI0b3Y3ZjRBYkovUzdGMzFiOU11Nm41Y01MR3A5YWc0SVVjaUtRUXpqQ05vZDJSc2tEenErQWZPclNOYkIzWnJ6TDFHRFc5VlZOb044TFg1aFVDWk5GU09zWjlaRmRocll4QWVHaWR2Q1g1ZU9PQUlnTkZXelBvKzFlQWV2R0J0N1NCRHU5dWVUYmpsNnB6QTRpaWdseFJuTlhKN3RMZmMxK3NpcS9TUFl2K2lna01oQTE0UjR1Z21jeEJQWFRRNUxzaEYzWW83K3ByeUdOQklOaENMS2xnZjV2dmpocjRZSVBUVHFmbERiOU5FT0hRPT0=,2014-11-20 00:00:00+00,publikasi
64a6ddc2-cf3e-47e3-9965-a7177bb5de2e,Kecamatan Klojen Dalam Angka 2000,view_pdf,https://webapi.bps.go.id/cover.php?f=dA2SbG6FyyZxdvXYA6TwBHpCRWl3Y3hNSjBRZEZKeXNwbUZZZ2lISFY0bjhSdno5a3NjcmdZc2FDWjVGTWdlTVNaeXFSMzduR05NdkdQbElLemtyUGpsL0VDVVVucmN0OS9GWmswbEl4djAyMDg5YTIxeExNbkdHcEhkOWhZejZ6Yk16OVB4ak9PWE9UUHpE,https://webapi.bps.go.id/download.php?f=8mQtwsQMF+cuj+YLifFBhy9zc0JEMFI3eWVKSHVwZllXdDVSQnRxOGZhUk1iTTZGT3ByWTVkV0x4TVFnRDRWRjUxT2dlcFFUY1Y0cnVnc3c3cWw4aVdhQTRFdDlHeXBLbTJIa28vU3R4OXdqd2dVSndWdVNIbFk3SUJhL0p6MXdRaEtmQ3hteWpZSkxOYlp5ODE3a2dWMGMwSFlNTnVmNFh4RyszcVlKeUhTREw3SzZBLzdlL2lmMm5za1lNd0Q2Vk0vUkNVNVplZ2VPTGpVeG9LOGJoaW9HSXp0YWp6dE5tTmpyVDM0U29ReUQybTdHL3hpbU4xS2d4V0FkUkd4VGtKbFhPVTNTdERwajB6NDQ=,2001-10-12 00:00:00+00,publikasi
6509e3b9-3090-4179-b6b9-92c06ac6de56,Perkembangan IHK/Inflasi Desember 2015,view_pdf,https://webapi.bps.go.id/cover.php?f=vSbZzxKF7dvTbWGVUfQNVFptcUR2SVBTQXRKOWY0cG5zOXl1NzhyWENFdWZtY3I3REFYSUhwckM5UDFBMXE5ejlEVi9BK2h4RGdPY0dremJrZXBVQjR4RTRGWTRzNWlkSGxQbnBBPT0=,https://webapi.bps.go.id/download.php?f=UboA8t+ei//vWEDXB67LZzdvZklSUFNkR3J6U0c3SVNaMDhQLzVWNEZ6dC94ZCtzaDEzNUZzbVNsaEFWMUo4TUx0eGJGdXFQcDJwWm95YTVkdzFHRmFhWGxacXBxTGNSOGFGa2dGKzFzNmozMWoxTXpubHBTekNWR09DZFQ5UmZ0cUVpME5GbkF6aThwUVVZcGFNREREdFZlSXRQb0NwT3RkS2l0VU5aS1cwVkxDbitPMlFsalp0dkY2WTR2M2QwanJrUFltdU11eUtuZ2R4TnZ6SERENHJaWEpOOEh5eUk0NG1peTFFV3pwc0VmNkZYM3Y3bDJiY2ZxWjlvSzBwZkxYZG5HQjY2TUpaa0d6ejRWQXFiREU2amhZMGRPbEZVajdicjBDUmZFOVBBeVJIN2FBNU9JbXpFczd5c1NPUDFBeVFaeFdsc1ZBOERBMmplZ2ZNWG9kajRXeFVMdnJJUzJ6ZW1wOEF5V252SHdvNXYzRjZnVU9paGtYOD0=,2016-01-04 00:00:00+00,brs
654c68f9-db3d-4214-ad95-011fcc7820ea,Booklet Pariwisata Kota Malang 2024,view_pdf,https://webapi.bps.go.id/cover.php?f=6ooMe6LjE67h5QAzB/jkeEhleWtjK0R3U0JBNkx6dkc5MWZFMUNWSHlXdE4wRm13NnNRbG56dEQ5WEJJWkp1dms2eUxZbkJJcGMrWHZIaVJ3Z094SmI3UWtUTnlNUFliWTRJVTJJTDdYbXhmV3lsTTh1a2FmWktZS2RlNWRJMFp5V3pRV01VWVg1Yk5neS9z,https://webapi.bps.go.id/download.php?f=eb7dFB7eA6b0EEE+f4Hz1U9yZm0xaXVvaDBtZjA5d2V2Zm4yTjJ2Y1BzanJKMHRyU01TcS9pVnVxUTVwMEhsbU91UkRaQngxTzNMOFprY2hwNzc4alF6QlhyMUxPR1VhcVJJa1lKOXpMQ2JJWXpmbVBPbWJCVHlKK3hDbTUvQUNPL3M3Ulp3dVk2NStBZ2MwK0hxdDFFN205QjQ2NzlXQ20xVDdFUldxN1prRkRpMUtHZmhXWCtqQUoxazZRZGRBWkJiUmZmcDBqQTlNa05DT29LSWxhRG1oU0FsM3B3UWdvU1IvWjIxeklxY0RxR1hySXJwN1YyOHNXV2orZ05Wd0dVUnVaWlhDQTcyaTNyYjc=,2025-10-22 00:00:00+00,publikasi
662a46c9-9f21-46c2-9ca7-5f3a804c90e6,Kecamatan Klojen Dalam Angka 1996,view_pdf,https://webapi.bps.go.id/cover.php?f=2sMGNBPxk7HCPKm3ky29qkNmVk1RWjY5Rm9kaDRlVURuMXBqZVJJalRKaUtCNlA3UDdycjAxQ3hWYTgraHNDVEJOSEhvTkZUWnJmYVdLZTZ3c2dJTy9uU3ZYRXpndFpxRUM3b2xuemFsSHkya3R1OWZWMmZ6OVZoR0syMEQ2N1BLTkdlZkZKSlI3YlBDMHFa,https://webapi.bps.go.id/download.php?f=nG8ggLo3Q0+4/r6B4HzR20tTVTFFb0VIWXNjYWQrdkJ1b3dwYStNMExoT3h6WUQ1cXJpbnBSQUVWdFd1Y2R2YzVaeFh0ZkNtRk5kZGZvbXFTeVRyRHRMWUhTY2h6c3dxSERKQVRZVURVMHArbEZjbk1oT2Q5bjlmWXM3cTNyUlVzcDFYT0YrQXdzYzJ6SUZ6RDVNeVlkQ0p5NjVoNVZNS28wZFptZXFMMWFSWHEydmcrRGFGLzVFTUJ5V2I2a2F5K0xDOGJBUlExeFFWUzk3Q2JDZGx3U2EwZ1o1NnBLWkRhbDJJMXY2SXRWaFVIWGI0ZFgxM281amNOaVJmRXZMUUg5SE5PTVZwNTVaRkU4MmQ=,1997-10-10 00:00:00+00,publikasi
66a551d9-18f0-48fa-8ae8-8cdbcb2ea689,"Perkembangan Pariwisata Kota Malang, Januari 2024",download_file,https://webapi.bps.go.id/cover.php?f=GProzkSH6B1IGyEoGsNFMHJ4aGdlQkhIREtWZVVMcWw3MHVtenJicSt6bkRlK0NoN25NMGdyeUNRdDhJTkJEWERXd1BxNVora2ptZ0c4cjBLS0EzNjVOK1V1bFFBczU4dVRHdm80SUV2aDlnanlFc0V3RzZTcHRiZkliMkljZ1BzcFROMkoxbVNQb3h4UnpzT1EwQWVacjRyQUJMdXZRRkJSVVhlZz09,https://webapi.bps.go.id/download.php?f=93s9vj6YOIphCYwKStYN73BQY3oyWjc1MUU4TWlPSEU4QkNtUFhMdzhkWm43T2FPQkJzWU5CN2s1S3A0bnZpanFzUlBQVk5QZUJZZWd0TjNnNjBSdk5BQlprb2RtZXVESEwvWXdQVFh1QVFsdkFEMTBZUGszMXNBQU42UUtvK2VPSWFQamwxUlF0Qk0rS3ZmeVVpbFBxL1ZrQmNBOEp0ZlJnWVA2WWpLUmJ3blovMWlqeGp6RytxSXNocGsrSUdZRmx4clN6RXVXbHdTOGF0cTA2QXRKZU91emF2NENoNDJoZzdUWkNxM3ArdHo5ZDY1ZXV6NHpIeHNsUVIxMUJ3cjNReGIxb2cwNXdYVmlUTDZ2ZXFOOEJ3d0hUM0o1V0JpMlp5UkVRPT0=,2024-03-01 00:00:00+00,infografis
66daa8fc-fb2a-4ad2-834f-fdc0034ebcf7,Perkembangan Pariwisata Kota Malang November 2025(1)2026-01-05,download_file,https://webapi.bps.go.id/cover.php?f=ei7TzJ4GtZczG67OzADIfmUxdHpHN05FaWJtLzFrVm9Fc2pBSkx5YXdTdm5QWmRnRUZGZTg5Vk1XZEV2YXZtbHVuVlRhVmY0WUdJamN1SkpndlZrbVpPVDhEYThtckJRNDNOVzhRPT0=,https://webapi.bps.go.id/download.php?f=EBO6QOH0K2o1MBJqLMlO825xUGJlZ3RDTlBOVndzOTExdjB5d3RTNVV4bG1JbmxLaEMralJ6SzZZRThsZDlldS9ISHhCVEJ5MkhjQTdXTWJoa3RGczA1L0srMUl0bXdpVGV5TGw0R0xKOXlVUHdCTTJJNTdMQWZpR0JBOEZVZlhocEtmRnZONWkvWkxIaWt2bWRxNmRRVndodjVJTndzV282RkVlem51QjJicGtXOEVvc0F1ODJlZUJoVjY5b2g5NzA2QnlBaXkyYzVMSzBvNDNKdVdXbmo1dktXcjhEckFpeDFLak5WSlZvTCsvd1FUdmUxdlBod3lVcTQ9,2026-01-05 00:00:00+00,infografis
66fb3276-aaa7-4def-b0c8-abd2af1c0fd2,Perkembangan Indeks Harga Konsumen/Inflasi Bulan Desember 2016,view_pdf,https://webapi.bps.go.id/cover.php?f=1oqWHEJwppO9Tu9qh7wTJHhJOGJpTHZhczJIdHFrUE8wN2JaT0JSNUVValJ4N3JKQ2hVOWxOdzVudkhVcHFyaFo0OWYxNVhMbmhqYjZTUXF4V1FIZkNUM0lSVzBCbDdLa09FZEdRPT0=,https://webapi.bps.go.id/download.php?f=9ODZ7U80Fyw4wOme/aMeTXNpUStJLzVRMlZzMEY1K3p3TzhQNUdWNUNRaERFZTBHOUZjcU53RVpYTDR1UDF3OEVwZWlBa1VlVWZjek81R1MrcVZjT1B5eUdLY2QzdEIyV2RmWHRoaldSTGJKY0kyUEhmVVZEMDFZQ1FGZi9USGJlV2ZzaUw4ZUF4MTM2SEVBM2JjVXAzTzhMZ1RGbDVzamp4MGd5cWZCcWpxOUlRWGNjdWk5NXBmbkdCbExsYkhlb3V1SVZZd3l6TGNuajkrUzhIMVRUOTJ2aUFhM1MxVWttcG90L2FNS0FlVTFoUVB5cUg5Vm1IUXhyTWxLemxEVUo5N1N3dHBCY3I4Mkl6OFJ4cE1zN3JGSTRta1RUNDAzV3pPZDg4YTljOGo1dDlFekF0bFkxbHUzN1dXYmxPa0hqaDdRbXEvT0tGWjdHYkFtL1NFYWVjN3E0aWFMcTZTRnd4RlpYcm1LNDRUSHNlZ3dYRThZT3MvYzNOd3RuTVZSQklUSUx2dUFDeExJMWRpeFY5bkd5WEgvc3dxYUJLN3IzeS9MTXc9PQ==,2017-01-02 00:00:00+00,brs
67362cb9-26e6-424d-8aa9-a5c242d97524,Perkembangan Indeks Harga Konsumen/Inflasi April 2013,view_pdf,https://webapi.bps.go.id/cover.php?f=+fEUqi1a/srkbxnPY/3RjERmRUpkTys3akJ5MFZLZERRUlFDcTdZMjRoUTJTWFJsc3V1bzVmQkd4NDJyNHBuWFlLbmYreXBtNUNYa281czVmN3pxN1RBWDFmR2pMYU9Hd0Jva09BPT0=,https://webapi.bps.go.id/download.php?f=Wb6XrQkuPIyqE8fgXGZEBmJObEs0QUtDRE0vL3dxWlJDUnhzcUhTdk1udHJIWnh3SDZFMkc4cmREandmdnVWRE43RVpIZmVsOG1IVWJjUEJMcFhtRGFhMExTZzhibDhzQnBmM1I1QTk5eTRrUjlqT05tMUdtUWdxNS9hcSt6UVV5QmFLdUpqYStmTktrTWdOSGpkd3p6c3J0eVo5dzNGU3A4L2lxL0NobnZGK0x5MFNNL09OTXZ3ZnM1bzVaTGgwZmtvQ1lkTExMK1l6SHUzMTREN0xRVnlCTE1IR0dVSTdXWG1kYTV1L29FSkFKbm5LNFZtMktyOXN1NG5uaW0rZy9hTHRlN3RUZlJUdFlSRFYxa21ud1ZQTk1mMUtUVHk4UFVSMU1GcnlTY2FmWTRodkNOTExWVTZTZlFLN3J0cEY4RVVYd01Lc0NsMHVNZkU2L25Zc0VvWU9lTTZPSHNIZnRIRWtrUmxCNm8wdGl5QmFjZE1wSFp1Q25jYkJQYTF4SlJ1RS96YjQzaWNFMzdIKw==,2013-05-01 00:00:00+00,brs
68a2e8c3-72e8-4860-82c9-5b44a192d691,Perkembangan Indeks Harga Konsumen (Mei 2025)(1),download_file,https://webapi.bps.go.id/cover.php?f=SSW5l2cv6fv+bkgZ0k1OlzcyQ1N3UzlDWTdhUjVZL0xGNXpLY2IxYS9RZ2N4VmdFS1JFTThoNHN3UFZiQVhoSjJEL3BDcFZJbWZmWUcybmloSmU1ZUxEdVRxZ1lndW9jWnhVRmJBPT0=,https://webapi.bps.go.id/download.php?f=8Qmh5urfmBhbuQVrUQGRP0pzdW9STHJGd1ErNnFWY1VRdzBweURnRHRadWZOR2JVV21wTjZRRUpkeU5UV0xMaHAxSXRTcUtjQ20zR2FOZ0JocFRMaW9hSjZuK0xqOWNKUGNKSWZnc2ZHNGtXTU15RUE1R2pleUdJc1ZqMzdLK0N0N1JXcVRCMnIxMWVsSUZVNDJjY0FZbXdVYmUzL21IdldDdWdIODJkbk8wRlNLaTh5RGZvS3VkZzNGN0w2YVYxNEJDK2hzc3I5VDdLeDdTMkhYVGtHcnFsWTBoUDkrSlU5OVZDdFE9PQ==,2025-05-02 00:00:00+00,infografis
68b4a3d1-75b1-470d-ad79-45beab7052e7,Statistik daerah Kecamatan Sukun 2011,view_pdf,https://webapi.bps.go.id/cover.php?f=+oHl+SloHyqrecTjLvhL5XRGUjN6ejg3cWczNCtmMjN1TU1yZWZ4WHppN25aTTFwTWtIc2lOcWFLNVBTTGFkV1NQNVQ0eGp0bFhnOUdjT3M1Mk9jaGlBeHFMbWhTZ2M5Q1g3K1hheTl1d3FsM3BJWmNZWUtnU1d5Uno1b1pwQklTWHNJOEpTVm1TaXdxZisr,https://webapi.bps.go.id/download.php?f=U80KcW2M/QH/zx+3DvfU7UpHMi85OWVubjZheldBb1JPNTRUOGR1NkRBQ0N5c0VKbjdJUlB5MXAzcnZoM0Z1dVRUVWN4a29zVkk5NzRGV2JwVFI1VTY5NVNPYWZDd2dCZGkxTDZZUVl0U015dnNZbHo3S0NYaUpMeFJaU09zN2F1dDNLOVFLdzNtenlVOGJ3YmxiaFZ1ME83RUNGQjlYeVYwdmp6UVNUVUNxREFQMUNOL2VUQ29QenlzaTZHVTBkd09ENmxyNXE3RWdOb2Q1MER4QldaOVh5Mk5QUUZGRzBTU0pXYkpvZEtteU5ERFB0Y3hla2UyVkpUSlNIZXNEQXNQQmRlK2tCeUJWRU5DSVU=,2012-01-12 00:00:00+00,publikasi
68d8974e-891a-46d1-a307-aaad946a130e,"Perkembangan Indeks Harga Konsumen Kota Malang, Desember 2024",view_pdf,https://webapi.bps.go.id/cover.php?f=8WnUB7EvEVAB01pM2GzvclpOUkIvMjVxS2Y4MU1pZFpmT0FoSnFNbjBHQk5LNFVibzdQV3lTekpFOEt5V2VTQnNnay9WYzNwU2JoeDU5VnVEa1ZJaG1JWHFib3hLMEhaTm1hSTVmblFYbFcyNGtJdVQ3dG82SFZtVENIcnNuQXF1R0tkMlNDeTBFaXV4NC9RbGtmNC9NdGN3ZEZrUEg0NVQ4aC9tdz09,https://webapi.bps.go.id/download.php?f=s8Qdp1oQq7PdR61Mu8vqW2tOQWVaSE00OUc2OXAxdU9NTEFNMHdYL1VrQllZWWZxaTh4a3NxdXhlR1hmcmFHNy8xRzdpZWhDYThzN0Q1OFJGbzk1d0xrdXE2eGppNG9DRFFTSGtpNzZXRGdMTk5MSXVkaU1adFl2RHlLZG8rK0IrUWw2RVROdVN3aTdpYzhBb2ZPT3U0V0pzQTdZZC9ZWEhDbk5KdVhYVjY3ZGNHRklWa0M3RjlPK1g3VWN5clFCMmZhUFRjRzcvN1c1Z3VERSsySVBTUnBkcEVxcE1OUHRIcmhpeUhVSm5IWk9BU3NVb0tnYkRaeHoxd0lNdjJIM3J4UzV0T045cGRScFBSaWlwV21Mblo4dEwvVXhpWjFLT0lwMElBaVhsaHNZWHNPbkRwTE8vQWkweTZlUUhtOHVVcy9rMS9vaTM5bG5yL0RUYmk4QUZkODBZWXVrei9oU3UyS2R5V1lTeHJIVmlFakYxWFZYWDdUSkRRMk82a3ZCNXFYY2hyNFJWb2VvelBwWUg2Y2tqYUsranJYbXUwQWxnU0N2U0E9PQ==,2025-01-02 00:00:00+00,brs
6911ee4c-27d9-42b3-ba07-716355b2345c,"Perkembangan Pariwisata Kota Malang, November 2024",download_file,https://webapi.bps.go.id/cover.php?f=tqE8tm21TYIo/5F604UBI1NjMWJVT0lzQmVtVFdhcmJyY2k1TEhyY2dLckx6ZEdYaUVVcTNhWFlQNFJORkoxbXkweXludHJUZzIyV1V3SnJVeWVMQmVvSGNNRHJhWU1xOC8wRm5JVzN6NjltMkdRVVptZXV3V01QTFk1YVBUSGVqb0h3OHNNK3RJZkpBN2lIVWt6aEFoLzBtM1ZBSnZKMk5TdE1qdz09,https://webapi.bps.go.id/download.php?f=azGZ0cfYcphfNsk74tFRaEVFVm1PL1dqMGJ4NjNNeFBzamFZQWl3V0xHcXlHY2RFbHVoVmFQTEQvMFd2TDI1R29xOExiSURPT2tGMUY1WmZuelMrSkYvT082ejhRVlRLQUUzZGFTTWxIT3pGRWJqbDA4UGtkOUp2d0pWYUNHV1FwZ0xLdk5ub04yTExhb0tXQ0p1T0ZiSWozUitBMnFoNi9XYWRnaEVKazhuZmhEckNGWkovalZ2NG5lQXFsazViSittQjdZMVN6aUM5bmNLMXQ2SHJQdVlIQVU4Ty9XUFJaN250cW0yRjFLSW1ia1FIRUo4Sk16Q1kybk1RNHMydUMxZkNhTWJSa1hLR3pEUXYwQzRXN2VjR0dGVHI0ajZXZ0ZsYTRRPT0=,2025-01-02 00:00:00+00,infografis
6920507a-2d63-401b-9774-1c3d2936adf3,Statistik Hortikultura Kota Malang 2020,view_pdf,https://webapi.bps.go.id/cover.php?f=bKzYh8r05pp7Y91WI1uN/zZVNStyQzYxM20rOElrazkwYzkzUTRhSHRDL3ZnMUFPQ0hDNVZlbDRTYm03ZUpsd1VHNzNQM3BjSnVUZHMrcDlmL2tsOU9ZWGFSNmUxRVB2RmxHamwvVU12MFB5UnppNUpKamZRZFpYREFvVW5PcFFkSGVxaVB6NXd4NWlEd0ZX,https://webapi.bps.go.id/download.php?f=TSOQlqkiUMh0hacbkcuRQzdFcWRaYldDVU5LNWJPS3liWFZpNUlxMVZ1QjhGYlhuZGt1TGUwUFZRTU93TmZDZC81M0NoaUlJKzZidTlNUVM2RVY3M0g3YXl2eWIrMVZFcFZuTkp0TFhCWEEvVEJnclRVZVBVbGUxbWkrWSs1elpXS1VLdGRKZDF0Q0xTRVB6dVY1anAvQUhPSFhTYmgzbkVZWmZKYXViaVdqV01pYjExRFVyUHRJY0lmNjVyby9LNnFQeHBsYlVWbGhHNFFTdEw2QVVUOGRGSkRzeks0bU16RjBzK0thQ1NyYkFDVDBZblVKOW5BY2ROV215blAwKzVHeDc2TUJpWEFQSXlHdkNwRjJ4VG5yQW9mM0xwZGRCRDF3Sm5nPT0=,2021-08-30 00:00:00+00,publikasi
69dd21e2-e81e-47b0-a3bc-2f4f0c37b7a8,Kecamatan Kedungkandang dalam Angka 2013,view_pdf,https://webapi.bps.go.id/cover.php?f=Pz9PtjtjOiXIWMMPZbOOjXlwTnNncnpwUEdrVWVYVEVEcWU2bEVPMFVLMVJHOG1YR211elBhMkhBS3NLcTlzaTRKbVRpa3R0TzlHOG1kcS9XZWhNSzZCamw4RlIvRDh1cXVwK2pwU3pobmI5eVFRRzYrUWlROFlBaWNWSS90R2Q3UTBocFp6aE5KWndRTU9k,https://webapi.bps.go.id/download.php?f=u4PyQcD/sqnHuDSBXHf//WtlWnFCRWszTytwdFBBUHJnQlhWeWkyNXoyZDg5SkU0bmY1UisxRm9laDkyNno1dkh5cEhBYUZUSFhJWmNuNWg5VUtXVGRxaFluQlNOZkZLWHNRUGRNRHppeVMzZ3dGcUFKTlArRmVLTFg5N3AwbWJsKzJHT0JvQ2J5c3E0RVNLU1o3Ri9XbGZBR0VBbVBZWmtlOHBTYXFGN0k3VkRiTUFtTkpReDFsblkzV3Z6cU5kVVZ6cnJiRlhyVk5kQm5wQTVlOFk0WitodnhONmdFdnVWS3J2dkFid1QrbjU4ZjJHVGliMDN4YjRSc0FhVGx5ekVEdVdJV3ZsVEUrT2p1bUlsdkNaOExiWGdWaE9TaUtydjBmQjdRPT0=,2013-12-23 00:00:00+00,publikasi
69f0c809-9ab9-42e7-8dc4-6a7a4d3ab3b2,Kecamatan Klojen dalam Angka 2013,view_pdf,https://webapi.bps.go.id/cover.php?f=hd+HxLHfJzzsLGszIHxGSmRzVDVoZzZTOFhVcVp5dWdtVUxIZUlTOTYraFlwUzBWeXRXTTZQUERnbk9SMzREenBRMm5rUklWVXpKQjVhWmJiU1c4c2Foc2JZZXNLeiswUUpRY2pDQ3U2dmVCcmZuVUhEY1pBNTZVcm11WCttcGVhUEFJbXRYaVNScnE1NGFL,https://webapi.bps.go.id/download.php?f=HSWPYxZELTn5nAQr9i5bY3BHWHlFSG41RWxQeGNqWHJmYm5uUUZRRTVkN29YNXhOaCtnd0pGOWtrNHpXY3FVQTdRKytLTVNHNU16T3Y1akNlb3B5Y2hPNWJ3aG40REN2VzFaOFNaUmJCV01NbnR0YjNHOFRZYi93cUM3dzRNZHVTV1lJY0tNbXJjOW4zbnVXK1djYmxDR2Rrd01UaWlPUzU5TXBTTEl1S250ZXBNOUdBOUswamludmJLN2t3SHFrR0dnTzM1a2QvdmhkMThzZU5tVDRJYlo0d1BWTW1ld2cvYlJXaWJZcGZmR2hPZEZwNVRhNTJpUlJsbjd6NzZ5dVQ2VWIzeG0rankrTDF1Yzc=,2013-12-23 00:00:00+00,publikasi
6a66718c-d86c-46af-afb7-06cac8d77fdc,Statistik Kesejahteraan Rakyat Kota Malang 2023,view_pdf,https://webapi.bps.go.id/cover.php?f=j8x2MH/l/JTX7bucn52oYlJyaHdUWndtNjhnVmkwRjJsc1haVXJ1enBBc09ybXdDU1N4UVMzQUU5OE4yeGVnY0dud0pQQkl6bXlZWFhmSWFGb0YrMk5Oa1dZUlB4bTVsMllBRUl1QjBLOXRmOWdDMlBqTmhTTTE3MUZuZWxSb2VzaGMrWTBwQzhZR3ZyMHFS,https://webapi.bps.go.id/download.php?f=2oy2XaSHjJ24+a6Qm/7s1WVxWXZ2a1FYRnRxb3pTMDFqcU9SODdST0lqR3JCSFJVL3piY2ZaeWxibThDTHkxWnZpc3Y0OFJRQmh0ZWJMdjQ4dXQ2OHRxcFQ3Q2swcFMzWER4dHR4eC8xejhTUmNqdlBCcUg2SytZZi9NNC9vUWRsRkFpejVNdW1tdnJKQTdXMW1FOE00Ynh6UXZFc2hxSDFmKzVQZDBsdEtqc2dDZVhLZ0VDODdpL29NZGI2TThLdkZWbC95d3VYTThCVk1rNjZUVWxGS1dDVzFqM3AvbytyVEdDem9hMHIyZGZPQ3libW9SRTlCaU44b082S2daWHdGakdaZmdLWjBhQnJ5YTAwcDBmcytZZ1AyTy9panlhUXhrS0pRPT0=,2023-12-28 00:00:00+00,publikasi
6aa55702-1d73-4765-b231-d67e88a503c7,Kecamatan Klojen Dalam Angka 1999,view_pdf,https://webapi.bps.go.id/cover.php?f=djm+S0XeTN2dvSZ4iFlCDFdRNEoyN212QW02eGdhNy9ZREJhYzR5aVlTVmhIdnZXb0owekF4aFZlWUU0Zno1K3pEeElqZVhXaURaQlBrZ3ZFT0tscnozT2s0akxFN283NytFYktBVHhqQXNzV3JLNzZ0QWN2WVkzanpFcDVDOUs1ZG9LTFhMZ2ZUUEdhdWdW,https://webapi.bps.go.id/download.php?f=a084R6q+fwM8n/uxbGnVcHNwbnE1MzIxNFVjakRRbi9mWlM5UG1sRUdCNG1qekc3bTFnZStLd05heVFOQ0dwMGFSSFRaSE1RdW9sUVFVQ1pFQXpiUmFZQkpOUko4S0lyTDFhU1JtMXNlY3UrLzJUZHlzanlHdndUL2N1dERiNXNGOEpzYVBlaGEvQnF4NjVXZHVDOGxBWjh0b1V0TjByeUZIMWs0QXhTQUVlRjVxTTc5cXNrZ1JLS2Uvall2SWNxVVk1ZzMzaXJHQmdIMmRUMmZmcG5WVmVWWWZYQldFMEl4YTBsNEladm83SXd4SSs3VTZHUHZkYjFPSzBBQnc2UVl3K3BxbGh0citWZzRJY2U=,2000-12-08 00:00:00+00,publikasi
6b29923c-d1ed-43b8-b4c9-4641833fd543,Kota Malang Dalam Angka 2005,view_pdf,https://webapi.bps.go.id/cover.php?f=u8w6ADppn7NQw7O+qIPx53RVMFRJdENpZThPdEdWSGlPRVRjeUVYdkhGbEcrY2xIQkxHTzhESmZsK1ZQWlFGdkNsVkcrVHdLTi80TDZoNkFWSTJ5TFJCa2xrUUlVemFRdjRCZzRNdUhHRnEzbDMwU3JOaHIwTEpmYTZiNE5UV3oySGQvRVlaR3VZTGh1NmYv,https://webapi.bps.go.id/download.php?f=+pEgpwYJIqHZZBJqE7w9gDRmV0hRSlJyeDNQL0RVSFpMRkZ5dnMybG03Ry9DaGY5cG5odS9xOFliT2Mza25vMkcxUVYzQ3dCUENFSVZ3NlB6bFlGSHFTR05GaDJoUDU2Sk1lV1Zvd0JDU0Uxb3pHMmFOaE5UejlMRGhMMW40Qjk3aUVGdGIzaEF1TzNhL0ZsRzBvWUJNNURvMDJTU3hYQVNDUklNbU1oV083dUZKNTF2di9IU1AzWFVuNW0vaTFHQmxOekVnZ0FDVkxqTE9hZW9aU3BUcEd1eWM5VW5HWEdUc2V6dzhJbTBTazR3WTF0d29WNFRXb0lYdzNabmNaM2M2eTMvVDBCUElIVDJkbjI=,2009-01-01 00:00:00+00,publikasi
6b8b445f-2083-41ce-a4dd-e27d6edb504a,Indeks Pembangunan  Manusia (IPM) Kota Malang Tahun 2021,view_pdf,https://webapi.bps.go.id/cover.php?f=jAoy4z5nRvBQCIQ88msyVGc0czVOQUFBeTdTZmhWWXdMaTRIaFNJUm1WOW9aNUg5ZGlMbHhMeTFoK1h2WjF4VDNDZ1JKaGZtMDRaRFlydWFac053c21ZMEF2Sk9QanBTMXlnRG1BPT0=,https://webapi.bps.go.id/download.php?f=OdJgAcP8Q6BODFGKeIpHJGdGeWZnUGtXNUpiUWRhM25wMEVIYWxmemI5cDUyd2FLZnE5SFdlL3pkWEZsOEVnSFNGV1FEVm5KUmRJTXdwNkJlQm90OHloeVdITG5ORGd6WEZMb2FmWVNwdWpudk9iR2lGbjJibjVpcXpMeVRPSCthWUQ5SWNwUDFJZlNvN05PRTFxN3NlUlBZUWJ5Ry9xaDNaSHhxRmlYZ054UlZ0TGRMaGdIU1IwcGNid05KWnBlM3l6MHFXeVNxYkhmQzBROVNBOFNUZnBqZVV1dDhJa3lTdEJ3L0loNlNIQ2o4MTZROUlqOElxYzlpa3FOQUJjY0hheE5UL3hMa043NXJ0YXRwdnUrdGZKOWs0SENCTHBpVTVCclRtczNLRTQ3WlBZTE1FVnllRFBWYzVkMUJLR2RSRWZjK2FTbFZEOFlYY2xSSlRzQlgvbzJZZVNSRnc1a2NqUVlENE1JTDBhRWsrRWg4WDdXRTJ1NFlsUkc5UHpzSi92Nyt3VnhocTN5YTBDdg==,2021-12-04 00:00:00+00,brs
6be5095c-fc61-4748-84df-5d778fe13561,Hasil Pendaftaran (Listing) Usaha/Perusahaan Sensus Ekonomi 2016,view_pdf,https://webapi.bps.go.id/cover.php?f=XNP6M7OjiwCI7A+FdimVXW11WDVqZEtaN0FESWg0QkFEMkJIdlpEam5WS1AxSnFOV2NicEY4QmRlS3luSW1QRkIvQWFYeU81eVk2NXlua2o3aWd2NFZ6cnRSRFBZNU9KTE90ZWJRPT0=,https://webapi.bps.go.id/download.php?f=xqGNohp0HywsisLTVqnvunc3VTRpL2VvN29mMGhnRDBBN1FTc3Yvb0k0NG1IcVpVenhKUURTWnAzYWEza1pCNWRGZ2lVTHY3Tno0WjhGY3hYazErd0JEc2NYbEFrQXNvRGhLZjhFUjNFMVZ5dGM5TjQ0VDRVK0x4dHpVSWR3TnR6Y2c5ejFIMWorZ1hYNEJiQ3dUQnh0dyt5Ri9oQTVNeFhad0o4YUp0djh3MjV3TnNZWlBoTGFMd2JXRWpKQ2Z6dmh2R1N6MXpubzI0QllPQzFTeURLSWQ3NVlFUXJ0Z3hPK0ZWNldCeTIyTDNhRXp0WUNMMXR0STRxUFdkZ3RDMmZ2dVByb2VRU1JMR00xYVJ0Ym1IcEFZSFJMOXVUUGcvdkdwekJUZG8zaUlkSTZSa2xwYk1GbWNOancvR1BveDU1UUhScWlndVNvUUE2UERMRVVEclZoOE9wNnhlbmZnQnkwV0c1eWxKUkdhTkRyUWQ1cUNsQzNNeFFNTUxyL0w5UzRWOGUyS3hRRWFZUW1QWVVFVmw2anNQOURXT3hSYVBBSlBFZnc9PQ==,2017-07-05 00:00:00+00,brs
6d0cf928-e7e0-4a4e-bf2c-2b35ec4d46c4,STATISTIK DAERAH KECAMATAN KLOJEN 2015,view_pdf,https://webapi.bps.go.id/cover.php?f=5Zwq8aFhkhQxrgm5jSi5bEFFNVRITCtsYUxoaWpQVlJqYlppa0p6Qnp5M0lFdU1FSWVwTkdOSmRvZGhVWGt6UFRIY0p5VXZFdTd4OCtvSnc1blRLOHVPT3Y3VUFLQ3lKRjZuYjlKN0M2NHVwQ3FUdnlQamtocXludDZHZXU2U1dSS3ljbHI3MUVFTVRNbmk2,https://webapi.bps.go.id/download.php?f=6UfRr5/40zdrrset4sTzUTA3dC8yZDdpZlRKY2g0bXpaOHVUbWh1YnpUQ0dlc3QraUhaM3BtTC9XUWp4cFQ0b3l1dGNjSzc4OWNyZXozdjVNNVFsWXQrYUcxcEk0eWdESHBhSnRaNi85NTVmTTMxU2VmMHREdmlNc2hjMnV1NlNISGozV1dTNWk2NkxXUHFnQTdPbVN1aUt1NURVaGx3c1hoS3NPQTZKWFpxeEVZSmlmMVRZd04yKzZUbFgyOGpXQXM4bFdGbkxkY1J3NzhFNkJ5cjVRbjd3UHRETkdKOWpjTnlEd1NIV3BOT0szbTcwbFE2R2tyQ2xJOS9ZYVlpYTBQWmFZeUhsdzNsT0liOVM=,2015-11-20 00:00:00+00,publikasi
6d2f7b1c-04e2-4d02-9b31-649b56fb8ae2,Perkembangan Indeks Harga Konsumen/Inflasi Januari 2016,view_pdf,https://webapi.bps.go.id/cover.php?f=oKtPyb2X8vFCQVylbg9CcEN5bjlxbXpkeWVUV2cxL3U5bTJOam1xcWdzb2I4U0U5TTVXMHE4V3FPMndlMHpidmdKTnBHa1ZkYjFwa1FNNVl4K3JWN2E3NHlnOVlMRW9Uc2xKS2JRPT0=,https://webapi.bps.go.id/download.php?f=y+GV7EhkWlOLK8GxVearcXMwUTQ0cmFpeGNXL3ZjL1pxQkJIbndldmpmeUc0Y1dpVlJVVXVuWWFpMEpqYXdYWmlPTkJ6VCtzZS9ma0dzU0ZvempKZXB4V1hiTXZlMHhHam1PaDY3ZHd5d0RabWtBTVY3UlMrS29lVi84MUFaY09ubUdlMEtkaGxDa1RIUkFWOE9pMEFhZjk4YSt4QWJyRlhxWWVKd3R2bC9mQlMzNU9YNk9HU0VXQlROWlNZMGFsZGgzUkVCR3JKb3JUZy9NUG82ZDliTDVodngyZDVPQ2tFdkhISHNjbDBPakM1bzFLd3FyM0lzT1J4QzVRbURMSnJncmRVRTVUVjRwTUxlRUkwVUR1clNuSjVNNHVhY2lrenpkb3BQRmR3U1ZzckVHWlg3R0x5aFg2MktMREdBWWRyMlArcndubzd3Q0hFczhsYW05Ym5oYTc5cEMrT3NzYnNzcFdZemI3Q2tCMEsyZUxKRVZzeVR5aG9RZEl1aU9WbmVYa2FWV2o4RXZudEdhag==,2016-02-01 00:00:00+00,brs
6e571723-1531-4131-8bdf-99cf279cc0de,"Perkembangan Indeks Harga Konsumen Kota Malang, Februari 2023",view_pdf,https://webapi.bps.go.id/cover.php?f=db4R6kiwkI61fclJvuK27WhZQkFxUVM1UUFyOElIVHUyWk1VM0ZKVHN5NVBiMHQxRFY3Q2dWYkFSbS95NzJMQ2JWaVQ0NUhDNGNzZnlxZGM4djY4YkdZbjZOZk9ZRHU1OS9xV0psQlJueVlMY3ZNMlBjMis3YStvVnFkakhHYVYybHVCWEhtZTNDaXlQVkRsWk9LMW9xdy8yL0crZ3NKNkNVL3NPUT09,https://webapi.bps.go.id/download.php?f=HjJ6ib4bbRoGgTpJJhNZ50xIamFwc1lCUnpFNWNENW1aamxkSEM3MEdtdWVoTjVzajZ2NUlpUWJ3a0lzTzNxTVJsSjF4VE84VEcxaWdpSHhJcGpHcWVXcGJEQzNTbnIxclZnR0RJTVhFMFIxc2RxOWhkZlI5amZZajUxRktDUnVoZnczY2FycUNtZkhFancwOHJxVmtrM2RBYUx0VW05UDNCeUtXa3kycm9ES1hXa3NKZ1hHbnZEek1VaVQ4d2xnV08zNndDMTkyd3gzaHhGdHAzY3Y5dm40Zy9tbEJWQVhWNytFN0xxZ3V6aTFTRmlENk1XbTg4UUdtQ3VvZ09Tb3lWTjBTd0ZPa20wbjFNNjNCdGc1SC9zY2NEOHFVZjRGeDZtR1NGQ1o5Y2lNcXJjMG1WYktnZnE0MXJSb1N3ekowRUp6emk0S2pZQlNvOVpNNHB0VStuc2hUQzlaQkNHcENmV3RiL2ovWFk1Y2NvYzR4NDYyWlZGVGlQZVBWT21Gb2diMDkrMElmWlJ2WGplOFdEUnNYKzZiUXFoL1VqYXg3SU1rQkE9PQ==,2023-03-01 00:00:00+00,brs
6eed6831-717f-4c0b-83e9-a5b1394824e3,Kecamatan Klojen Dalam Angka 2023,view_pdf,https://webapi.bps.go.id/cover.php?f=EwmtutU4gYq328WAQue3KG1pWDdiK2d4Zm5EcjVRZWlkOGYvTnhPa21aNktmMnhGTWZrcGZ6UGRwRk1nNCtUMVdpVHZJbjJEemExZUd6RC9NalhQaDhoZTB0ei9Id3AxRkFtWjZjRmNhNlpSRnAzb3VjUDVIcnV5Y2tqSGFLTStadWt3ZzcrcDVVSVIva0t1,https://webapi.bps.go.id/download.php?f=bu6uShi4Q9+vaGZgx8FKfXpwbnhPWXpoZ0JHR29VMlpPNHo4YW5IQk82SUQ5UzFYWFBJOXBnT3JUc2VnMkI0VVdMdUhPNUFQelE2Q3VRby8vbHVOTGVnUStKRUl5THNtWS9tRUswSkxMWmZmaDBiVzA3RG8vZ3ZZSjYrejcvZjZrQVp4UUF0ZldLSVFBcWpKb21ZWW84bEhLaEZTLzJsMS9xVDJVYjFCVmdxaGEvOXJ1RGN6bkhPSkQvbldRemxEV01UaEtZYXdnaGY1RnRVUG5OaTg4V25abWtDUmZtUzR1WUdnbzQ4dXhjVVlycStDdWNMNFdZUFNnL1MrVmlGWXFpbkhhSUJwVm1acHhlTXo=,2023-09-26 00:00:00+00,publikasi
6f5fd9e9-8a8a-4d08-bcf1-b51b5f1fbe9c,"Pada Maret 2020 di Kota Malang terjadi deflasi 0,41 persen",view_pdf,https://webapi.bps.go.id/cover.php?f=4oBJPtn/9drdqEWToxD28k5jZmN0Q2lkdG5IRkFpeFo1UVdRK1F1N1p3d2toeWRJU1lXckxBRzRGQ2R3dWdIMHA1ajlmVXBLNE1SV3g1YmxPdkdydWpHSlJIbUpFekhraUJvbXZZMC9xS0dIeVRNa1VWOGJGY2pEblVtWEZuQlpkNSs5YTEvbE9oa0NhM0JV,https://webapi.bps.go.id/download.php?f=SVVnLttXU6kN8qVy8vkb3ndCTnBvZXMxc1hrU1hFMXIrYTdTb0dXajMrTnpFVzNTZ2ZUaHVsUk1tRklJOXgwQWRxRzdUcElGSVRiU0R5ZmxFWGhmWE1xbnlFTVJRcXhkcDdaVjZZcWppZ205cUlTNHJMRExEcUtVM2JLQnBXblE2cWhRdDV5TGRtRXlncVA1ZEp6NDV1aXZwS1VqMVluempMTHNqczdYbFM0eUE2dlVKbEx0SlAwNGtQSWRDdlVqamhmUDY4aURGSkRLL1FkTWlSYnZFRGNOaG4yUmNXYTVQYXU5WWNTTW9rdWRFQjlGamtIemJkSkphTm5UanZjRmJaaVZzM0NBWXBNS3RNTHdSOTdSOVNubEtoOWxBL3VyZFNmUWFGYlViTjVobTJ0TXBQaVVScEh2b21tczVsK0ZSSEY0cDJTQVdHQUFsY0hyNFlQUU11ckdodVJPU1YxTmpWaEtIcUVpS2FwY0hDNjVwdC93cnBDaS96Sm5JaUd4YkRTMVZLM3BubTRUS1BxV0tPbmlLb3I1alM3T1VWWVNoYXE5Smc9PQ==,2020-04-01 00:00:00+00,brs
6f6345ff-9f09-4e63-b849-5756a5a9ac9a,Profil Industri Mikro dan Kecil Kota Malang 2018,view_pdf,https://webapi.bps.go.id/cover.php?f=1ehHH3ax7VBjK3ugHV2VhFlrTXZmZFpxNGsvT05iT3Q0azQyMzdEdko5OW1XMHRHZFY0M3FMQVVscnExUTM4dlcwVTl4aElaUEhSTktZZHdza0cxQWQ4emt4RXZ6L3NId2lIclYvOE9jZTZQUUxWaytuZFI2Nk5SNjR2cHdiVHJqTlVXOVBvT1lmRWlBbUov,https://webapi.bps.go.id/download.php?f=Z7E8iLgqJZqum2vFmJbK22hIQzd3am45NmtIK1QwU0Z0YXc4NFFIaDB6OHBSbHRDSFI4QmtsRWlzby9MclZoeVFzZy85a1VHdEJiaE5rSVhCS1dJU0o0eUhjQjErNnhEQnZvRElKdDZJdjh1MjJQUjgwekJPdjdRRm9oa3E4Mi9ZWjlVNWl2WlVMQmxlMDZZamsvKzAxRm0yT3B4YnArQnFPZ21ZeStoZEhIbDBYczM1dmhkRFFRdUFybkxsNEM1NDMvT3pta1BjYmxJUm12YnpjbWkyRGM4TXZ1enRWdnN2VWluS094QnA0R3BlRHBNcjRBbHdGMThJTjNlaldVeVNUd0o5clpqaG91UnFrYXhjY3hYS3UzdzNWU2JPTzk0clF6NXZnPT0=,2021-05-07 00:00:00+00,publikasi
6fe8ce42-52d3-4091-a02d-7ddc7a04d29d,Kota Malang Dalam Angka 2024,view_pdf,https://webapi.bps.go.id/cover.php?f=tblpfIdvUBXJrrmpA2rYHWJWQklZY0ZJaC9OcHBpWTJnM2owRHRZeU0wUTZmN2dBUkV3YWdRVi9EQnBhOHZ1WmRrN2l1TDVXMGNxUUJ2ZmhvVDFDZ0pBOEVRRUVRYjNLWVBXcjRDbmUvVWh5Q091RkgycEdaTEhmVVNrOWxJeGNhMUVOWnlqeWZLeXR1WUNN,https://webapi.bps.go.id/download.php?f=MiYpUYmda4J9O5+GA5RPnmVYcDNBQ1JOWFEvTlM3aDU2SThraXFVWk5MaEUzSXp4RjlpNjNiQXZMWHBCTVI5MEFYeEY1WVBSYk9LR2NtY0lJVjZobldaR3M3WWJCWTV0RlV5N0lLR1VFeTYwVlNXbXkwNXlTVUlyQlF3eVhNbzM1VCtqd3N5bEh0ejAvMnFWaU84aEJxRzdHMitJR1l2VjVOak1PSU5KSit3RnlZbzVNUUxqT0ttZkFEMWhrd1U4d2FuRWpGaVhyUmJ2elZodGtGNm1uTFVHUitUZlNpaTZoUXFwZEVhL1VySnVFNjRGa05ralQ2T2hGQzJ1YWkwQWM5OE5UTDdKOUZsTjIwTU4=,2024-02-28 00:00:00+00,publikasi
709e26e7-a602-4a6b-a912-a128336beefc,Perkembangan Indeks Harga/Inflasi Agustus 2017,view_pdf,https://webapi.bps.go.id/cover.php?f=bj/7jbHnVeguC2WGaXNqVXEzbUh1SUp6aUVXNTRmUmtZTGtHNHBnajhYb1ZZZUh1dEdNWmE2K290RGducDhITVd2RjFHZ2NhSnEyY29hZUozbk05TkVzYnJoUEZqVitFZlh1Q2JnPT0=,https://webapi.bps.go.id/download.php?f=QIoSperze4JsZQqQ8DKEoXU1enpzR01DWkptS1R1MGV6Z25ES1FPTnZHaWVtSjJSb25IY1hIRVVCMXVQL3ZuOVNZdi9NLzhhaGZmZWhKejN0SDB4cklybEgyZEU1NEVYa0p0QVZKNHNuMUlnWXpDenFRZzltSDFISDZ3NU9jYTd1ZEJ2V2pLVnA3WVQweEtmV1VjZnhraHl1Rm52bzM5WEdOZUlGS0ZNdTE2c0FMQVNSSHUyZlhYSStXYmVYMkxtMWRjaEhJMDlKcFpBOE42eXpab3FDQ0lGSVp1cVBmR2tyUGhnS3lZTFMzWlY2YklTcjFJN0krN3pNemZrK1BZeWZCdzU1RWh1cFNycFFHM3NsVGtTUW9QdVpmcm1Ibm4vQWYraEE5cG51V3FtUkMyNFdNK29TNHdtSUprQTY3aUk4M2J0bWdrRzFaWkk1V05MN1BrbS8wOEtxUStLSzAwaVVEQ1BtRTJJWXZpVWQ3alBBKytlVS81TGxGc3YvOWxIWms5ZG80RFhvRWtObkVTVg==,2017-09-19 00:00:00+00,brs
70bace81-66ea-459e-92d9-34e9b4aa54f2,Kecamatan Kedungkandang dalam Angka 2011,view_pdf,https://webapi.bps.go.id/cover.php?f=iv87KCyUvsbZ53wo/evER3REbG1tRVozMzJrb0tGU0U0UWFoTW1DMlp2aTZ1OUNybUdnZVdxYmtGVWRpZkQ5STBGS3IzRGp1TnI5NzNMM1JUUmhoemhneUM0UWdFczAwTWhIZTFFN1gzYVNpSi90REtmeXhDZVh1dmNBRzduTXc1VzVxT0VqaEFvZ1pEeXhx,https://webapi.bps.go.id/download.php?f=pYK/PxrJe46neoPi7ZRB20FjZVZndUxrRWhqUnQvaFozOFRBSndudGQyR0o3eXJnMSt3d2VjbWFXRk55a0FUWHdqaEJkYTlUeVJVVVgyQ2FtWU9NT2U2SWN5MUFyelVtRyt4b0I3YlFhdWUzci9QbFlSVUgyRjJJNFhuQXhMR1VkTjJ2SVN3d1pUdFA1NndaRlJzb1NaUGRhM1Mwbkg2Zi85ekhVSUkrODYzblBzaEdlcDR3VXY5SmNUMHdzY3FadzJXZXhoUHBVU25tclRVOU8vZUNrazdiblBFUThLall3YWQ5NHZTNENuaDhPZEViNkR0bit6aDhTWUEveml3T3dRWXZldEIwYVNqcnZFZjV5RldzWlp2NHZuSWVCQnlZcjZ6cFpRPT0=,2012-01-12 00:00:00+00,publikasi
7101553a-d594-4182-9884-b3829f461a32,Statistik Daerah Kecamatan Lowokwaru 2014,view_pdf,https://webapi.bps.go.id/cover.php?f=O5xDff58uryzb9Ghvp6Qb3NkaFArdXVtcFUzSm9XQVZiUTBhT1ZaeHRMYVJvZ3ZaQk5PelFlTFFlSjliZXFxeXBLaU9UVDZtclVncnFTZUMwbU0yMzAzL1JMOWhpWmU1NXU0Q2xFRlorYURNeXdESXBXb05SdHZMOVpkcHlSSjltWWUrdTB5SzlNL3o4c3Ir,https://webapi.bps.go.id/download.php?f=nRwX+4GXlIK1Jei/lu+eZVJxKzdUbDJrQ0FDWkpTNFpxZXJNMktKMlVQY0xwdkpXZlBkRUc5aEZqSk0rZ1FKVFR5WHlTQWlqZVhld3NHSk1VVUdvTDg2ek50aVVnSVpPRFZralhHa0ZLVVRCRWVkMytDQkZWSHhlNzBlQVRlL3U0Y1hZTFBzMTk5a284Mnh1czJUN0pKR2RZT3NZSFNmanFTNmhnczdldTJlWlFkdzJFSFBSRnN4MHRSL2EzUUNqUmFHeEtrZ1I2ZjdTVkttTUhDY0hmTHVDYXFjbVNNZHBYbkZMWW9abDRpQzlGZWpHMUtFRnJFZzhZdXNaZC9RUlZuMkY1bkIzS1FsL1UveFNSdmFTSXZpbEJXNmg0aFlZYzkvMTJBPT0=,2014-11-20 00:00:00+00,publikasi
712af926-0ef8-4459-a2fc-8bbdd2043e17,Kecamatan Kedungkandang Dalam Angka 1999,view_pdf,https://webapi.bps.go.id/cover.php?f=gEI6ujITfApzhpI+QTj69kY0WTBIcHJGako5MUFjdWpOM1NxQzBYY2VyUUlmeE0wZmhybmFCY09Zd0Q3YkNTQ0R1Mm1MMUgxOFRZSS9mVU1DNnAySTNzWWxRMkNBbDVpWVN6YnIxTlU1YUNuSzVnRnVpdlJBUFUxMHhPSjlFKzZqc05BaUdYMU9LN29naUVZ,https://webapi.bps.go.id/download.php?f=qe1dztfvAT3WhjnSx3fn5EtSdXlxNzlHNXZMZHlxa2VIRlkrNkZraE9mc1VxRHZyQTFYU052ck1SYml0TjhhT0ZZSTZXalNuQ1l2WlYweTVzcldtNG16VmlBSkJlNWVYTkFISUthUjNSdWdheVZ5ZXVNZ201RVhnd28yNmJIYVFqRDQ4aS9jRDg0dHh1NWZqUWlEaHR2NHdmd1NmMHVsV0hkOE5DdytsZnl2clNKcEtoekNsTUlMakJMK1ZoanY4SWFiR3ZkZWdPZ3FTQkFxeUJnNDZVOXl2TEdzdHRJNTJ6RWNEM3JBZCtUYVVNSDE1Zm1CeWRHNFJ4ZmNXQ0xVaUVaL0tvWXAranJ4aEQ5VTVuU1hNZmxhRGZiL2UwTVpXWnZMUG93PT0=,2000-10-10 00:00:00+00,publikasi
71570cc7-9630-46c9-bf51-3c4b9b7c3347,"September 2020 Kota Malang Mengalami Deflasi Sebesar 0,05 persen",view_pdf,https://webapi.bps.go.id/cover.php?f=3UdBAiM0j5Elxi2tgpXcxVlyZmNFMUkwQ2xaZmVPVDFsaFhkZnBhSTJEY3k4VlJNQWd1T2JrR29ucTBMeFJwSmNKak5JdlE0QmtuM0dGM0lYeEdzbktzeXcyQ1VsaUU5Rm5iNlV5OWhTSjU2ODNCWU5EMlVWTnNlYWFkenk0WVg3ZVZuVmlLUk00cTNYaXd5,https://webapi.bps.go.id/download.php?f=nEj/hvlKFzw9SClEQ1EopTRKdjZadkFxazBxNjVuL3VrNEhwV3NvODdlVFZWZ2Q0RTJyQlhNV1kvbksrNjVpbFR6Q3FjdjkyRWZqdlN3VUpoeHA0b2lYWHh4WWM2SExybTZ4bnJsdTk5cHNRemphZjMrN0pid1RJNnhuVmpvY1JYU0dNZzEwdzRjM2oxeVc0U3c1bE9HcUQ4VXErM2ZlL3RMRWJTUkh6SE5VaHNHVE1lYlkxQzJVSVFiSlV0NHJydWVGY2h2a3dLSjVYK0F6VHFnZHhLQmNKaE1EV1dsMnM4WFRTMFQ3ZHBvaUxJaWNqcFR4MnRKeGtraVVwZjJteFRaUzZBcmxwNG1wR3NNUk1rbmFSRlJ6WmZJQ2lZbEtJc3BWeXdDWkV1dUIrMXNoTzNhY05rZ2h3aEtwN3hiNklPeDB1eWkySytsUmFjazFQMHJIS3ViM1BFd1habWloSFBkUWtGTlcvc3dyUG1meTVYU3UwYkV5RW9GbHJxYW45ZnlBWUdVWFNmSnAvME1KcWFRMzFlOVNYVjREWnUzUUFlTFROL1E9PQ==,2020-10-01 00:00:00+00,brs
718ef92d-0641-4b2e-8e76-980023ff6815,"Juli 2026 Inflasi Year on Year (y-on-y) Kota Malang sebesar 2,83  persen",view_pdf,https://webapi.bps.go.id/cover.php?f=D61QHdoqMS3UxvRjOZiDf21IbmkwK3VLOHBLYm9teDg2ZGF2QmIyZGF1RGRvejVnSTBpenQyeENkam01R2J6T1JYZmIyd2NVcDllTy9KZnMxQVBOcDN6WDRZbmVKRzBxQlZPaHpnPT0=,https://webapi.bps.go.id/download.php?f=GsUP43VqdzsCtC+pM3NueHg4KzlnVzdKL295cDRFWnNUMUoyU2NpQU84eHpTMFdNRUVta3lGeVoyK1p1V2h3Ykg0UWtWM1FDUzNndnRyUDR0ZmNrYlM2SXpNWVZPTU9SejRUc3ZScStIVGgrMG45YU9wVkp2SWdjclhIdWFFN2ttQmdkL1c5dnlBMXRSR0tjZUZ1UnZRbzg5MTQxYzU2UGthSyt3UEtZMmZLWTVhdTNFQWZGLzBRa0lZdTBpckxabStpeVBoWG1RREV5Yk9SUEdORHNmY3RlNUtyRTFHWGVhbmF4d2x3aUF5ZTlMU2xiTXVUem1VRGk5aVk9,2026-08-03 00:00:00+00,brs
72fcb6ee-36b3-47f3-852c-c89a1e236f00,"Februari 2026 Kota Malang mengalami inflasi Year-on-Year (y-on-y) sebesar 4,81 persen",view_pdf,https://webapi.bps.go.id/cover.php?f=9AOF1kiCWof0V4KreOmLv1RHT0xmOGxXV3c3MDg2YkxxM0tSaFpnWUNmMHh3azJEeUJmRzZWQS9kRVVtTnRzNHp5VVhiRDFYTXorU3AyZ2toYlVwTU4ybzVweEUxOWx5Y3ZESVNBPT0=,https://webapi.bps.go.id/download.php?f=KMc9wWMqyfhyYqyunMME5WZLa3EyTW5qa1JPOTJKdk1TUlMxaSs3Q2Vrd0p3cXNuWG1FbW94WGxlK1lYNCtOZVhmeXAxaDA1QjRldGNkQmxrTVRwY1VYbnRKYXZDOXJtaVp4Z1pLZ3pSZTRvWnZRTy9DV0srSVNJTk5lN1Y1MnFFYUQ3cVlzVmRSOFNROXQ2WVl5cXVwNndPaThkK2w4emltaU5DdFhhNDd5aExmb1hkb05xcjNuMkRoOGJsMzZRYWFIVGMwNmhDb3k1YWQ3cEFYU3RXQ1BSNVA2dUJqM2pCVkdzVU9nVjUzTlVheXFrTG1Ed3BReE9jQkZHZG94ZGN5ZGVOc2JZUDNucHZHK0E=,2026-03-02 00:00:00+00,brs
73205f51-473b-4734-99a7-b1e58cdb8032,Kecamatan Klojen Dalam Angka 2008,view_pdf,https://webapi.bps.go.id/cover.php?f=8PxHtx0bCLFveqEVkjKew0lrNi9ubjBQaUF0Q0paL3NHOWR5eXdFK2paYWRtWk5mY0gxWlRPZ0V6Vkd1ZTFhMUZzTnAyVnlqc0RSUzBlTjdibnBMMWdIVUFzL3BTcnpEOUF6OVh3SFpRUnJ2MCs4eVgwNlhQNlB6RXlwYUdIR0FzdjdLelg4VE1GekdMMFZa,https://webapi.bps.go.id/download.php?f=AsitMZeNhnaeuu7PfksyAjl1YUhTUnl0dWtYd0J5Q204NUF1Ty9MRmRkaVZjOVliMHhiYXZwdXNqcURkaTRRSWZWTFd0M3ZjT3Y2MnEyYWhtVW1RYngyMklheS93WEFVNytrVStzR0VmNUdqSkNZMzdoMzg5NVVHa3lLTlhKRHFJOXIrOC9iN3pJNEdId0hYSGJGeFJRdVYxY2VqeUJYT205dmtvUkwwMjNRNlBQbjMxYmN5TE1SOHZQZzZzMHhaaVZnK1NmOEsxL004WVZ5VHNoVGJKc2t6M0o4ZjNKNm5FaUNsZWRXdC9hUFd6a1ZUZHpzNVZMSXNybFJFajBvcXpYMml6NHBxUlgxYnVwUzk=,2008-06-06 00:00:00+00,publikasi
7356396b-3745-469b-853b-20c23e72c3b8,Indikator Kesejahteraan Rakyat Kota Malang 2016,view_pdf,https://webapi.bps.go.id/cover.php?f=yRL2lAtwaGYm8ANqtnxMfEZ3eEt2SzFyMUpqTTdCS2pOMUY3WkpVeVlrOCtyR2JqOVZXZXBNZDVDazhXbHhXdkF3OXEvZS8vdVhUVCtMeHJaWlVhTHg5YmIvNUtic3RidlZUcm9xYWZLaXZzd1FTaEZ6TmwvdlJxS1dTcWxnNldnTHBTZG4xbjYySi9DSUpv,https://webapi.bps.go.id/download.php?f=I3f4aFlz/7dNOH3GKLVUrXE0WEtHSTBsdG9BK05TQ2M0TW1od3pGcHlRb1k5ZUJPaUhxdStQQ3cxYU1jMFBYRjBBTUpIaUdGbitOY0l4eDF5MVJXdWlyUFMxTXNuRVlGNFBocGsvL0ZnUDZhOUhKdGlkbCthSFZPWXN1dmNKSEREK2ZKc2I5ZDZ0UWJIU3NVNlRZV292TEptYjBqejZCMFJnTXdWQm0za25BUjh4SXFPZ3ZrbWo2U3RKWlY5b0Nja05MSlFvMVF3VGVqbmxVOEpMaDBpdE1MUm9idGsxc3g0SHhJN3pWRXR6ZVNmbzhNSk9FSHljNnB2bHljWFUwV2FHRUNEY29LalI2SzU5cFNHdjA3ZWZFV2RtUU1CRFo4TXlTV1JBPT0=,2017-12-29 00:00:00+00,publikasi
73d5f14a-593b-4158-a20b-e2dd5720de77,Kecamatan Klojen Dalam Angka 2005,view_pdf,https://webapi.bps.go.id/cover.php?f=so6Sb7phWMRJ1JMhemczvHlOejVpK1VidGZwUWNXU0JvOEFCYWRQa0Nha2hSZjl2cGdyczMyakc2bGZodmV3cDQ3QVpvVkxLR0J0SDVOQm1pT3RURUZ5eDVETmMwVUFVNkNCUklBSVFVcVFJZmJmVmdMYjFZQUtPeWtDVVBqK0RNc0NxcHRpQzZiZ1JOWmhQ,https://webapi.bps.go.id/download.php?f=B/qMsHp1ml7NQtlTEB/jIXpYdHhGZUM5Z2ViVHVxOVZhL1J0VHhMSDBLNDhoRmtkckZjQ21GWTlZd2ptUVZPRXhta01TMVMzVUxka2RhcmFUalpieStjNm9wdzFoZ3MxY3B2M0JFNElmRjUwbDV6THd4RDJkOUd1ZUNGZThYeEdnZEFZOCtZR241Y0dnYm5uNGk4NFdaSkFGdGlBUTBoaVp6clJFTmJ1OERCemhmL1ZvYnFGa1BTWWYxVEZVaHBUdGpCYUFBUlpHZzc1TWQ5Rm53dmZXdVd4SDVwNkY0Tzh2NXNDNnBOdUQ3clNJanpYc2JzN0hrTG10ODE0ZWFsS0ZUeGtqbGZaNDJvaUtaTjk=,2007-12-07 00:00:00+00,publikasi
740db0bd-9ce8-4cb4-9b25-35c6ebac2226,"Tingkat Penghunian Kamar (TPK) Hotel Kota Malang Pada Bulan Maret 2026 Mencapai 35,22 persen",view_pdf,https://webapi.bps.go.id/cover.php?f=Lex+EmP6XbWLlJE9DXHpJTNCSlVrZ29qdEV4YTdRc1FFUWhYSlNnaHNLa0tYOU1WUkdvTnFqem1TK1c1UzN6OWo0ekRoWVBsYy9ISmlaQk1BamV6Q1FGeWpLT2pJeWtQTklqZ3hBPT0=,https://webapi.bps.go.id/download.php?f=vUUy3Ub9StNjeYgunH6qzVJKa0tmcEQ3amcvbUZoYmc2RjJtRWFYKzBIeFplZ3lxVXV6Rml5Z1F5MGIvQ0lsdlVVZXNtU0thQUNzTjVacm5CQWZMTnFwRXYvM2dQZDdDK2g1eGJWam1MNDdiT24xc2JQVzlmZGlmeUlUMWVQZ1g4dWtNbTBjenhxbzF2WnpkWjVlTXZFR2RwRGV2blhsRlg3YWRtU0Zna2o4bUYxNnhkTm14ZVlxZWVRRVNFaGdmbVZUZDI0bUs1NjJYQll6MklKUU53UmFVb01LalFCSzMvWWgrTW9tTE5ENlN2M0FScU5Kc1lRcXRocXdLSkVDck15WWNDTUpxbXJEYTY2R3k=,2026-05-04 00:00:00+00,brs
746fcdc8-24c3-47dc-a095-6e87a01bcfd0,Kecamatan Klojen Dalam Angka 2024,view_pdf,https://webapi.bps.go.id/cover.php?f=UGBOUqRKCsssuddnWWYPOWxid0RNWHlNdFBPMjMrRHM3NGVBQTZmanZzUS9EcXRHSDJIb256SWgwUUpCVWZFNXNVdkd4c0ErYStYbHVyT2Q5MjFweDlIZ3owanlmRit4Z1IwOXFSRE93Vlpya2phVEdjUTNhUFpoeEFaMFduQ3ZJU0gvOStlZlc2Zk05Z0o3,https://webapi.bps.go.id/download.php?f=vVtrVcknLBfgvE+MmchByzhsVEFwSUxHNnZiSnZLZnFla005a1AvOE5kSmdVOHJ0amVBVkJPdm8xOGx5RWpyMUxQZWg1Q2JoRElPTFZHc3lhV0ZjM0FVamFBYTNoMFVBZlduRkhkS0J0aFpkL21ET0FOLzVZTmswZlV4MmM2akt1TE1TVnBlMkFySEI2TTlxOGxyUWU4V1lUekduMlk4YzZJRCtOamt1NkpTbnB4NG91Qk1xWU5IbHZSZWE3SlVuTnZvZjVZeWVxUDliOUp1SkRhYWFiMW9ld3lDTmEzSitGOTJXcWJhU0dtc1dTeVpCYTQrUjZzei8vUTAyTGJJNlZZTWxVZjlDL05DWVZZY00=,2024-09-26 00:00:00+00,publikasi
74852880-a408-4878-a907-ea713fbf3b01,Indeks Ketimpangan Gender 2023 Kota Malang,download_file,https://webapi.bps.go.id/cover.php?f=iuaiFmAolFzR6yVBw9vxDmx0VjJvM0Z3cFZpTEtHU3ovZmdQTlRoUlNDNWRsTTI3dDFKVXRRRGhBZkxIMitMcUwvQlcxejYxQzBZTVl3NXluaHpOVGJENGI1VnJRL2lYN0JhRGYyUUhpZkZpcGpWckRLc2laQmhsUGRoQUVadmJibGsyRDEvOWpVQUJ4di9pTmpuNU83VHFKMU9HK0xMN3I2NzFiZz09,https://webapi.bps.go.id/download.php?f=epQi30Y9U79qfioV7QK4EGRrVUdnaGtVYVh0aFJSWjRqRXpPUjZzeWtYTTRURDE0QmlGbkZnTUJNbWZVMmZOWTZCUEp4V3NlY0kveDc5OWxESG5DT3dWemlpUE1FWUdXMTZ2ZEJramwySHI1Wk1Pbm45ZTBXSEpqZUlEWVlEcEFFTmxjMDBHYjdzcytpa0lvNVYwdlNKaWhYNm0zR1VrZnIrMU9ub082czArZ3hVbHQ3aTJrTlI1S3hGK1pOclJucjlqS0JlOE9ONkpBVGgrZG56Uzk3bVFBRXZ5RFBKNkJVWE0xc2ZUYzRrL0RXRC9seHpyem1sYzJqMTZTY2Nyd2IvQnFOL29wbGplWTVzK3g=,2024-08-06 00:00:00+00,infografis
74d2b5a0-19d3-45ab-98a8-9b3b175a107b,Statistik Daerah Kecamatan Klojen 2014,view_pdf,https://webapi.bps.go.id/cover.php?f=3eArVkDeXHc3Tt2pxk8PT2xrK3o1Z1VmQzg4MEZvWU5FKy9OTHBNSG5nSURBQU5PajRDRnF0QiszN2xBbnVyMkpnajJRbWNKY0dKTXJ5YzNaZDBVS1UxNkpZeWxVc3ljSllRVzhZK2pWY2lHNlcwR2xiZE1VbktTTmxvZk00MFBiQlZjVW1LZEpCbVFMMUpz,https://webapi.bps.go.id/download.php?f=j9YNVritQXgHS3ZqqUaPdDNZbzF6N3QvdnlLbnpRdjUzdTRBdkJ2NmpkbGNkK01oZWgydW85eXJHYTllUktUTVZTMzFmOEhzNnZ1MmsySjBOL2ZJZ0NZeDlPZitoVFpoVDdCdHBFV05sQ1ZNaGUzVmplTGVjL0poOGp4Y2hVZ0t0bEVoZm1aUlR5Q3FrbUFBbDJZVk4rVWwzSTRyQWZNMlZKY0REdzJMeEMyNGQ0cStxMHRRb1RVTEhIUmM4ZHR5cHEwaU9UNlZkeFRzN1Y0VGR0VzlZbDdvcDI4RFkyTnpUdUFDa2hoa3BiY1NqalpuVmRnczQ4VlBhMm9SUnFlOWtGc0dRNXp1UU9GaldsZEE=,2014-11-20 00:00:00+00,publikasi
753b9b94-bb31-4db2-8187-dc7b227b4ab4,IPM Tahun 2019,view_pdf,https://webapi.bps.go.id/cover.php?f=Oe9ixNFg5tCPMvfecSlse1dPUzRaV0Y3Zm1OUG9oQ3VMcTBuWmFJTlJpRkViL2lvbFVpdDltbTNGK1d0WGJ2UWpQdk1ER2w4YmpGQ0pOM1cwblpIclRYaTZSNGxnK0hlcndaZUZBPT0=,https://webapi.bps.go.id/download.php?f=VINLY3Byy3pKdmZoyBpg5HZsM2RaL3c3d1ZFTmprWFFjTUg3T0wxemY2WlNzWHMxVlBpV2xEZlRHUU9IZHpYQ2U4TzdVTDZIeXZyODVvSEphUlBiQjdjM0h6Q3pYMUxWUWZJdHAvSS9kZVl5c0NFWXNTTjRBSTR0SXdaenRpamVUSUxybGZJM0J2VTJsbHN0YzhHeHAyQTErRlZLTVlwOEhiK0I5Tm1jc3FQMUNsQkNHeWtEU1doT3UzeTdhR1NIaFlOc0N6ZHhYa0VjOVdKelJLVlF4REtDemJ1U25sTFdKTXluRWZ6bjFQZ1VQL3pCc2JETTEvTEtvSlJRS21oRUlnaW9MZWRnS1E2UUxBMkhZeDB4WFFsWWRNT3AxRWVxQ0JOdzI2UnRobmNnVmtDOXdBUGxwbnFCQjZ5TFJvSkIxNFBlSklTS3JGdnNWWEJYbkRXWDJYOXpmM3BKRkl3Nml6SkM2dz09,2020-03-02 00:00:00+00,brs
758f02f2-7898-49c6-8e1f-66509df8e160,"Perkembangan Inflasi Kota Malang, Januari 2024",download_file,https://webapi.bps.go.id/cover.php?f=vYYk3ijPy6LCFTmcU6wO2XVGQVM3VGw2cUJXTWZ2bERwNE5tQms4RFFNMUtib1VTRWdGd0JRdEdEanFkK1hpakVWMndpYXUzTjhnMkxNMWl2QXk5eVZlaDl4dVd3MXdQZ1FUNExBcmszL0dCSXd5Z0ZqMzhuVVRKSFNpVXVkMG81cm5MVTNkTFFsWVRLQjczcHBvcTFBOFVwNHF3b2xtSGRiVmZFdz09,https://webapi.bps.go.id/download.php?f=x4cI9hInrdvLLwv10PRHijJqSlVVM21CY2hObFV6SVNJb0dsWXpyY0ZiNmhFeEdIUTA0Q29ERlBtTzMwcVFmN3pKcFlObGVZSTA1ckxOQTNLak1xR1RaSDRHMC9tSW9rVGJsbVFGeFJVT00rdHZkMUxaeDBiREJJOW42ZURlSUVJRkNaRVluU0V6VGpORmlxL2RDc0p2VTM1VVV6ZlN2azJwWkU2QVBKQ3FuUTR2eHBxM3NwL1RHSE9jYTYvRFlmSGNXQlVSL2FGek4xRUUwVCtVWmVFeWp2MFE2OHQwVGZwdW5zTnh2bmZEcWM0QVlxeFZndUtyMis1bEl0K2hDaVptU0tsWUN6dE1BQk1STGcvaEdRNEREb1VsWjZLQzVIZ1M2Zk9BPT0=,2024-02-01 00:00:00+00,infografis
75b3f5b8-158c-4400-8744-be5f810d6d57,Pertumbuhan Ekonomi Kota Malang Tahun 2023,download_file,https://webapi.bps.go.id/cover.php?f=UAVtmBrbkI819S4FiSC9j3dIaERVTFh5eFJ3SGFDbE11czBWcTBLZ05XakkvMExjancrdnFqRm9hRUtvNEdHc1QvU2RxMEJOa1Z0REtINURMOFRBT1FOSzN5TllrZnJET3pFVVZrRlRsditZM2VwQjhvVTBMaC9FSWNubi95TEdEMkU0emdUOUVoNWxzaGdFa1IxOUpsRmZ6WHR5dFVtQnFWajEyQT09,https://webapi.bps.go.id/download.php?f=S/BeNn7LgMZ9vUIesrNmnnpseWxtRk11WklIQlBUV1FnTjM0WEd2dmxYYWg3N1hzQ1hMbDBmb2dUR0pYSmI4b040ZUozMnU0SGFzQm5RdHd0VnVWNEVoYVp5cGM0Yi9sZ0REN3hoU0s3SlVLSi9WbWlyVml4Wm41U2JLWkYxb0RCaTJCbWkwZjNKbDVUTS8xM0FmaGpkYlFHS1RpZG85S0pESStWNXorV0FkMUREaWt5cVozVnliSmd1ZkRURnRLRksxWDhtTnNSWFJ6aUM3Q3hXT3FBTUY1TUJYSWY2ZmhCaWJMRTc1cFRYM2Q5YTN2YWk2eDlBSW1BY0Z1L21PS29ZN1dUd2o4UVN4am1VaWg=,2024-03-01 00:00:00+00,infografis
7637c31b-840a-44a2-874a-4185e044457d,"Indeks Ketimpangan Gender (IKG) Kota Malang pada tahun 2024 sebesar 0,131 atau tidak mengalami perubahan dibandingkan tahun 2023.",view_pdf,https://webapi.bps.go.id/cover.php?f=U6uZ8PFcxYJ8klRqjk90c005M3pwZnpQSU43MnQ5OGQ0cisvc0U0OVNIZDVkVTlKYnBDKzFsRVdlYUo3MG9wMDcwc01uclRPTUh5eUlVb1BLYW1RbmtDU2VmSktTREg4dkpkc0h3PT0=,https://webapi.bps.go.id/download.php?f=PJ8TVPzCU6fGy4LNZLh1UTVaeW1pWHNmeGY2QTBtUUl2YlJ2a0tkanFjbzYrMzV6LzNidHRZbEN1NU1CK2RwSnZNWWxMaDVlRk5JdzBPb0hKVkRpY1h1bUtLTytNQmZCekdaLzVOT3F6TE9uNUdmSDVEdWRhVGRuYVN0NGw1L080clNyT0huZ08yQ1JWSzFjb0x4NXNkZk9EZXczdHN4Q1ExYzRyT2lkLytsU1dtcUZYaXFCV2VhdzdCMUpnb0p5NUpqNlJBbWJHQlA1dVlNcDRLTW1HV2IrTHhhbmNhZjJ2TkFIY21KWVl3WmEwQzY5MDVPdHdKRllPOEJiSDVZZnFKSnh3SmdwNnVTMGtUN3hyQkoyOXFIQlVFdnNDVWcvRDI1VE01YjZuNVYzTVFkeTRyOVI2Z3BtNGZrPQ==,2025-07-01 00:00:00+00,brs
76a8fd8e-08db-4c10-8b88-e19e618037e3,Kecamatan Sukun Dalam Angka 2016,view_pdf,https://webapi.bps.go.id/cover.php?f=B6mgHGHVfwDoc5z/wSCLmk5uYkRJQ1FqK2l4dWJWaldjZWtqaENNUG1hTC9EMXdpSUdHRjVjS1N1c2xiT2gwRGc2cW9IS3dNS1BvdHduUzBkYjZ5NGRrbVNLVW5mS2pGUGpNRjlFV0JLL0xQTDR1L28xZHpYekpGcmxCQjJ4VGpJUE5xejVkTklCVmJSWS9x,https://webapi.bps.go.id/download.php?f=AALDLmerMe6sz9VWwMKcHm84bGFEYlg0UmNQZUE4VDd6MEZldEs4WXFZMVBFb1lpemg0dCt2RXRHbG9kNzVyNG04MkJ6TExSWEs0bDlQcUNyM3FLSFJTdGRSRlBxNUFWcWhmQzdJQ255NUxPdzFoeUVIaUkrRWg0cXVySGxOTmxoY0FWZlhWOFoxV1JxYWoxRGFJRlA2U2p1TUtyS0lLZzh6eG1QMGxRWVFGWEo2WEkrOHk0b2VBSHFRRHU3NDFCZXFYY2hXR2xTSkVrcHBuZ0RvR0pNRmNycUhIaEp3ZWFoVEFFSkZzTDhqWDlSN2xsVHVVNGFNNXB0Mk5Mb3JLRDlIK2MwbHBmWjRLS29mVGU=,2016-08-17 00:00:00+00,publikasi
76de4cad-8275-45a3-b4aa-4f00693d4e74,Profil Industri Mikro dan Kecil Kota Malang Tahun 2023,view_pdf,https://webapi.bps.go.id/cover.php?f=Cioz9aFHKhz/S8BonpI/Rm9XNjZCYTY2dkF2aHlheWxxOGlHazE4aVRjVjR4Z1hGdHM4Q1dISUhEM05FTHgwellrVnViVEJuZUFBdE1YclZob1ZYeUNvcUpMV0Yrd00yR3hoTWliTzArMENkdlVnZWRuYlM1RWdrNVhmUjRRQmw0clAxRlpGVVJvbjhYQTNV,https://webapi.bps.go.id/download.php?f=FpatVQsdvyHD4+fyVQqKDjAxT1FGcG50NkJSRVpFbHkyOGJEdHZTWFptNzJINzZhd0tYaS9PNXJDa1RKMW5JTG16OUtBM2JOTitCQkZkR0hnQUhVNHZQNWN1cHNFR09XYmJ0alBwOTFMb2diZ0RxR205WnBRUXJCMTZvZFVwMFNzUlcxYkpGMmJMaUZZbXBLN3Z4RnkwaXB3UUxXdFBpenpEYnhvNGxDbFJCZ0dGaWNhK2RZRW5hb2tJVHhmc2xsSmp3MXhVaDJkNXR1Y1h3NHFJM05WdHgwZ1dSU3pyRy9HSVBrU0pVRkE1THlNZGNaWHVaQWJHajcvQ0xWbnhHc3NxOFp6dExuQUlOTFhQd1hmY2lrSWJITERVOWFyUGhvc1ZaeUxRPT0=,2025-07-24 00:00:00+00,publikasi
7751821d-a6b9-44e8-b007-d4a6d5282f8a,Produk Domestik Regional Bruto Kota Malang Menurut Lapangan Usaha 2021–2025,view_pdf,https://webapi.bps.go.id/cover.php?f=aTOJSzQBHkItovVMpztPi0cyQzd3Q2ZOTC9OOGpjUG5ianRUK1ZxUWRKTkUwS0VJWjNMRm81TVFaK0grZmt5UDBacnpabVB4Q280TGxnYldEV3IwMThydld5L2ZpVGhUL1NUVEVzcWJLaE9uZzMvWlJpSlp5NGlLTXI0TERrOU1wTHJTT25IQlVERGl4Ulhp,https://webapi.bps.go.id/download.php?f=bh5yGYrcLIdFlH8fLERwhEF5dzdUbVVDSk1lZFg4bG9yOTJHWjhzNlRnRGlCZytsdWFIaisvbWcyNi9mVUlGQzBWdHlnRnlVM20wdWpaaTN1aTZGcWFCb1dDMnJCcmhXbGFWSy9yZGdTSHNUcHBwVjZpZzhQNzIxSFdoUmJFNFNsbUM5VmJHNUthNU83WlVrWmhQZmlUQnBxcFJyTzN2RlZnRVZ1Y3JuR3pMSk5DVWM4eHdKQmM2VFUzNlF1TDBVOGxGREJqeWhCbEo5VnVRYXA0RktzNnhvZmRqeTZxV00xSmtoZlpYMGVRMnBqaDlnUDVSUTh6WmdMQW53L0QzRDd3SXRodkJ3LzYzQnlZQ2xKTUdQVERISHVBU3NxTFh6bWsxUG9kRWVKVDNJQ3RnK3ExWnZBZzJJeWxxNkpMQzhrdTR2cHlLVXJMS2RyMEZS,2026-04-06 00:00:00+00,publikasi
77cf64a9-3730-40ed-82ef-94ebb9e08dc8,Perkembangan Indeks Harga Konsumen/ Inflasi Mei 2017,view_pdf,https://webapi.bps.go.id/cover.php?f=gzDsq/37HcoU/9UA2E+5EmFrR2RldlgzQWJpcnE4TytoQzhjNGJBS2M1YXMvU0lDVVViYmFEdXkwakd3aUwyOUdzRDJYS1ZQUFBTTHRiQlNwaG9HTFozQ2Z4WURiUXV2RG0rMzNBPT0=,https://webapi.bps.go.id/download.php?f=UQbt+vYNyZIqvIB8qSNc1ksyN0lPOWNYNTBnWDlZYWRZY1RVM1A0dHlEVW1jc1VlUzdXd3U5VzJaK0lONnhoc01UODJxcU1qUHpQZkNDa2IrTmZpY0lMazQ5UGc2bUk0L1UyZ2thRjdXdURXQ3MvSTFzeGdRRkF3VENtU05FNzVRUE00bGRTdkoya0Y4S09EZGNJOWtiUmhDL005Z3VsZGFJaE9GUDc5QUc3ay9BRnlxdVBBTUxEbWkwYU9TRnlYTzJpM2VWY3l6QmNHMENTYkRGZ3JVOTJhamgrSjNTNG5BOHRjRjZLaTNlOVhSbThWOVFQcUdOdXV4emk3VnA0NmJCaFg1UUZNS0NSYXc0Q3pYSlFTZGhrWGQwUEo4WTd5MVh3ODZRbVYxMXRxMmRyd0NsM0t2ZHZnRWU2QUpFQ2F5QlBuZGxseG8vMndac1ltSUVKNkRHdGNkVkVRWE1ra2E4UW9nYWpjNjRCdk9NemNzUEFXQUpQZU1pTVBpRjQ3QnRQM05tampncWlBaWZiLw==,2017-06-02 00:00:00+00,brs
78102d4b-4959-49cc-a459-0164f7687216,"Perkembangan Indeks Harga Konsumen Kota Malang, Januari 2025",view_pdf,https://webapi.bps.go.id/cover.php?f=9ytz2jRgYG0LDsYcxjl0B3pmZ0NJc0tnMnFCdHN1MmlpZklmY1JjbDRSRWh0YW1nRGpUekxXZW5iZERTYlFwQ0NwVkwxdnFOTWtnK1huZVNQUUZod0lzRzVYL2NHQUo2dzAvSE5ZVmN1RTRlZGJ6MEhOdGNHK29RNll2OWRHRG5aU3hIOFBReThIOG1aWm1qZktFbGswNFFONTA3S3ZSZmgveFhIZz09,https://webapi.bps.go.id/download.php?f=9NpvCj7F6H4NJGOU9ZHrEENKSmZNWDJsbEp5VjNwT2R1UWpnTGp5UXB3bm5rcEZ0dGFpdTRib2JRTE9UOTlxcmNObzFueTFFaDA0WGNoUHdUVWROam5DSDRxaUtWMktvajJGWWJ5dG9NS1dnVE9PdTRwQ2FLOGRPN0d2ZC9kTlZ1TUlaSjA0Z0NUTzVQUng4U3NLY3BLdmJjN2pNb2xCd1FNcEk4SVQ3TTVqK2ZxVldVbXFPZURWekdTM1ZsNFJVR0N4R1NMbm9xb01HTHplMHFCcmFXL29vaHc2Y0ZzbzBEU1lONWNqUENxb2UxRHhIc1E1R3Bra0JiZDcxU2N4VWRsbHJ3OUJPWnp3Y2ozeC9jSkZWZGxzanp5bklMMkYxcUNIL3hwZnVCUEx3VGovR1NJcGtOVDd0TWh6YzU5dnFFb09rTlVYd0ZFQjdpdlV4NEFMMDJKRVpSbzNhdG1aL3V5ZmJsakZ1dVJhdjBzVWNuWC9BOW91bWw4M08yUHZtVG8ydWhtYmFWb1B1dU54V3lvM1JYdmtZZzhucUVKcDlGWWtGQ0E9PQ==,2025-02-03 00:00:00+00,brs
784ba6ab-d615-461a-a877-19867f9a649e,"Perkembangan Pariwisata Kota Malang, Juli 2025(1)2025-09-01",download_file,https://webapi.bps.go.id/cover.php?f=pVasCKShV35tEPsika6OKFN2b1FxQ3AzbXpmTFUxUXo4MHBFRG1IUFFRR0tiTHBiMFlKK2FOcklGTVBBV3V5cU5PZCtWWlhSTTdHRFJVekYyZ2w5SE4vUmlvM1c4bFdVajhTNGt3PT0=,https://webapi.bps.go.id/download.php?f=41PAyRZjj9kb5QiZQwVUh0RHQnNVZFVncXVoczRISzVZWHBoQW1UOGtPNlhuL00vQVdveU5DUXZvYXNZb2dkYlNkaThCR1c5Y0pmV1o1dkZsR1JUWWowQ2NUcVdzdU1iWU50dzRZTE5hZm55N085ZGJNVWR4ZWQ3VlhncG8vOTJZQkhSZjgzWVJoeWNRNWZpS25zS2cxZU1ra0RLVkFCUzRkMVVqNEFPcWgrR2VTdzljcE1LRHNhaTk5VGo0czA1c0JUMVRlWGZsSGhmOWwvMkV5QkcvZTFuN29jaUN0M3NjMEk1U2c9PQ==,2025-09-01 00:00:00+00,infografis
788f896c-b3d4-4ba8-877d-06c885dac4b3,Hasil SKD 2024,download_file,https://webapi.bps.go.id/cover.php?f=ork0ZROa83SFkihxsm0hQ2tNaWNaSXlDSVM0N01rY0RwYWpIOUlodDEzdjN5blU1SlNoVjE4cXljT1RXbUQ3akQ2MDRvV0M3RStZNXZ0SmxHN21wQkJVZXcvY2ltd1lRM1pZODlMd1dPTjB5SU80YWxZZ3lDVDhwejBrPQ==,https://webapi.bps.go.id/download.php?f=uKVjOkwntiLFsxWzmunHv1lKUW9scXh1djlYeEpNUEFMVmovcEVFTExQTExzT3g4Qy9vMXRqVWxJc2tDSGhOaTZ5WmZGVmhoTzFoajUzc0t1czB0ZEVRV2xyNnFDTStlcE5tZmRZTEFVV1FFUkJuNW83SkRFRWJZVGU1KzFTQlRyR0NaV3hyQ1NhVG9tUGJBRHZBVjQrZGJSRk83TS8wdk9wT0lvVkJOS1FOemw0bVpUb29rZlJaMVlDUWY0K25lTnU2MWdOK2d6VS8rMFpOcQ==,2024-01-01 00:00:00+00,infografis
7a063268-9719-4e2d-86c7-86eb4396b9ae,"Perkembangan Pariwisata Kota Malang, Oktober 2022",view_pdf,https://webapi.bps.go.id/cover.php?f=6BgVOONwkNFT1PakmFCXP3MyVFFSdDROaW41dFZYRUhwY1R0YlpJL2JRSGtOeUV1emtDRHMxY2FDdmk0MmIrckVybHl4VURFUnAzU1hydXZMS2VaS3ZXSmtOQ0dOTXREWCtPWnNDVEZhNTQ3U3RybHowSzJ6cFFwdENxcStJNnVzQkVHa2RiUkZ0MWIrVXAx,https://webapi.bps.go.id/download.php?f=3n5wvbrIb74PLkApo1ERp0dVNnI5ZlRKQnM1V29ObERVNWZaK09qa2NKVU50VUo4dWpKWmNza2F5MmQySUkrRWphcHFVWklSSWpTRHVxRGJHRmo1WFNzTFY2YVJzZVZuOHFrSmczcFpvUER4Q2FBdmhROW5mVGdDKzlrVXA0T3ltdmNsNkRLY3pMdkNqVUlqOGVwcEVXaldXdVVIaFA1MFNYQW1wQzZhNU02Z3Rqb0JoSFFBcXJUSE83SkQrcW5xOWQrZVV6NDM1VGd6SU01dG9YcHAwVzZISW5YMUV4a0Y4Z0I4bHc5UnBEU3dzVWtvN0w5UHNLZHQzRmc0MUphSHE0RmphVXhpQWRORldzWlA0SGNWZHl5UG5xM0I3dzA3SXJmT2pHSzVWT2RGdVI2S1d4NXp5VzVpWGJmb0c3VEJMaVFoYmt3a2N5N25ZbGMwMTdQR25SYkpCaTFaR1VQMGo4NE0ydTBuTEkwd1VCSzdyN2pUcHlwTU1sY2oyZHgrREdoTU1RQWVhaEp3M0Jxaw==,2022-12-01 00:00:00+00,brs
7a25572d-94b5-43b1-aea3-bc72447faee5,"April 2021 Kota Malang Mengalami Inflasi Sebesar 0,10 Persen",view_pdf,https://webapi.bps.go.id/cover.php?f=bxriE2dpai1OyTAEhkJKvUxYSWVpbW4xV25wNjJOQ2JjSVJIZE8vNVphQ25pRmx0ZUdWZmg1ZFZpNk1uK2IrZkt4d1FpOWdhL284Z2x4WWZuSEowWDYwbS9KbTViTjd5dDVEMXp4eTJZZnRqeXV1Z0ZwM2FXQlpvVEd3PQ==,https://webapi.bps.go.id/download.php?f=DVne9b8jV5dx+8JZD9r8gXJzQWZ1TmVReFhaa2NsN1NDUmNlaDY1NjB2d2xYUWdmYmFxaEJDWENpODdtaGNwcXdLVEdJMklHdmY5em81ZmlEeENBb3dMcCtDMkxwVDZSbytqOW8zYWorK0pVRHhTS2lpQmIwOVBpelUyV0dTN2NRTmZMc1pwY1hnWjNzWUVnVU5GdUFQYUFtNmQyMGdiWWEwMzNRMkNWTGRsRndFQURKRmdPMUdqRlRtWG1ITU9OU0FLMU9URXhPditSOU05U0lCdWVFSnVhZVRiOEQyMk5rWnQ1cVErTit6K1BYVk94ZzRrb2NGeFNnNjZQWHMrcFhYY2ZJUVc4S2h0U1lQWEZadm00aklmVHBCeHhJL0N5Wm9yY0svb3l2b1lJNUNhYUNlWVFGM2EyYitURlNGN0hVazBvMTBBMitWUkdSVWdaelNZOWJ5U3RucWtFd0lIak5kVmE3bW0waHk2VnVQdXVKRVA3TElSRDRHNmxSRDFLdlo3SE8xV0tKU3dXZys5enQ3M3Uwc2EvOXVRNFhhMThQaURMZ1E9PQ==,2021-05-03 00:00:00+00,brs
7a47474c-ec38-456a-b0dd-3feae63da885,"Perkembangan Pariwisata Kota Malang, Mei 2024",download_file,https://webapi.bps.go.id/cover.php?f=B5R8KydIfccmDPorT/siNEgzNVBYb0wwWXpHY1EyTTVFLytwOWh1aTJjQUNZRjFUeWdRRnNGT2dCQWhJZlhwSkowTDlvaU9HUENFZjBRcDlIM01qSTZZS2tpR3J5eEZMc1BKRXl3U2xVM0N3eDRZN3JHNDNpTFdTQlhZMW42WkRqRjUxSkNuRkVYUEhHakV5SU1KK2E0VUFjK0FsVlNlYUhNSUtPQT09,https://webapi.bps.go.id/download.php?f=pEo6vpAHyLSShQxLUpeZ6lJtRjg4anlEN3U2bGRHVmZFc21yL0c2Rm1yWHlTczh2dkFsaVlReWxNWk5nMkhUNWVtTDZURTVGdFJsVjZPRm4waXlDS0dVMnNhc0paTXIyL1U1TzU3aVBUcVovZWwxbjRZRzlESFJyMGZHVjNXRlovcDVBdDhPNitIWjVheVIzb09OQ2h4N21WZzlScEoyaHJtYlRtSUYrR3lRZzNISFVCYSt6cUovblhWTTZBbWZxbGdZT2VJTVR6TkMrVS9kZjVheERPbFhEdHhGZ2lUTzMyME95OWVxL3FhTnp3UzlZQjRWZGRQTHZ0bFFwV2YrQitzaFR3OS9SL2hBaEVvYXU=,2024-07-01 00:00:00+00,infografis
7a54fa98-c7c5-4d53-adea-3f0f732344a6,Kecamatan Sukun Dalam Angka 2000,view_pdf,https://webapi.bps.go.id/cover.php?f=fo9676fnTvKerwa6eOQwQnB1VmVpSzVvS2ErMEdSMVhwTEs4eEJUYkc3eXFJTmczZlkwOWlTL0U0d0hpaHViUDVIL2hhZU55akprSHA0NFhHMFozMUZ2SWdFYUZmOWlocnI2YllvOXIzbkVqZDZWWWEwWkJGZkZiSThZL0U5RHNVRW9NRXFINXlYVzNyRGVP,https://webapi.bps.go.id/download.php?f=yVfBez+V4/KxTSm+yxHPRjJ0TTI5emIxMHRCUXZUL0dPTFFTQS9VNnNyMnhHTXM1MjJPY2NUSVBuTjBKakdvZmh4Q21xcytzU3BIanlYcWphTE9rRlhrWEROK0pRUU9PWGZyYm5ranZDS1hZcnpoKyt0TjBOMXk0cWJSN2NkTE1iR2tzY0NWRVpvQUZaY3hUR3BiOUtIb3dOV2VKSFdhT0tleit1QzNkNDQxa212dmlWRHN6dC9ZVDBQVzRUR2FHalhrbXVuMkw2Uzc2dTM4MjlESUIwczV0NjJRWE1JY2JVYitOWUFlWDMrV3FHeHRBZDEwNU5lWWd6dUJkOGdwZ3J0MTdLZElqM09kVi83YnM=,2001-01-09 00:00:00+00,publikasi
7a84ae62-7dbd-410b-bf84-423b4d2e2ee8,Inflasi Juni 2021,download_file,https://webapi.bps.go.id/cover.php?f=53A+of69mx5NJNU0s1NGl012VzZTVlJaaWJGUmdGTFlGbVFjRUtDQUFwdzJsN09kSXpXa293VmZ3bEJSVisveS9oRG5LNlZBZkU5YXpHalZzZ0xiQ1JHNnByOGtMa0VOcVBFNmVEeVl5KzZ1RHpibnRORWo4Nlp5OTRzPQ==,https://webapi.bps.go.id/download.php?f=WRPwjPTtJ+Ts1IydXwlByHR6STgvcWZjMDV0QlFFb0FHTWU1c2U5akYrUDRibWFuMVlXM0NFWDUwbGZ0SExWa0d2VGg2WUU4SnVxWldvQlZhWEwvclNSV1RVdTFlNzlCRkhEb3ErOEFVc3dXby8rbHMvbExIaFhWREdqM2k2Mm5qRSt3UEhGZ2ZTR1JwWXd0am1nNjc0OFE3ajZMaDF4ZE55YmNLRU10TFdBN3ZMU1M2cU1tT3Y4OC9rT0hLdGYvQkdaNnBHSEZSc1V4TXU3TA==,2021-07-01 00:00:00+00,infografis
7b4e7392-0377-4f8e-8ce7-235d429fea75,Statistik Kesejahteraan Rakyat Kota Malang 2017,view_pdf,https://webapi.bps.go.id/cover.php?f=pxfbK97GNzc2H8ZiIoGzDDNTWnBxTnR6aDJUWVJOVHFKZHl1dzljM1BWQ0l4cjRYVXh6UlYxUkhlaWU3MDhGb1ZWaDcxWTF6NWRZdDAwak1xbkprend5bytFcVpPMnA1by9Cd2U0dUVmR01UV2VBVDBLVlVQZXpJVHdnSDhiZ04xbC9UYi9sbXpkM2JQeFdu,https://webapi.bps.go.id/download.php?f=I7IR1gV/Gpm9RZsIVInAHGMvSjlCd2ZFZzZRdk5nWlVab095L3JRelUxUzNaWWpBUnFmbHFxUnhZQ1RWL0RVQTlhN1ZmVk5VdzFvcUxUeDFINEsrcWFNWEl6WC9mZXE3RmdkQ2RxVjBYVDh2L1F1L0dadmF5QWRTSnNBK0ljNHRsejgvWDVGZEZ2NkxrMVNTWkJRU2xsVWZ3aWpvNk9TWE11UTlRcmlKTXZGNjhlaTcwQXk1MXU0Q3oxOVJmWG1LMExLVWluZlJFMmx3SVhnVDdhSzZzZjJhMC9XUk9hS1JNVlhacnV3QS9XQUJaeXl1YUpkT0h4dElkYXFBZ0dlT2pGdWZLU01zNk14a2MrU0tWSWJWeXBFSnl0Snpmd0pCRk9aNWtBPT0=,2018-01-08 00:00:00+00,publikasi
7b83571c-0116-400c-914f-1561145eb285,"Perkembangan Indeks Harga Konsumen Kota Malang, Maret 2023",view_pdf,https://webapi.bps.go.id/cover.php?f=EnqIJmaHhXvJTAt+3LRvTDJSdXBycktoVlIvc0E5WE5jN3R3SFE5b2hBaGNVN1dVWWRJWVZlVEw1ZXZJMk1MaC9CVVovMjRPZjdSQVl2QnM0QjYwbUdWQ2JiekE3UGdkYlMxNWFuQkwyeVdrRWV6c1F0cVB6a0Q2Sy9yQmdDYUFnRjhFL0x6cFZMVzdoNTdqdG12b2ZTeVlXcUo5cW9HN1dRaStBdz09,https://webapi.bps.go.id/download.php?f=GqWjQdR1DCMTqQpLAhheSklWTnQ4NGhKcUw3VmJOQ3pBT3NoRnhZTmNSY3d1ZHk5bmFQcWl6LzJXeUVtRXBhNFpQOUViaHNkNVR3SGJjaTlseDZuellJblhUdjlHOFVZcXVMcU9DVlppd2dMWlU0ZUlJM3BrSUVGTHFHMzdpTmh1Z3R0bG9NclZ6YlhCZEY0Ym5KWXV2LzZXTGNEUnpZQnNWZVBIK01mb0o4ZGNwY0preHpsVUJweGZNR3dtaGRIMzk4TndyLzl5SGY4aFlXdzVJVFl2QkNPNGNMd0UrVlczNy9vVndYUnhrL2xpL08veG9oVDJ4ZUNDdGhpS0N3eHk0ZjBDZXBLMHpUSUxGUVlDT0c0dEpzNjFmNXdJWEQ2MVlTOFYzTWV4T3o1bGFYR3M1eDBROXZWYlo2TmxtbXZxS3Rzc0I0V1NDVVAyV0lWRFdXU2pmU2pCS3pLK09YQ1d4L0JlWjdMSHlyQTlOYURHYnhuS3I0QWtnZVFKV2EzVzUrRmlPT1laRnIxc25tMg==,2023-04-03 00:00:00+00,brs
7c85e5ec-d8c1-44a8-bc52-73ef1f8b47fa,Statistik Potensi Desa Kota Malang 2024,view_pdf,https://webapi.bps.go.id/cover.php?f=1034R4qa+M36+atSt6vav1BjZkZ1WDdmdHNxRHFUTUdXbzJYQVAxMUxsaC9Ycy9yVFNDemZpOUZLdjNDSzN4S3IzdkkySWt0N3ptL0lBLzVneVV1WTQvRUdVa3pOOTVNV2V0c1JYOHdjZFQ0cU5DV1REWFpSNlZrVlNDM2ZKVDlTRkZuS0Q1ajFKZjhjWS9J,https://webapi.bps.go.id/download.php?f=NyA6cK7n6InPH8gLJ5y8pUgxY3ZJaVNTNlhzL0Izd2FEdm9NYTlwV0E2aWFVMkx1YzVkZ3VpN2FFYlBFZVdlMWFoU1BNVjBPR1ltYzhSSlBSNHhkN0xjL09nOE1rcHlxcEh6UGlUN1Z0ZTJSbC8vbTE0cThYR2pYSDJ4aElxTzRjbmFGVUh4VjNaQ2QxenZmaVBxVmVjQWxwRzNsRmU5bG5pVGNLNkxwUllRajFWOE1wUjhqc1oraFdhWXhPSGdGSWxZK2VjbUtjanVvMnpCQ2dmaEZmaTMwbVFiQjEycWdNOUdXUHJEQkoxcVhTSENwQk5tTnhMZzVuRFhyaUoyNnFlVE5ON014SHFJcUs0UzVTNUw2dHlLeWZJdUtvUi9SZ0ZTSkd3PT0=,2024-12-24 00:00:00+00,publikasi
7cbaa776-4bb1-44eb-b633-67f8e7bb601a,Kota Malang Dalam Angka 2020,view_pdf,https://webapi.bps.go.id/cover.php?f=nQZuduFxK2YXcvU5BEFP7FB3T1RQSlJSZVY0cW1xa0VyREVmUE1VZG1IZHdEb1VONmt4SjF2QUNOMFFTV0hYV2NsTTE4U3JUU2x2ZDRtVzZoNWxtUjh6OW1adlBkZktaK0lmQ2xORWFQamNGaFFvVHNtRVp3bUF6NnFrckVLTTNwWGQrdnNDRXliTlRxeXdw,https://webapi.bps.go.id/download.php?f=ijzYhvxtErazj71YIqIbh2UxVVFSTUgzOElMUlg5ZWEvVFNpbkdqZHJZc2dPQUhSVU1Oak4weWVJZWd0TEdZRTVVeUFOMjU5ZGk4ZS9NSkdSSjdDbkxJUnNNeXFobVcrZmlhRHBsZXFIdFVoM0FXbjBXeFYrc2VPakVaY1pjN0JDRUZud2Y1NlVySGp3MThXc3VhRTIzTjhMSG1iYlFuQ2VRWVhVNys5SXVMZi8zWDNWUi9KQ0VlaWlSMTArbms4a0xaMFIxR0xMdFpXK0dIaStlMjdyRk5OZDlTbkNiRlFyWi9EeXVpbDhxN0RzNWRaWCtvQW5lOGFnZTdhdGQwcjA2cVNaTXV6OVdDLzZkOVI=,2020-04-27 00:00:00+00,publikasi
7cf57acc-66e5-4d18-8612-59453d38ae5d,Kecamatan Blimbing dalam Angka 2011,view_pdf,https://webapi.bps.go.id/cover.php?f=bGbBMCL7j80dKpnxQvPnm3FUUjYzNUtwWnJSNE94N3d6M3A2T2NQcjRCVUJmYWlZT3BjNnVNLzNFdmNYYzRQK2VjSWVlT01JOENQUVRUS1B2WElOWEc2Q2dwSmN0WUsvVWpYK2ZPOWsyT2RoTE1XV29xeCtla3JmY2o5aG5NTWNvbTRmb2hPbzNOSXk2VHlP,https://webapi.bps.go.id/download.php?f=j/zrjLtIqsi9eKrdvHQoOHFJVnNJbllhNVBNWllJRjZNeGFCM2JSUlBtdGd4RVBld0VjSTFpUm82Z0lYQklRVDZCai9ac3EyVko5OEpSU21IL2V3YzVWYXpXTWx1bVNKWE95ckpqWUI2WkpFMGRvUWhFcmJzSHMyb0ZIRGZZZXRkN1JaVkMwZzZzQ1oxSXBNcWdzSHpVaFpzbTJlWWZtaU53bXRDdXNjdVptNXNnWDZiTDE2ZDV5NUlMbjFSc1o4QUdCRlpIb2V4Q2gyNGdQZFZNbkEwRTl0Vm5uV3lRTUFpck1mN3FFK2VscEl5M0ZndFpCOERpdEVtTy9hZkNEajdrVUUyeHdaSGxybTZjSWY=,2012-01-12 00:00:00+00,publikasi
7d3fbe5c-9ccc-4964-a3a4-8778a2efb9db,Produk Domestik Regional Bruto Kota Malang Menurut Penggunaan Tahun 2010 - 2014,view_pdf,https://webapi.bps.go.id/cover.php?f=1XNXwV9qzBiCNR2mCYlIRFZ6QmFJRlI4aEZHY29GWGF6OGk4U05icGc5M1IwQ0IzeDlRWHE4OXQwdmdNMXhYanY0Ty9BV2xBZHowcXJhNWVBMzV1UkkxMFllVU9XKzF1TkhTMmh2MVdlSlRqVXVRMHJna0dPMzY4OGxmRWxFT0tSMTNIdVFOL0IxaHhoM2VC,https://webapi.bps.go.id/download.php?f=1boo/ey6DFmEhQ4RiwRA+DJ6azNZOVkrelhOVlAzYnFyaWVhbzk4blBKT2d1VEpxbVh4MWpRMkJkZjJWcjJrSDNrSEp2S01TYTlUalY3OVprcnRuRThyYk5Fai9hQzNYTWxnNS9yZWlldkJNSU11SGRaWVZhaENnZmk5WlZPU21NNkFQUG1SSUp1bEhKbFVUZkdRejNudEVPcWFOMUNYM2tLUXFqbmZDWEo4Z0gxVHZyZ3pTako3RW1PdmFKb0NDZVhjS1hsQkk4UEM2bnMrN01Gc1ZnR1V5TlhHeFZPUkdsVlRiQ3E1MjFyUmpEbUZ1RjM1TUxtdUVVd3dFT1d5ODRJZjI0a0c1d3pvOEdQZGIzVU1YS3FMWlVZWloybFNzTXlkNkhRdnZTajY1L01HNXlSeVhpbGJkcGwvY1lGK1Y1dmJTRDJXZ1UweVFmT29j,2015-12-28 00:00:00+00,publikasi
7d5a7711-995e-44ed-8cd6-fe1c23960c94,Angkatan Kerja Kota Malang 2018,download_file,https://webapi.bps.go.id/cover.php?f=PMz/6vrXz7ceIvqTmc6j+DN2T1VIdkxwWEJXYlozUG5mN21CR0d3WVVLRll1SEVycStjMVg2c3pHTThiS0ZpWm91a1dSQUpmWm1xTS9Rc1FQT0FlR1JRY3BDM3hzUzAxeDlsZkp3YWNYcGdSWWVwemNuSVptaFUzcG9yMVBic3FGTFdKK3VITFNCcWwxS21nUUt0V1N2YjFVcE1NQWRaNEoyZUlOdz09,https://webapi.bps.go.id/download.php?f=7vDS3SL1de0K0vXlhOZjNW9jdjQrTUIyKy83ODRQOFg3NjVGbm5Nam04ajNpTXh1b3VtcWZsVlBwWWd3WkF2dlBxVmozRFo0TGJtbDFDd0M5dWNoNko5bUVWditiVTBkRm10UDlYaVQvUXZMN0dHZURmeE9tUUMzYkRuVU1YbU1wRXd5cnN2c1BwczFxN1dKWkpnVXgwY1RaQkl3bWUvSGh6ekk0bWJNT2RpdTFYd1hybEk2N1ovQ0JoTDhzOS82Rjhpclc0UHVsNEhwT3FaN2hmdjFYdGV4T2JNeVBVU2xxQzBDQXlZakNiaG5zRzlXOGZhNnQ1bU9DUzg9,2019-01-08 00:00:00+00,infografis
7d5cc313-d653-451d-ae1a-f992686c3de0,Kota Malang Dalam Angka 1980,view_pdf,https://webapi.bps.go.id/cover.php?f=Qmnkjefoe31MbV7gHAGggGxoTERXOXlZa0Jrb0xkRTJJczVjVyt1WXpyektCa2xwN3hRZVJjeFlXK1JBYTVmemFINkF0Nmx2NzlBa1d2d0x0RzVmb2prUENuUWxVWjBid1JtN1M5N1ZTNE1MZWVUWEduVXA3cjBLK0tEY1NnUjR3OEUwaHhkNTFlTjVnWGMx,https://webapi.bps.go.id/download.php?f=kj4fWo/Z975C2h6oO27HVlhvSlZNREhoYlVYQ25kejRjMzB6TkJFRTFwOWVsN2w5cnd2QzZ5bS9TNk04Y2hwa3hObENMeGVqZFJ4ZEFCRGNyUml6elFFVXFuRUYwTElQV2F0MWlSbzdsS0d1ejBCTU1FdDgxNEdQellpNVdmZjJWNXVJd3J4SGtYZHlyRmFPMG85OXZkR1RTSjEvd3B5SEhiVStHMml3YVQxZ0xIL01lNEE1VnRvazA0UGMyOGpsZ1hGU2JhdTFJOE5hWDBpd1hkRXFyL3IvYzBzV0FlRlU0ODVYT252cUZ1WGZGbzM4SElreU5zSklYc0s2WmtuZUpGenZQclRwZHdwc0FqU2g=,1981-12-22 00:00:00+00,publikasi
7daaf2d7-a199-45dc-af7e-a4a0886c80a4,Perkembangan Indeks Harga/Inflasi Juni 2018,view_pdf,https://webapi.bps.go.id/cover.php?f=g+pxZcCDD/nWYr9UWlHWlk9SeVc0ektaOWdGaE93Y3NZL3FvZjZ6UFFJT0ticmptKytPcU1HMDhZc3U4LzdMVDNFYWRSaFprV3lFMUdzQyt6MUU0UEY0U1BlalVBalV4ZVVtK2dnPT0=,https://webapi.bps.go.id/download.php?f=/pNviEsoJNBUYje3gORAqnFEbnY5RUZJZ0RSb3Q5UDg5WWxBdDQrWi9UNC9meVdONEN2Y3FnZmsyQ1R2bjNmUXFwYnFCSEVXWHNvYU5WL0F0TkhMSkZhb0MyTDVEaU1CTndQaUUxTU0zOFZXRnlBTUhLTzB2M2xEZU1RbE1qZm9UQld3T1Z5elVBcmttN3prUzh3bUZNTldCejdqRHYzY09wN3V2OEkySWVwMG1aQXVHMW5jRGY5NkdjbzJXTXMxM0ZEaTMrK3ZLK09qWGhrU0ZuV1BYMkZ1ZTdsc0pXcUxwWkp2WHdMSGw1R1V1NzFNczFQNm4vN1F3c0duS0RJTkgrY3FmaFRlUHZvUXora3lsSU10TXdVQVRRZ1JVOGprR3ZDRGRqR2dncVU4ell5MkV2U0xvVkxySXJHOUFKMmt5Y0FzSjhOYmI5MWlHaHJ0cDBkNW40dk16bXgrbW5RaU85ZGU3YUFFRXh4ampZOFlaZG0vbGFQN256cDdUQXRvMmx0RnBKZzVzdmNGbDFsVw==,2018-07-02 00:00:00+00,brs
7ec24b26-e871-4468-8107-0cfb3d07f172,"Keadaan Ketenagakerjaan Kota Malang, Agustus 2019",view_pdf,https://webapi.bps.go.id/cover.php?f=EnHV30MvPRNKfJYlmDwUVnNnZkI4cVpsbzA1M09MQjNQVmtIVEd2ODRDZXBzUzZ4TDFSZnpsQ3Y0d1F1UzVxSmxydVdIT3lhbjF5dXVCM1cxcGswdXhBSkFsbVN0b0Y5b2t4UFVnPT0=,https://webapi.bps.go.id/download.php?f=Yy1m3EZ93zOAaFpFDJ5tmnNrU1V5akhzdVZseWJVWkFLSzlWeHlSbkh6aHlSZUduWFh4S3FEUDJzVDFpWXFsNlozTlorN0hNWnJBNFlhYzNvVW02R3c2TSt6V1V4allBZFJQK3l0dlJSTTJabjV3Y2QxTXQ3eFMyQTBjQ1RFMUNLcHJsV2pMMmdwWWM3U1A2dGExVTlKYk83eWxRZ1MxYVNaK2llRWtreStvRHhwNDFLVzB0KzBud3dsZkhsSHJHVHhzck1SYU9LanM0cmdiRXdSUVFSdU96OXo2V2k2eGVUcHRQTUVtQmlEL21QRDM5cHJ1ZVQ2K09QcnVnajdOVzI4N0VPdUFvZVVWNlFhODQ1Sy94RVJoaE9vKzZOSHVtNnZ1b1gzbmlnSFNOSFJPemhUdGpYOGpqVzh5dWZZYjgrUitvQmJJanpkbU9uOVloRC9lUmdXT3kxMnR2OFlEZHVPRkZHUkZWZkdHdlFCejJ3MlRwVjY5d1ZqLzdCaTFsSGY4YUtnQ0U1SUU2MS9UeA==,2020-01-02 00:00:00+00,brs
7ecaf48d-908a-4095-81ad-80156f68991c,Kecamatan Klojen Dalam Angka 1997,view_pdf,https://webapi.bps.go.id/cover.php?f=KWwTUTPJSJwFQqr8g7sOy1Z0WVpXcVN1UFZick56ZEJqU2xrZTlyendqdmw4b09GM0R0WERkMnFVaFJscGJrWkQzNzFTZ0hIZUZxd1QxODYwdVk1My9Pd0ZDamxBMmVaRnJiWVZRRlpLSUljS1RTeTBkQ2lPeHZFM0pLeFFSY2I1RjBORHhIb2gzZnZNb3po,https://webapi.bps.go.id/download.php?f=eLmXqO1bG6ZWaN5RTwrGGUpPRXNkTFFuV1JCd28wcUxHbWVNZ3RZeER5WldKa3FBTEZGano1TVNTclA3RGtkL1prK0s1bzc4V21oY3N4SVh5WThONTVkMHJpSUFLaTdmaWVGVkxGaHhuZDhJUW9jeEhHNFdkV1dhMUlLVzJmYjJSYW9zeDMza2xBQjhTWDFyWUZHT3F2ejJjSDNPMTlaRVNLNFQxUDgzSnJuUnhzR1FaVkZXRXVSbWdWaEVDdFpEYjk0R1JVMW9oZVVaa1pzdGFkcloxYm5WWE9CZ1psd2k1MXN1UTJDVGZjamQ1RlVlbG41Wno3bE1scm9ZeXhSRnZ3SldQNkNzMGpoaTZFd1c=,1998-11-11 00:00:00+00,publikasi
7ef86cdf-6dee-4a24-aeb3-1f954f45ba62,"Oktober 2020 Kota Malang Mengalami Deflasi Sebesar 0,06 persen",view_pdf,https://webapi.bps.go.id/cover.php?f=QPeox1KJm9n6d/OlBWUyYmdvT1VDNVdocUxuTUFPY0FUODZJMFZRTkxpb1dETzM4QUpPaGtDNXc5bmZkYXNBZWFJd3ptMGNrTk45aXBCTTNMTEQ5Q2Q0alZ2UVBPbkYzWlNPTUc5NUIxRjFGUGxnMEo2dEFwUXZEcVZrPQ==,https://webapi.bps.go.id/download.php?f=cPI10x1Vv7WEyAyrp+3DvjZZNWltdU9QVlZCKzVOcVA3V0xCRlNVSjlRMDR2TG5XcUhYTnNodjVyYTgvOGdiai9TcndVa3dNOTdkRXdPanI5TFdDcUcvWlBqS1pmeW1vZnFVdk5mZmM5eTFlVXBXZ2VJWUxjVlUrQTEveW00UC9WRTNlMHE5emtPb09IMmJYUGJ5WFhOdmVrUVZKM1o1b3BKUmFUTUU2b3JUMjJEbzVER0ZOaGdkV3YxTktMc0ZDdEdwMVVsdGY5OEZiSSthYkZmSDRFUU9XZVpLM293cDZGbTl4alhEZVJUc256b09aQkFuSXkxeURxbmV0TE1yeWZiWTA2V1dFSUwrN1R4UnhzVTZCOStLck9uTVJZK0lubHlPQ2xoNlRSblRURnZJSFljLzR2VTR1cWFjUVBXWDNiMFNxd0EwL3QydFJ2dmdMcTVpZkhuSlFTRStDTGlId1NYdlJBQy9aRWl5L3ZZSTVwZTZWcm4yZ1FoUmFxYUk5YVZ1OFgzVlBRc3UzdjhqTllhaFo1dFJTM1IrRE9SWFNNM1k3Tmc9PQ==,2020-11-02 00:00:00+00,brs
7f4c3305-7a4b-4866-a222-739d251ef052,Kecamatan Klojen Dalam Angka 2009,view_pdf,https://webapi.bps.go.id/cover.php?f=xmv4ui51b/pQt6QiYyUHCCs2aXArajY5VVh2czZBekhvemFKMExqYVRVUlFmRXpYZ0pWRE1tQ3R6NTZkelRiZWlEZFRrd21LKzIwTHc5TmRyTUE1TXNiMmlTRnRpOWd3SzhSSnkvQ1l6UkxTejVIOFlvZkU4ck5qVkZVWk9YT2NlTjNFUHNnanliTDVTK2hj,https://webapi.bps.go.id/download.php?f=YP6wABxZZOZq/A/yojAFRGJNclZFRjd2TFFDczFydlFRQkVaZzRzd0NFcUd6MlluNlJ1aEZXcHhUUXgyMEoxR0N6VGMwL1Irbjk0VFIveTNKWDVYakh4Ty9rRWhsdFYrb1gzSFdKTzVydFVXdHBaekoyN2NkeVQ4RUkxN0R3NUpOVFZWM1lCN20xc2NndmdIdFp6c3J3Q3lmQzA3Ri9DR1psUGJqV1VsVWhqSmJiYnVWeGtxaytkREQ1WFJYOW43TjM1aFhNb0tmQ0tnSTV6b3cvR1FQaEt1aTZBYXhLOW42YVBJTXBpbzRDSlprZDlMSW9JNGhUZ1VGNktuMVdSZ2VWaWV5bTU5K3dBZVg4RDY=,2010-01-27 00:00:00+00,publikasi
7f8c4b05-84ba-41b0-ac1d-ba9611d97a31,Kecamatan Kedungkandang Dalam Angka 2016,view_pdf,https://webapi.bps.go.id/cover.php?f=Ls0KCayvNFe6qYP2OVuxRlREdUx0cy9VRjVIRUpuV3FjVGlXdEFxc3dGdjQ5WHNBQ1QxVVB2eTRmekRvVENXb0dYU0MvMU0yTVZlT25sR2QwNURFT0JwR0Q3UnFUTUIrSHpBcHlNcWZhdEswQVp5VGNDa3FZY2NRaTZZc3lHRUkyS09WNytRd1hiN0h1UXQz,https://webapi.bps.go.id/download.php?f=08kYLZ4a4HEOMz91n5ehHmpGZjJ0Z0ozTEJ4YlI0Z0RRT2ZyVzAxbktNeEEzbCtQTjBDMkgvRnBCYVFueU9DQlBxUkZTSGNvL2NtakVKeEgvMm1FODBnOWE2TWtvYkxaRzFjRXhmSFR3TVBhVExnMWNoWEgyL21oV000V2tYWGFDSmo0UVRrV25jUGQ1ZzcvMDk1bHZTRFZpeUN0czB0ZlRBZ3J6RlRNUUxJbkNCSlJ0ejg2aWd6bWhqb3hoUjE2S3FKaHNybEkwTnFWa2FmTFQvSHJOdkkwUHFrSVZQdEJiT0pQZWhkWGNHVTBhMmpCUjlMNFo2WVVMMnNmZnh3a3kwTGJIT0FPYXRPY0J2OGxWaUdKWVlFNzV3TG9FbXNPY3R5OTJnPT0=,2016-08-17 00:00:00+00,publikasi
7f8f8d31-ade4-46b4-8109-5bf8e37b89b7,Pekan Olahraga Provinsi (Porprov) IX Jatim 2025 Dongkrak Tingkat Penghunian Kamar (TPK) Hotel di Kota Malang pada Juni 2025,view_pdf,https://webapi.bps.go.id/cover.php?f=qpYTG2P1z30PJHUlucqGaTVPMHkvQkY5ei82V0ZqU25temFmWlR0akZYM29LQ3dIZ3hxYjZkdTBRZXN6LzNLV3J2d2s0QmZXb1pvcXNCR09USG1lWWl6dVpIUlB4VnROclVvZWxRPT0=,https://webapi.bps.go.id/download.php?f=6uyck0GNMWy6RjgQJ8VabmdmOVcvTWo4dFgrc2RWcjNjSmtmY1JSaGhoSHcxa3EreFhwY29MQkFHc0F6bnYzVmFjc3JiYXVkem1vSzJXVFFReXZseTBGbkk4QUJDdFlKNHdJNytGUW5TNlpVTGNjc29mZGVnWGlCN3RmS0gvYVZWYUt1eWdKRHVlbktWMzhZNmx5RWU4UG1udE5pN2pucWs5VGtmSDN1TnovL0ttN1duTDZvUEhaRmh0SyswRHJGYklaUEY2OThJMi9hY1Q4aERaN2JobUI2elZXczFaUkNxaWZMN1grWFpXYjRseTBlTkdjdzRpZTJjVDI3S2RidlFFYnJEdStFS0YxY204OVFTRDdjeUVjVUw2WVZ3YXJNZlJxT2taNjlNek1Hb091MzRyNlBWZlcyUHVZPQ==,2025-08-01 00:00:00+00,brs
801df4eb-be1f-4c62-9e0b-f6186eceb27f,Kota Malang Dalam Angka 1987,view_pdf,https://webapi.bps.go.id/cover.php?f=oiP3+lwDKlm7tk6cq0D4Y2VTeEc3cVRDcDI0bFdBeXd2SktVb3M1OUJRNmFjSmF0ZGRLcDB5NmYyYkZZRGJhWStCdDd4cTlJRHZqZzFYajdrNmFOV3lwV3lpYzlQc2FMRmtERWlGcTFqRzNzK25JWVlDWUJWRGdUbmdpUEl0ajkvQU5selFwdzVkd2pkSjVi,https://webapi.bps.go.id/download.php?f=96AGqQ6CtR6xOUk98f1b1ElHTnl6azJJd0ZveU9qYkNjNHB1a0tWVThFZDgwTGNuYy83ZmpzVUpYMjRwZFdQd0lJRGZ3cnFmeW5GRXFJbXdBTkpZNUVMME1TamIxQnBTWWdjanZTOFJZWmJUY2tKeU9hV0dvdWFSb1pNNnRsTkNmYkdGS3FRS2xncEg2VEF0b05jWmkvNGVza0lZa2puREMvWHgrOS9HS2pqWDVHL1hQQy9nQkMzOE9BenNJd1Z5a0lrdHR2YVdlczJMREpGNkJ5Q0xzNFRneURtNmQxbFhMYWR6cVRSVnNpOVhGbjl5RW42RTFNUEV1akc1dForUGRQZ3UrWCs4QkxzRkVNMGE=,1987-11-16 00:00:00+00,publikasi
8080c352-eabb-4041-b036-a897d2463ca4,Perkembangan Indeks Harga Konsumen/ Inflasi Oktober 2018,view_pdf,https://webapi.bps.go.id/cover.php?f=AHvzl3Q4i9K+iyYos2LyLk9LbWpTTHVJb2h4MkFNbDN1eXBlQlBld0VTTndJZ3FpQU16VzdsbWprRVFQcGYyRGpTam1neGpHN0pzS2M5bmVSUlJ4VFF5V1NMMEdyMTNpUU8vTnBRPT0=,https://webapi.bps.go.id/download.php?f=FPyZAReW1fKCeSMTNUmMnE44VHNiOHZQbjRybSs1ejA3M1RjN0grY25YdTBpLytjT2VWbWxidDBqdmY0d3pidGxNak5EVWxNUjVuN0w5TFIzVmdsM24xOGZXRXlyem9KVkR5N0RRL1hnUm9EeWV1TER6U1FmWHdqZkZVcjR0L0NmUTA4WTZ5WTV1aXFzZTR1dmNvTUFMVHJVNmpXekN1bTdyTzZDVVdMK3NrbzJVYmFnTkRqODJzZ0c2cTE5NktPeVp1dDllQUhUYXRtbmZMTmlmT00vZDE5cWZvY3ZER2U3Vk1UNHV4N3NERWdXL2U0eU1rRmxTQmtSd1F4WFBSUTRkaFhOOGNOWDhkUWJHQ0NJdlNRU1ZDUnhJT1AvWHc3YjV0c3kyZWg4QjlVUGJ3QzVQV3hEUUFCNEdyTFlQMXpLaWVtenBNVldCVmV2MFROZ3pueTlSM0pObjJvR2IxZGQwL1RxV1owUTBPZWVlTlJoUngrazRHaDVPbCtpR3VkZDAwTlZNTWRJNWVJbEVHOA==,2018-11-01 00:00:00+00,brs
808d2cdc-2e63-48c0-b519-6d967e597a3e,"Perkembangan Indeks Harga Konsumen Kota Malang, Oktober 2022",view_pdf,https://webapi.bps.go.id/cover.php?f=o90j6pw6k6QfKGxsGl38NEFmZlZIaEQ4VHdJU3hmbXNla0FNVjBaU05EZlZxeG9SL1dBSjlhUkhFd1lIMzlTWThvMmxRK2RTUml0S1FMeFppdDRJSzFVUlNFdWVSZ2xKekExU2dOODEwdXVCM0JIQ0dZWjdDZGJxZVRNZy9aelU2R2UrY3dQMFpBZTFCM1NJSGVrc1NvY1c0MkpDUzczcEkwdStlZz09,https://webapi.bps.go.id/download.php?f=ShO9WEg6ED0/oifs6Z40szNxWk11Rm9HMXBKVFJrdXIrZ1ZJN3hXdXIrY0g5WHM3WU9lc3YrWkxsTy9rcEZsT1NIZlExYi9ZeWtRTEVmVUQ2bHE1MEpRekswVmpYejhXcTljV3hpN2RJWWIvaEdMaHIwRzNQWCtyaWJVMlNrMytueElZUjFURG43Q1Zvb2VxTHpZcTNxS2dhSGxJakVkbkdJYWM1MEZ3SUs0VWxtK0I5ZXM1T0tVV0tjdFRxbmo1akVXR0d6a25jOVp3TXJrZkhiSTZsaldjdVRiNU9vTVpGTis2UjFuSFhyTzFhVGFuYTc0N1ZHQ2dkNktRbjdiYkhHMjJCSmpJOG1ITGF3aElYUWRzM05CRU9HUklZU3FnTzR0amtnMEVpRUhLMDZKZXhSWDdvL3ZSVGg4Q2hTZDB2Y2FJczNZYVQ4S1dOdUZERFQvYnFLQ1VDd3lDUlZ3cDJJQkJTS0xGUEJWREJ1ZUg0RWtFbkFhaWZwcGpFL3JPc01QTG1VZVNxOEh6bHV5VzNtRE83NDNRWVVna01RaW5LRG5rcmc9PQ==,2022-11-01 00:00:00+00,brs
80cd2a26-4e70-48c8-a99d-03ff722656c3,Perkembangan Indeks Harga Konsumen/Inflasi Juni 2017,view_pdf,https://webapi.bps.go.id/cover.php?f=e8kpEHCIA/+DranZ8AaYs2xFUXJ5OGN5bVJxdFBHUlB4Q21rVlhIWWsyNUZRVnV1Ym1nL3lmYzgzK0tNbmVqcUdtL0Y2c1JPNjNTTklwYnFGU3R1Uk1iNHNRVEJJT3BaZTNYeUZnPT0=,https://webapi.bps.go.id/download.php?f=U6+QDLFwO0fyba5WfRQTSUFFM001S2o3VHZsS1YzQWZab3BMM3JrQzVnN09SM1U0N05YUmRiSHE1RzdkSTZkR2piZ2J2bXFjaCtCeDVKY2VPeVZKYmF5OHU2d3YraEIrdS9YYlFac2g5ZExmUzh1THVyN3dxMWRhMFVTWVF1N0htQWtLVGtpbXVRQzlXSnZESnZFKzk3WUJHclVnL2UwQmowbzJsbnZ1Q2JqYm9uZkJ1VUN3Mis3SWdGUmtQTHB3dGl4ZjNscFlaMHBJMHYxQUVrLzdUMzllNmNGNHk4UVlaRlhkWFdFN2ZLU2I4UUtKTnhHSHBDa1M3SXVsS3RtUExaNTFwWmM2YlRSdTVhMUwrZzFmbkNEQ3FQbFBZcitoQ0FUanVlWld0bjN3MkVadi9vQktQQ2FGUnVYU0VEaUxuUUxVcjVxcG1rMHBHd3RTMit4aVV5blNNVjNiY081Y3R6UEdRZnF0dnJLK0JyUVVtNXhVWlZCaEFOM29mZktWaDE5YW5zbUhXRVNiS1BTTQ==,2017-07-04 00:00:00+00,brs
81106a96-52b1-4cc0-b114-302117924c2f,"Agustus 2020 Kota Malang Mengalami Deflasi sebesar 0,06 persen",view_pdf,https://webapi.bps.go.id/cover.php?f=xqLeg6aNSDmLuJoRApxhPU1NYU84WjVLUWN5dzhvdDNWOEZLbnBsMkVTczZyTEVINmtXQ09HUGlLZUxXNGhnTVQ5Sjd6bnFUSnRXMVlMdFExZHlXWVAxSk1IZm4veUVHRW5KcG02R011akxsZ0ppbFNzeno5Zm1tOEZIZVdkMmtPTVhEN0lnMXpBMzFIV0d3WXl2RW9XTmxRdDNrYzBObHdyTUJhQT09,https://webapi.bps.go.id/download.php?f=nHzkmHXBQAq+JHGFjwI0eXlVSDFZcWRRbUNueUsxN0tmNUVBS0d6MmVHbVl5a01ZeXFQQUhPR0xYZG5YaURKL3I5YmtiTmNpOUNRVzNZaGkzQURsMGZ4MnFUa1BFamcwa0JHZTh2MFVLRGdFaS9iNHlRQU1mV1FLVXFCTmUvcHorcmhQWW1McHVqVThEV1hDUXdOMEsrbXRIMFJnckJWbXpCdGxqZXpadlRvQnlxbWl1bEUrbzM4L0hxcXQrNURnNlNNS3lOTkJZTitDa0xMOHA1bGpqWFpMZ0Uya09IWVVXMTJvTzZINWFWTm1oMzBjR2xlUnN1MnM2YWtHcndlczZrTnBkV2V2K2xoT1B2QTF5SDhDbU5iWTEyNjVYbXBOVTlnS1E1a2loL0RZeERGeTZWazVrWTNNMnBuSE1maGI0ZFBBeEltYTd0YThrSW9LUFNGT2ttbjROMUZWNjI5eU5tb08vM05NcXVVWGhlOEErRmtOMXkyTGE1Yzk1aklxYzhsRGJsdjdMYko4MVNTVXExY3ZXMHRGTzJScDhMSzF0UjVZRVE9PQ==,2020-09-01 00:00:00+00,brs
82ba855f-5d70-4ef7-92ed-f4975ab33ca9,Statistik Daerah Kota Malang 2013,view_pdf,https://webapi.bps.go.id/cover.php?f=Rdkb1b0cDdD0WdLMpOXB709ZenQ0MmFJdXFEamd3NkhEWE9zalZpeEVVa0dyZnRMeDNFZU4zMXdLeVNiS3g1T3ZIcUZtemp0ckxRUU5mdUFiSXowbVFocG1zZVNFM1dBb2pERkxOZGtwZ3BUcWFoMVFaQnRFNUJTWUsyNDF5akhXbjJaLzI3NFJvVjF6NzZ6,https://webapi.bps.go.id/download.php?f=Lgo9pFG7eHGxPL1WlyGVxTFBZlZOYTlnQUlZaHFDcmxiUHE1dnhObXJsR2ovZnRSLzFkclVHMFFVTmQxMXlqbUF1c21CTy9ERnRyMHZnMmVyc1pDMThuZk9QN3AxS0hXMldQWmw5NGlqa2V6MFVCS1BRVEM3VXpZT214OUpLZlZmcVptcXZUanBTQXpnWDlPV2w1S3A5NU0vMnVyQ2h1SG11bFQrdFgwUGtodXNWRy9EQWRvOU5LQm8wcCt2bnlWL2ZuRXJvMUpGOEttSUh0cDNEQ01NTjNuRlMxQlFXR1dNZm5lSlhadFZ2ekF4OUFTUWhPTDIrT2tmUnhMYkIvVFk3Snl0ZG5DQ0hHaHV5QjI=,2013-11-08 00:00:00+00,publikasi
82dbdb6f-ef83-4954-b11f-fbcc9763f751,"Perkembangan Pariwisata Kota Malang, Mei 2025(1)",download_file,https://webapi.bps.go.id/cover.php?f=9hgXcElE285ocPln1if4RzQ4TmxWSldhTW5nVVB5eUpSZmozRGV4WjQ4bSswZEtkVENKQWhjQ25Na0tYb1lqb2psM1dpQml4c29JVjdPZVJJQ0QrQXFzNFJZY2krZG1UZjNUOWNRPT0=,https://webapi.bps.go.id/download.php?f=VWwTIjP0EqvbcTnz5iFSQnJzdUJHM252TDdodS9uQ3hjNnFPS2ZhbG1mYkJLeCtrTDlsYmQxUzJyMTVCOWpjNzNxYmRPL3RQcVYrZmpQMUJUREIzM25telp4RGZkMVhXT1pnN2xTaHdIa0FzQlJ3MFZoYnVTZ3ZoR2FQd1ZPYnRkZGMwS3E5c0JzVlRnNU1OTHc2MElkbzhJVi9hak9JRk5DbklxM29IOHN0QVB4V1ZnWGFMR0lEcUF0cEhreVl5cUJKZEZTRG5ZSFdjVG5ocHNaZy9HL1UyWmdhR3l3NzY4ekRwK3c9PQ==,2025-07-01 00:00:00+00,infografis
82df884f-7f06-4d79-9074-d492223285ba,Profil Kemiskinan di Kota Malang Tahun 2018,view_pdf,https://webapi.bps.go.id/cover.php?f=U7Bb6EMWR34D/25uKtO1qXVEallGaDl1NjQwb3pMOHBtQVBvbEJVLzhGaXZmajdPMGhnNmIvQjAvZ0lKV3lPVDVISVE0bHdOb3dFS3NpT1RXaGpvZEM2Rzk2K3BJNE85RVQ4TFRRPT0=,https://webapi.bps.go.id/download.php?f=2Xf/ZHlTLK+8Hy5sLlWK4UlCN0tFbS9kVmRialNNU1hQZlpMdVJrOThvVjR0RFdlRm5paFJLSldSUy9iSmFsZFIwTHliUXlKU2x1R3pwSVlKYTFISElwby9zNmRyZGxWenZWWU9Tbkg4RlBOa1k4cXcrMXhRZjJ3OHlxcGlEN1oxazNlUW1RdCs3dEwvbVpnbVJza3BYVysrMDJ6WU10WlJ6SEVpYWVVU2lUa2t4OVRhQVRTZHVuU1kweThUTUJQQ3dCcXpVMmxXOXlsM3hIZ1V1YTRDK3R5SXp4bHE2UFFvTHkzZ09HYlovRlpUL2JkczJ2VU1Pd3JjVEhHV1ZuZFlaTHdLcXlaN1FDN1ZvTlArUVcxQ28zZXFqSGVMcFVpQnVZZk0ybGxIUlZ1NVJIZ3lHQ3BwYXVQRndtcmdTWFBKb2I1WkErNVRhdi96TVRydW9NZ0thSzBvZGFUZWY0NjF1bFVLU3BSd09wVVhUeHpDVFF2aGpoZE9lUkJhZWt2TTBzVStqanQ2QnNrenI1bA==,2019-01-08 00:00:00+00,brs
82e64945-e5cc-4255-98c5-67b38e99199f,Kecamatan Lowokwaru Dalam Angka 2009,view_pdf,https://webapi.bps.go.id/cover.php?f=orbNaCAx8rAaVK6n60izKU90SmpUbEpGc1Z5ejRLbEZPN0o1dHZab3FCbzQ5USt4Ym9xcmhTcVdVQWF1dUkrSXpHamhwOU1hRXBpbUdhNmVUR01xTGJlNkUxR0xZN0xCRWlYVTJnR2pWcWcrSE4xTVZDQzhNdFJwb0F1ZkZIeDJkZFdXWFJLSDBUZFhlblNp,https://webapi.bps.go.id/download.php?f=ePXZ8bqEYYZjtAXtxElrQmJZckxNZ2xLemJHc1ZqUTYrd3RoY3ZaWVpHcSs5SnV4QUhIQXR5SE1SUGdwSkZlUHJZV21wY0R5S0cyczdqZnZ5VVBMTjF3K1QyT0hBcngyT0ROTFBEY1E4dVc1bXRiSU9LUzlOSW1TLzVRdGQyeE9TSS9MUWJ5ZzFUWWQ4YjVPZ0Zuc1Y4WVIrWHBkK2FNQjR3OHdvMVhHY1dtWmo1OGZ2SE8wU0M5dmgxUnhjeElEUmt0bUNXZ2JtUWpxamFMU1VZYVVtMEc5S3k0ejdxa096V0c0SksrWnNab0NIVzJVUllCM2FqU2FzWlpGazgzei9YVzdUWjlaaFN6RTNtZ0E=,2010-01-27 00:00:00+00,publikasi
836e94b4-518e-4ef2-ba92-656293842364,Kota Malang dalam Angka 2013,view_pdf,https://webapi.bps.go.id/cover.php?f=sA1gzGPJWjTrwCv3r3Lh4U5SYUpnN1dmOHJjVU9CUUhBSUw5ZjNVNTRiMS8xY2FzWDc3RDJST3dlRk1vWlo3WUVZS0xjYmVaWGErZ2JMOGdyZllEUTU3ckhsekZ1SjljNWFTYlUzdXE3TlFrVjhZcUZ6aUVONDh1R2tNWDE3VzhyYnU1ZTZJbkhVZm5OVVFH,https://webapi.bps.go.id/download.php?f=uyXuWuXAUpqgqV84mRPI6mlHUTduamt3TGZJVTBPS1QzWmxibkRLeGFCS2VaeWxaUlVVaVUzL1FzdlFBSUlKTW5iR0pRQ0puS3h3bDE4dUk4RlhORDFOc2IrcENFUGlmL3k3TnhGYmw4WnBzZjcxZGJ4Y0NWN3V3Vmdwd1VHQTJWT01xV0ltRjZVY0dtV1h6aWEwTHlaakM3VUFMU01DSmdqVE9zc0dSWHU2M3o1QXlrU2hnQmhqZUp0STVHeTlISDBRbnJLb3Y4Q3F4dERSMndNbkFGQlZFeVBTaW4xbFQwQTZPLzRjODhxMEZUVFRRWElqWFFEUnZtQzUyKzhmV2hJUk1vTXVoeDZiZHkvVGw=,2013-10-04 00:00:00+00,publikasi
83be4b48-b731-4b9f-ab90-7998d30b6c99,Profil Kemiskinan Kota Malang 2020,view_pdf,https://webapi.bps.go.id/cover.php?f=ISe66s2/8dvKyPYiIiz9YHM3Q05VMmlkbWQweEZneUpVWUtSRVZZZWFhckJyUUFlUktnN0ZoWTUyMCtkaWQ4T1FYSjlJdWJ4WWxPUloxdDkwOTlEd1JvcWJsQ05ZQzdMK09rZ0JRPT0=,https://webapi.bps.go.id/download.php?f=Auy4RXhbm7gSBn+wGorA+kFrQ2I5WEZnaGdITHBzMWJJTEt3aHRJUzFnYTlPeG5SR1IyVUgzSFBHT01HdEtRUlk2UGxxTjJtVmk5OTlMTHFyWWhqVVRPbEtOZ29YZEhMeEZZMnVnODcvRU1RZDFDNWM4dnN1RXdFcGVSeGM3amVBVm1Lb3h3UzBVVFY2VEtDQVk0dlgydmh2OVVaTG50bUVzZENwMGhWKzU5SHR4K1E0VkRkYmpMWjUyTzJJOEpkYTA5a1ZhU2pUcFE1Y2xkZFk3SE1PQjhyV2VLbkswR29uZTJ5VHJzYkhYUk5UQTArNUhuUkFUMHlidGhMMFlEZGdJREtVTkZybUs2VSs3bkFORVRrZEtMZ1M4YkRzMThRTjhYcHlwU3g0RHZaVEk0VVRaN2JtVFlPMmpUbEcwZUcyUHBRVDlDMGVycEJWQjVxS3NkQXZvaXVJNzJMTjNONDUya1RVRG14bWpzb2wyMmp4dFk0bHhSVXNPRT0=,2021-01-04 00:00:00+00,brs
840ed046-4361-4440-8b7f-87502682582f,Kecamatan Blimbing Dalam Angka 2022,view_pdf,https://webapi.bps.go.id/cover.php?f=yNGfj4adyDMPC1ECf7kjMVJrL1VmK0NkbWJhbGVKS0ZvTitUWHpjWWlmZTZBdTZWRnJrVTZtaVRqZC9Mdm1EVytxUHRjMHB1d05abzlKSmRDUG9aOTg4WFdUQ1RBUmo5SmRrOGVLdmo2VFFUbi9UbmRodFB2YmNUNzAvRFRoRWNkWW9vZ3RScGQ3L3l1bitr,https://webapi.bps.go.id/download.php?f=x224f2sCuQkejxmATIG4zUR1eldSblFnRmlRSEMwZSt1cnhlVGhIU1VuaEtiTVFJWFphOFNnTy9KQzdRU3dWRFB5eEZtaTgveFQyVnhmMW80d3JqU28vMTBSNmZHNW1ydlh0eExuRjFpOHdJMXFVbFd4R3RUSmFtSGFiSVErL1BTSmx5UkNhN1ZnZWtUUC9TUncwSzJaeHBUVWpUdVN4Q28yOTJwYXB3TEFIYTRUOGM1K01wQ29kQStiOUxwejY5S0pnWWFMOS9HbytrNUxLOHZ2QnVLd0pvWjR2M1JWYmsyYjJxYUU4YlVCbDl6ZlJLem1tNXRjZDRBeE5YWDNPNmlvWktsSy9EZTZnUmZpNmo=,2022-09-26 00:00:00+00,publikasi
8415f63a-31f3-48ca-a731-05171da53694,Inflasi Kota Malang 2018,view_pdf,https://webapi.bps.go.id/cover.php?f=QifWC3zaa4bdn6Xml6PYiWcxTExrZ0VKTnN3dXJSL0habTA1c1RIcUt6OFRsMmxYMUdDVFF4a1ZnSEdOSDJtVm4xc2o2cUxIREduZ1RMODlLZlZiNGlsVEtScVlJMmZnY3lYa0lZN3JMVWFieDgxRG8rSlBIWTZmYUk4YU5ZVzIrMVNQUmJRNm9TSGtwa250,https://webapi.bps.go.id/download.php?f=GHu9oKAdcne/3lr7VC3caEpRVm9VckJJclh0MUZIa0Zmc3JiQk9uS21kaVJZZkZLRWVEcjhQaGE0bDVvU3pWcmRzZzUvU3VCczBnRzVGeVQ0MlhCT3Y4a2QyOTkza2JHRmR3ZEF0Q3AwTlRoa1BlU3RLQTRYcXJtMWJQZitKK2hUTkw3d1UzN011bDBSZEY1d0hHWnY0NzZqN2RzWEtuajJPMytVREVPYkJMdzhEZm4wZTFJLzJNOUNDRWdiRk5EVEdubFVIL2IzTkZ6aXNhQWdpTVlxWFo2b3IvdjFOSmxGK2xvdFFxOGdXYWdJOVcwRGJqcXFrRVE5Wlh2MC9tVFZjMkhseWNPZ3Z2d3JuMjQ=,2019-04-15 00:00:00+00,publikasi
850f8bd9-8523-4b14-b7f4-f520d90cde9c,Kecamatan Blimbing Dalam Angka 2000,view_pdf,https://webapi.bps.go.id/cover.php?f=eW3C2r+ptqij7jS1UQVZhFBRLzFubmlndUlqbThMRzRaY2ttMVZFazRia0UzcG1DUmRxSlRhSUZWR3ovQ0gzcXRUZUF6TlN2R3o3dzBNN3JxYi9yN2pvdG4rVEQ0QmdnbFRhblZIaWFDeGJoWnNYUjI2TDJYRUFEMy92R2YwR1Juakp3bWY2V1l6OGNTVUxF,https://webapi.bps.go.id/download.php?f=ocDMSzpy/GSMYnPiEWnLBkgvQnk1MEw5OFpwOHVWVlI2dmpGR3ZzbEk0QXhRdXpHeGc2dDZNeDJxbTNyNzF6WXliZS9KMWRVdHRNUW5SbG1nSGo4RWQ2UVl2YVJVOHlZdGxYLy8wVDZONGhXYzJMV1podnFPOU9EemI0WUZoMDlHVU94Y013UWYvV2cza0Rnc3RNK0JsNWJZck9jbmVjRHdaeEJxL0JsRnA1bEJ6YUx3bG53cnc0c09kUWhLVk9raEY2eG1GdGM1NDZsMlBiSENxeDRmTnVuL29FRExsdk14TGNKeTMyUEdqWngzZ3YwZjAyV2ZEK242NU82YXU5NmRzQjdmWk9PVW05VC8yaWY=,2001-08-09 00:00:00+00,publikasi
858d20e5-ab1c-4118-82d0-3ef51b42d37e,Kecamatan Kedungkandang dalam Angka 2012,view_pdf,https://webapi.bps.go.id/cover.php?f=qik+9etX1FvYrNmHiZZ3xFhVR3RRN1JkZWFJWkVVZitsSnh0M24rTm5CWXdDem81TEx2TlpkZTBIM214L3ptV0pQU2x6UVl4SVRMcEplS25LVDNuNS8wTnRwaFprZzFyck81cE1nc1ZjOElPZnZzOGQzZkU1TktzdkVQMSt0MUo5N0xzWnlnMEMzOUcvNmhh,https://webapi.bps.go.id/download.php?f=9oE1mP9r85QweauGqGw4yGR2Tzd2MHVrYzZSS3Q5RE1TeU5vT1M5L01nOUpMdjY2UUFGdytXYTFsK0RFTUtmdkdHWXlldVJZMHBjWWk2Qkd6bTV4UkxvR1dodDNTa2FGbGFEaHhjSkFRZklRSkZrOVB4SDFYQ2o2U1VKYmNlRTU1K01TUi9vQzdURG0zNy9XSUpBWE1xSXR5NEw3dHRNaUIrbzNJejdjUG5LaUlVWEZRc0ZzcEVTMmpidWlUeVZ0eS81aENQbksyVWZGVHpUeERPbTNmdHg1Mll1UE5TMi94cDZ5eVlxZHk0ZU9GRSsrNE45dlRhb3J3K05XYXhWUWhzUDROWHAxTTNTenhvNFIrK0xrQUU4NFVlMWNPOXZSV1RpMVVnPT0=,2013-01-30 00:00:00+00,publikasi
8616326a-8c7d-4771-8b68-3f699ebea704,Indikator Kesejahteraan Rakyat Kota Malang 2017,view_pdf,https://webapi.bps.go.id/cover.php?f=Quv/7AChBfRu6dj8HUl8EDRoZGk3MUt1YkFvajVob0ZwMTMzTHBXRlpJbzJpWW9Oalc5L1p3WUFMdDEzWFBqWXgwVi9SaEVjM3FQaExLTlpweXJGNjYyUmdGclh4QmxreGduajM4R1dWMm9NMWpuVFNVWnpiZlNIM0dnSGp5M0ZFazRXaFVkd1BVcG5FdkZv,https://webapi.bps.go.id/download.php?f=6h/DlEwH6km57K7y1cGNxjhHVHVDQVpuRmsxQzBaNEFYUzJaL1NlbnFmTzVZYml4WlVzU1RvSWZockZIcEx5Z0c4SlpnUWFPRzFESmdIMjdNTG5WUzNJVFRJa0p1MC9iY0NmUlBkWDc3bjk3em9nMlRWQVlxeU9LajkwRXpaalFLdzVpSjNGenhsZytsS2k3MmNLYVAyQXp3YUNSNzhrQVlMOXJURnQ5ZHo4RnZnNythanRDRUVVazVtVGZMSUh3UythNFhkMW1KQXBmbTNCTm9TT1pwSzJ4OG00NU1saWxjUmJPcGZjVUVKQkpPNFBrOWRkU0JtUWY0a25xRFN0ejNuMlhyTk5KeUtwdlM3c01NQ0FnZVN4WXdkUjhCeHZiRVVicTBBPT0=,2018-12-31 00:00:00+00,publikasi
86951aa0-9051-48e2-880d-36af732ced0f,"Perkembangan Indeks Harga Konsumen Kota Malang, November 2022",view_pdf,https://webapi.bps.go.id/cover.php?f=CrhxH6iYAzTQb/KSXeYmbUhBUThSMFpLVVo3MkQyRUpNenFwc28rYlRWUUEvczU3bnRwQ1AzZm40cUdoZDlPbnZKQTk2bGIvcWs3WXFNU3pyeHhVZmQvZmFKazFEWGdjOUMrT0ljVCtORlpQanMwVHBBUlJvcW03b2tyVnpKbGxiZzAzZkljQ3lJN1V1ZVpFSnVPTlJhS0UvN0JCZS9mZFl2aTZMQT09,https://webapi.bps.go.id/download.php?f=8dBh/vCl8CuwqThZ/8dVAUtIZmNNSmRHMnoyTEtnWUVLYXBFb2JJK0hsVDBWNHVpVEhNLzE1aGJyR3daa2ZISXl0NWhsUy9xd3piUEVneWovZDZtWjNXSEdkTHROOVQvQk5oRVlmVlN3aXVYR01lb2NrK2xWR2x0VzVvSkJhQlFyK0tvcnRZZjg5UFZkUEpPVld6a0NzalRlZ2U3bTFrSm95NmNTWEF1RjRWM3VPSE9nQVVjeElCTDR6bXRJMGJab3pCekxoR0Njako2MHZQR2p3VDczUmx4cXV0SDBrbXZlU1IraHJHTk9LQmM1OGFHUjhEdElEakdhNjQ1M2t6Z1NPT0RZRWlPSXJyYUhONGxBQm0xbzI4VThlNFIzcTlMRVo3RmN0ZFFseUZIV2o2eTVmb28zMzhTOHR6Uk9qT1FkazkyLzhiU21mL1VLb25lek1mWTIzYXZDNVo3eEdoSEUxVUVMN0Yxd2NWTkdrTGtSQ25WQk15dHFwYUY1bzJ3VlFsWEl3ai9ZK25wand4Qm1xVm10Ui83cmFhT004T0RTME8vNXc9PQ==,2022-12-01 00:00:00+00,brs
86ca6236-d082-4991-bebc-d131110195c4,Perkembangan Indeks Harga Konsumen/Inflasi Mei 2018,view_pdf,https://webapi.bps.go.id/cover.php?f=EcNbfzRvrDV+7LDCWknixHA5OUlicHhIUDNWR1c3YUNrU0ZIdGZsbldkZ1dRamZzQ0RTaWpPbUZ0cWtkZVc2M3NwcEExcHR6S0xRbkZZZzQ3S045Y01WeHlTa09HeWRqcVNrM2RRPT0=,https://webapi.bps.go.id/download.php?f=frA8ZZiaxHSCO+cuxIw0k2NVQjk0bEhYSEhIRFFRaTRMaDJtYStyZXR1dDd6M2U0bHNJanpWUHVtbGVaSi9Bbzd4cWlZZktMVVZ2NFVieVdWQjdSY2tOOXN1dGJpNnZ2L1RuQldoU01vNm5aNnpscEdqcjdCM1FYU3AzT0dDZk5PakcvQ01CVi9mZHhFNk9EbHJyc1ZuNkhzK3piM2dldTkxNm9KZVhPbWFkUHltNlhQMmhISmo3VWVJT3dRWG4rRnZZNTBDZndLQ2lmSnF6SUNmeGUxb091ZjBzVXZUenRtem0vTXpIOExQc2RzUUgrZnVlUkY3c2FBVEo4VEtXODlNQVlIbHVHZ3ZTSElVUzRTVGhxUUpFRzF1cEFJS3lhZ1Vxd1l4ZGVNdjlEUS93RDdZYlBxanIwYVhKY2ZHOU90TVgvbzVtM3hqUlBJWjBhWitwaDJyUlJETVRwLy91a0M4Zlg2V3R2L3lrdHBVTysvcEpIY0dOTjZ3U3hnT09ucVRpS2QvaEtFVlFWTk9uZg==,2018-06-04 00:00:00+00,brs
86f2c21e-e3c2-44e8-a506-28146f952603,"Perkembangan Indeks Harga Konsumen Kota Malang, April 2023",view_pdf,https://webapi.bps.go.id/cover.php?f=vQB/tMM4FRNDw3qDuKPUzXVIS1l6alUvUkUxKzB0MGluQ1NwNmUwaUl4d3R5eFRtdG5uUDRIQ05vQlBHUFZBbWhXWFFJQmlnaVo1MXpWQ0lyNnVRZiszZHlyRGliaEkyS3RJYmJOMjVqRGcwajYxUG1zbkFnNDRRR3Q5V2kwTjJMdDN0K1dkZllLNkxnNm5Fb08rR1hGSGlkMy8xLyt3Y3pLRllWQT09,https://webapi.bps.go.id/download.php?f=kkkb44Gha/vv0HGmZAUFOFRPUjVXeW82NzVWYXFRdUVWdjRnZG9pazhUSlJ6R0dHd2pmbU1zVHYxWVVobUZ5cG5kcEVGa1hWSjdLNGo5N2Y2SlhmMW5Qdkl1Q3lwR0hPcFBBRHBQdmFZTStlRGpETVlxZUpvUjA4S1REblJHcnhObDM2M2liY1VEZWdpK3RhSkttZ2xuZGsvWjJ5TGF3Tm9VeUw0azQzdnB4K2Q5UDVyVGFJdFVFc0ZHQ25hUUN5Y2NSYjNMNEY3bmlqenRMVllQSmZvdEF4QXVSZ3JNbEorOGp2d05kSWp0alhzbXNzRlFjYXJ2YUV3cDZCQXZEdTAwZGdhaEs3a0xPMkEzVmlDQmxvOUU4OG82Nm41TzB2M0pjVGZiYStYN0doR2gvYjlzbUVPU3lneG1jVFZ2SU5vdTdSOVZrcGpBVUpRWTM0S1I2N2VZUVlRdmJGUWlzTVRkd1ZSQUR0cGtJWTZNZ0FtWjRGbEFCbGxFQWVSV0NING9NOUJYcHEwNjY4TStWRQ==,2023-05-02 00:00:00+00,brs
8776028a-8a30-488f-a615-6001eef2d822,Infografis Inflasi September 2021,download_file,https://webapi.bps.go.id/cover.php?f=q1EDGeya6RtMNhD6ROEL0kJSaFR6R3l3bTEzY1I2NUQ0MzhtSENWcVN2YXBwLzFDN1Jvc1BWS1BBZjdOaXBYSEdnNnVJZ1FCcndia2VKMGcwQnBLeXZKVXl4V0ZqNE9jczMyTzBYQ3g2UGJmeDRtK2tEcFMyUStRZXlzRFI2aWNPdjFObHgzK2htZk9kOWdV,https://webapi.bps.go.id/download.php?f=s5Skz9rU8Q6QuRh7lLNQDkRRRmdqUUEwNnFpeVJya1NQdWp2d2VGVDAybEE3dktiOUt2MlFpR2ZjS3YzWWQxc043SXM4K0JLYlJScUlBUjhNV2xJMnVvKzBOdlA0RUZSaVBaQkx1SHNoUnFWL1ZSQk5UM0YyMnIzYzhCbFE5M2hzUVV6SHd5a3NFRGFpbUgranpNUW1EZ2xqYisrWllBd3NKNEc5VUhnVXk0UW9ydEZENFpmNXlEZmlNeW4vd25TK0FoNlhINmk5NjFhSGJOVlJ0cUlXLzB4RUtUMTMzODM0ZUJSU3MrZXNVejBSUlEweHJaeDBzWVgyUk09,2021-10-01 00:00:00+00,infografis
877fb7d4-8c08-4f50-9742-27045d931c3e,Perkembangan Indeks Harga/Inflasi September  2017,view_pdf,https://webapi.bps.go.id/cover.php?f=S822emtvntFwg7fDsrl6DXBHOGhPT211MjJSMldjbUUrVEhlWHNZUi9xQnd6YVR4TUtmb2Y0MTFuS2dOZjRBRXFMRkh6RC9xaExuelZvYWNOWEk3T1N0b2t4aWhDNWw1WjNNZzZnPT0=,https://webapi.bps.go.id/download.php?f=az73K4E1oPGMzYi2wdfhfldhR1VVUGNOS29UWHBsWjVRaWtYckhzUWFFS2Q1T2lXOWNOUGpxUDFiU0hkUFlkUnRSaUt2YUJuYnVkcXhka1AwMFphK3BacTFQWi93THVHOFMwUjQ1QlNCNmY2QWJ1eDk5SGsySFEzSEJJZk9hR0srY3Y3dFJXUGY4TWg5TCtPQVR3RTlIVjVmR3JsUzI3Q2NjdDZZQ3dOY1V3T2x4dmg2ZmV6Ulg4UU84eHY5c1pmTzFWNUR4dEtRNGdYT2RJU2w5UHRQYTRhUDYrOFRMUVg3c1RvcW9RUm9tbGo3QmR4WnlWRTdrZWVkaERGOUdkUHFxTGhrd1hYeG1CM2w5Y25lblFDS25XaFVhNmlhelJoSnBqY0ZVazdVY3FFamZpV21oNXZZZjdURitOZ2JWOHJnY2dXWDJUaXpKRjFxT1BiejBJL1U1OEpNdndwWjhFTEwxQjR5NXByU3F6b2NmdSt4VHR2NVh6SGhzMUY5ZWdkNEVUZElFZUlIYllycC81Ng==,2017-10-04 00:00:00+00,brs
87cac586-6b30-44b9-bfa0-3ff90566e086,Kecamatan Kedungkandang Dalam Angka 2025,view_pdf,https://webapi.bps.go.id/cover.php?f=XwGY/pDS7fVjeVmG4IQHF3pwa0JFcUpXNnNMVnNmUVVXaWhiakVnYzZTc3lpWHRXMk9GR1B1NHcrZ3NUTlhtaUNWSkR2bVlVSzFqZW5rckpqV2dhOSswUTVRQ2JOelJWeUhTZ3Z5U3cyR0dqK0xkb3lwK2dTTmtqTGEyN1NzeGovTzRkNnhPYnQ3YTY2V1U1,https://webapi.bps.go.id/download.php?f=D1copz7ENzuSnOIFt8hfK283SGppN3pwdHd3d0dqTFNOZTNGbHdYUndLOE9sajVzbEprTkpTRkJMdHY3T3NGSlJma3EzR1JublhIZUlTN1gvSU8ydDhic1RKRSt3THM0cXYzWmcrdm5OS3pieUJmSExwTUh5QXVPNm1EOGxkbk1qSmxvTlB0SXJLMVphUlFzell3K1RBSE42dzNjVFhmNlNTZ0JCWk1mMWRQd1RaTGFocTYyZGhFMkRxRGM5NzFwbm9IZFRPUC8rbGhjU2NONVA1Y0ZKVml1ZndKNU8wOEVkQTdvMzY0Q3Q0SXh5UmZSYm5UUnBVKzQyaWxuYjVOZllGL2hORFdvbk4xc1hVbFp0bDlvVHhhcFVnNjRWcmdsRThVYVJnPT0=,2025-09-26 00:00:00+00,publikasi
8886e3b6-1b33-4424-b286-1d81165ad78f,"Perkembangan Indeks Harga Konsumen Kota Malang, Agustus 2024",view_pdf,https://webapi.bps.go.id/cover.php?f=5hzHCOeiM0oUT7zLjc9VrTk2TUJOVDB3TjdiZlQyNlg5My91bGpOazEycEpVRm1NQXJuaUVYRkVUUVVSWHlFMFJRTG44elgwTGZtUGlKUEFDRkVxcDhRV2pMV3FQdVRuRC9HanhNNzR3dkNvZkJBMTNTVlAvdjNJREFFTUxZVHd0VFFOMEFiMk9zZnZZSWZlSXY4TDR6VkpVS3dLNFBWRFVra0o1UT09,https://webapi.bps.go.id/download.php?f=d7I99pw0+QUvc5POSZIYj3VCbDNrWEFMWGFOUlNvVHVFU1c5ZHBJQ2NzQTBnK0RpcTJ1dVQ2WHNrU2VrNWRoV0RWSVQ1bzlzR3BMejVuYU51cjFiQ2tvNEtCdmFobStoSDZSbjlCKzBYOTdUK1plMlRBYXlnSkRWTGZTQzd4T0xMRHhTZU1kYlJkcEtDUXNOWTVPanJxSlZOUFNNbXFwOVZPakxET2toSUVzb1d4WDZ2c1BDb3pJcm5GTDRtL0NTWU9QQ0k5eVprSnFtaTJSV3h6R2N2c2dRbFRwUStiTmp0YUlJOXIzb3NmeSsySXlKV3FDOWFlQm56ZXZXSkU0Skp2L2YyeWM0N1hyYXljZTlWM3pPVE9wcU1zMFUzTDFuMHF3ZllCWUxmd3U5SGtzdHdDdTNpdk8xdjVlVjNGTVVSOXJ1WmZKQVVqQUI2a3pSUG13bzlSVXhFZEx1enJBd1hHRTNBSk5qQVVKNXhKN3VPeGFhSXNEQmdER3BxWWV6eGpYMkJ2UXA1dmlQeHhiemdkYjFiWi9hTWh5VHRYY3I0ejdxVnc9PQ==,2024-09-02 00:00:00+00,brs
88901122-90ba-4c7e-bf14-be1bbb31fce2,Kecamatan Lowokwaru dalam Angka 2012,view_pdf,https://webapi.bps.go.id/cover.php?f=9ZvRBdTTb4C4wCMW4skfrFpmY0dxQTB4eDFGdGpZOXplUHlSTTh5RndWQkZKbGlNY2ZlZ3pJV2dxSkhod05EZFhFbGYzSW5pZG93cldzM29EMk1DUjNwNFltQy9TR2VCNWFRcDQwMlpPQVVxTFhSMldrblhVZW02NEd4RjNEQW9mVjBxZ1dPenNQbWJBZXNH,https://webapi.bps.go.id/download.php?f=nCTlk+meQyneKTHWVKOq6S8zNEZuWFpRRHFnTWhwYXRsZks3MjUyUytRQ3l5Yk45b1FwdXpkMitKZ0c2V3dRckU1amw3b2VGVU4zaHdacUtwbTdKS21yL1RSZUh3d0szaHNwRk9uclB4NDh3emNFKzV1dU4vWWxHaVc5K2MwQlRicmJBbFl3ZzFoL08xNUxpRm1CZGZ6S2hvWnIxaWlsaDdJZloyV3JHZDk2OGhFVVBSV0I5b3IwODdUdTZiRDhVMCtkSnNtdVI2MVFoYmx1dVRGZkd2M2pET0VjbTJNVTFOdEhuMUZwU3J2TzVTQWp2Q0ZMeUFBSHh3NXA0QlNEdWQ2NVl6RjVhQlY0WXBwOUo=,2013-01-29 00:00:00+00,publikasi
88dc4493-6547-466b-992b-490f0e33e1b0,Kecamatan Klojen Dalam Angka 2014,view_pdf,https://webapi.bps.go.id/cover.php?f=NvCdKPV9qo5rVV5Z4LC732p5U2VYb2Fuek1hS1NIa2dnelhxUXZ5b05UcldFeEhPWlo1WDA5MnphR2V4Nm42OTZEYkVtY2hyb1RzK254YmUvYlh1L05QaHAweTZ0VlNCaE0zSDhERHdlVU5pa1VDa0NXZTFhVFZuNGhBRTY2ZG5lUlM0QzViOWNlWVA1ZHBH,https://webapi.bps.go.id/download.php?f=Zu8ELgQ8SLpNyDYOwVwlwGNvK3kvK3JKM2ZzU01CUG41ZTBrMzVtdGNjK05aN0tXWTljNGljdHdOQTA5RC9HbDBaVU5lelpnVmtRL3N3SHBEb3NHRWxhQzgvcjJFS3F2TFE3TGdTSmI5YngxaUo1UUJmcXlqR2I4cDJCZkx6WVZUZ0NzRGVzSWN4NnJWQ0pOTm1lZFlMMXpKTUJqekRWWXRacnBoaFRxZC9WLzdZS0xOVnJ3VjEwY2lVZHVmaEp1SFlJM3lxYmdnUXdJOWd0Vk5mR0RmUDlpaEtVNXJscDdUUy8wd1V5UlpPT0pwQ1NMUk4wYTNFOFg2WkhocFZsNXczUi9ZcjVGUmJRNlY5RkQ=,2014-11-19 00:00:00+00,publikasi
897ae5ab-2659-4789-af1f-974e2092fc4d,Kecamatan Kedungkandang Dalam Angka 2022,view_pdf,https://webapi.bps.go.id/cover.php?f=EiZ/kppUop0lGzeOAKRqo25kSkNzcFVyRTRzZUlmNzU5eVlaa1lWK2ttM1RnRXZ2QWpnT1VyN0V1bjFsQnd2TTdlYkVNYXZZOXpXeHAyOWlhT2NheU16dnZZY0NPYmVxZmVLNlk0WmdiWlVuUDMvZVowbGdTRTFqUjJvbTIwaWNjQTNSQXpXbWorNytmcDJE,https://webapi.bps.go.id/download.php?f=cvpyZ7ieeD1DfoZ5j+DFnHhSTW5aZFZXRVRsQU1HSC9CK2NkckpIbFBuRlpDSE42MWRDWExCMS9xRHJsWGRrL1daMndnUTc5ZmgxVkhFZjQ2bTd3L3dJRHo2VW1UNjRqakZWS29mWUYzUzhEaGwxK1MvNTRXaGNRVlNlWmNZSnB0Ti9XSlVXckI3NWFlU1BmOVhuZXdaeml1WHpnZmM2Z3RHYUVzM251U2Zwc1lqQ2NMZEN4OTN0Ni9YRlE1R1lnaFFmNm5pdEZTR3p1cmdGalErV3Y2cHZ4WFFTb1p0WDUrWWw0YllVL3lhVE5DQW40WEVxMTR0VnVXOThYSzV0Qmd3cnVYeTEwQkJEVHFZNTFDQUtpMnRyVW1LSmNwRVp3MnhJUERRPT0=,2022-09-26 00:00:00+00,publikasi
8991ec96-d2a1-4ff2-82c4-89d271de8a88,Perkembangan Indeks Harga Konsumen / Inflasi Juli 2019,view_pdf,https://webapi.bps.go.id/cover.php?f=dlKr6MXQvAXUtBWZaASfUjNNRkFLNUw3ZDRkc1FSckhoeVlIekhpNyt2eFd4ZjJENkR2UHl4b04xa05YR0RBbmV2cEMvaThSVGxrcWhrMFBaelNzMEhtY3FSQWJKMzcxYUlzQVlRPT0=,https://webapi.bps.go.id/download.php?f=AxtMCJOaVgnl5qJ1lcqN8k0yWE5EbXdiSjVlUFNreTBLOTEvaTdEb3djejFmRVJoRGxGM0RtSVZQVmx2ekhSNzFmUmRiMzRERU42V2RHNnhCY29maysvYmdpWS9xakQ1UHRNUEwyNG5sMzlaeGRmVnozTC9Edkg1YWY3VXhid0hINkd1NlF0QkxhdjZLWEdNYVJVRVQ3cFRYL3MzODN6Q2JTdEIvRHZFdStxaU1jQUxlaTZBcVllTllVandMOTVlRjJteW1lV0lrZE1heXhRZXovZUNPOGhGdk03aHQxWVdJTkllaGVTRmdDSlkrRnhGR2xNdWloS1Q4dmhmNmhKM2Q3bm1mUWxOeElEYU5YWjRHTlp2SlZSNlM4N053aFhzMkpvNTB5UnVFa3NndGhSdkxDd2UvRDk5YWQ4U0dMcGtjVG1pOWZlRSthcTRGSkJvajJLbU1FR3VnNGV4UzFmNkxWVjdWampXOU1JZjRYOStxYXdDYmJ1RWxMN0lpVERHQ21PQ2dGMWZQRkxNQUxKNg==,2019-08-01 00:00:00+00,brs
89fe201f-dae9-405d-aa65-8b2d61192539,"Perkembangan IHK Kota Malang, Desember 2024",download_file,https://webapi.bps.go.id/cover.php?f=POM9ZgYIEx902jlk1DpftUxLZXFmT2kwRVdTKzBwS0E2NHVGWktaWVA2ODg0ZGZPbFBRNW5YRUZWQmtrUHQ0bjQwUE9iU3JYODYzajV4dkJUMTBvSExnWHc2N28rMms1THZQZHl1ZjllZ3BGNklaaFhDVlFCd0daRG1QbVoySHY5T1drNDdrOTBub1dEMkU1WmJxaTVVNWgrWS9hbFZPZHBISVFOUT09,https://webapi.bps.go.id/download.php?f=9ZRJwxHztmojfpa2oTUl2HUvWEFhZ2lpdlVMR2pxUTNQQzRVODNkazRZR1l3S1lsWEJuYk9DS3hpWTBHSGNDSVBOL0toL2pzeHJqYUFYQmJMQ1I3V0MyTUpDcmdDQmgwb1FtQlFVcTl0akR3NkZjelI5S3h2NVEwU3dyQzgwMU9ZMmIrbkNWMVZ6cUJHK0svZ0tlWU1aNnV4RmdnNjN6eXZHTnAwdWdxTlBkV0V3aHVrU2tEZmh5WjQ0SEt3aWtmd2RXR0I1YkpyN2V6WTgrWjBlMmg5dE9NaHQ0akVqSjZQQTg3WEJYTVRvK2srREwxVVJmUGYvc0hydVZ5MWVkdEhvM0Z0cmF0ZlFyRmk4NFM=,2025-01-02 00:00:00+00,infografis
8a3024c1-6cf4-4035-ab61-188fdf63a593,Analisis Hasil Survei Kebutuhan Data BPS Kota Malang 2021,view_pdf,https://webapi.bps.go.id/cover.php?f=YjjQilTK/Brwdgp+03KDz0JVTE9ycWFOSmZ2L011cjB5R3NhNnhsbjlpak5hN094czVrOGZXaTcrT1RxbzN1aXZrNzVyUTRxYkJ6OU0yRGV0LzZqbmEydS9iY0lndDU0K0JjVFZ5S3RYUndEb0xvNWlsTkVFOEd0WVhzb2JMYUZOQ3NpZ09ENUMwUXJQZnI2,https://webapi.bps.go.id/download.php?f=iSoU7vywcR2e0as33PfHgFhVTkx5djFYK042a1Y1dE9rS2JYNHovZTlEWW4vT0Z2NlFxcEJmelhrUWZJRjNWdnpvRTB4V1JSSWdwNVFtbU5NUEVEeThidmI4SXF4Ni9JWmdheDNLNVdhWXFVcjZDWndnVDMvT0g2cVZ3ZDVaRDJldUpHNmw5OEIxeUt4eE1zU2xzdEV5cFBHeTlqT2F4L0NIWDF2a3NzdXJ5bGlpS1haWWJIaUh4UTdIclJyWG8xWTEvS2VUZmxDZmloR0IvSnczL1dQd28reEYxQysveEVNMExkdytpWEpmR3NQR3pJZUd4L3hxS0FlNWZqQ3VZRnlBUnAvOGsxZk1uQmNmdWMyNzd6aFh4YndXRUpzVHQrYk52VmRnWExLMDZCUEF1L05PaEpKQ2NXeVpFPQ==,2021-12-23 00:00:00+00,publikasi
8a3e529e-88f6-46d9-a44a-744bef15dc85,Direktori Perusahaan Industri Besar dan Sedang Kota Malang 2020,view_pdf,https://webapi.bps.go.id/cover.php?f=27g+dq4F5trI9jkvzUO42k9FWDRWRzFYM05kaDFvMU8xd1hRVHdXeHpJdmpJVDNabS9vMGRLZGE1dDBsQUxtU1ZxamRwRkUwNndiWFF1a1k1UElKOHRjV1RPN2VBK0tWMHdpbFg5cW11OTluWEZYSlZucDl4YWdZUXZYTU1zNnFCS1lOdlRWcXY0MTZRYS9l,https://webapi.bps.go.id/download.php?f=EdVswXc9ukqRbN3RgIogl0s3WDhiY29ieGtHdlBPL0dqWld5WVM4SDZFM3FQeHA3cHE4UlJMK2s5KzBHbzhTblo3VnlNTlo3OFBTVDhrb2VUelFCU3ZSZlI4U3pWTDhZTVJMTm9sL2h4amQzMTh1QkpvQWJFTEtEWmN3Q08wa0s4SUloa2hEK3QzaHZPL1N1NXZwNEdPdFl2REp2a1RSZG9rOEZoM2JYQ1d0Tk1vT0JCZlAvWVZ2YkRac0YxN2tDMW0yVnYrRHBUcTlUemJQaFpwSzh0Vlh6cWVFQW91ejExWExoWVNDQ0w0eGpJZU5kSDJ3cWZxYlJmZ3dsRHNHN0hyTWRGUm41VXB4VXQ0ZnBIeEdFSjl3ekw3a1RNZUo3OTduSHVhQkFmRndVMjVnbFdPZ2pJQWVCc3pZPQ==,2022-02-15 00:00:00+00,publikasi
8a4a7443-cdd3-4c90-aa99-49da5c266ad6,"Perkembangan IHK Kota Malang, Mei 2024",download_file,https://webapi.bps.go.id/cover.php?f=sE/nd/zZNatOIFAG3qsGL2tCMWprTVFLY1ZXVUNrdFZUYVRtR0VINXR2a0hVR0krdmdhZjZvTW44OGZ1blZZWXNoK2Y1N0FNMVBGT0hOT1FXc2IyMjc3TDdQUCsrQkdSU0lRUHlRZ3BOUk9oejEvTU93aHJZb3NZQ3JGMEcyRFpXOGlZTGg0VlRtWXUrMWExWVprN3lzeGJ4amJkWlpQWkp1RkpJdz09,https://webapi.bps.go.id/download.php?f=xfYYnfNEK4yjc8AeS0Rv2lovVHN3dkxGTVdoRnBTWjVjS2pyejladEZJd2ZOVmh6V1R5c2hzYkVmOXJPSjladGNXcU1pM29yaDlwMy9JR1V1aHA1S2F1N3BwUldJbDZCU3FzYjNIdFVRSkxxVkUxZERDUnJyVVp2YnY2MkVaeEY4L0ZiUUVwTHF5bXhJNzNuNkxpYU1qaWg3bmRId3UySzJhak9LQ3FOc0lMR1NkeDNkamJGbHI4NitHclAzcFVlWVpKMkxnaGpjV25qL2JBSjJzWFRnT25FQWlhL0Nod3lHTVlVWlpJYjFiNEpTWkh6ckFYVk1vek1XU2lJc3dBN3ZwcGNjVmVyMUhSbXlVaVY=,2024-06-03 00:00:00+00,infografis
8b022ace-c946-4e4d-8897-4792c6079abb,Kota Malang Dalam Angka 1992,view_pdf,https://webapi.bps.go.id/cover.php?f=6IAHuFru2JiPCjbMSAKPZnpublRmbnlFOVJsWlN5Mk16R3pxMkgrSVRodXJFemlpTzUrZG9KOEN1eFUxVmtyY1JSWXRsWno2NUtNZllOalI2bkRZVFdVaGNOWkxWeHYwU3FlcmRzcE1WdEJOd2dRK3ZsMmlKdjYyd00vOGp6WGgzajJyN1IyelJnM3ZKV0JZ,https://webapi.bps.go.id/download.php?f=8xE7dbKE7e5P7HRXnfmSZ3loYW1nOEJSMDVQVFdQR3ZzTWNHZmg1YktRc0hLQzNwUlhsL0xJS1YybWMzblhTdjNDRnNHQVZ0TzBmOHhVWVFrcEZLcldDNXB1TEJOTWZEQ2xtUEY4a3RKL0hkN21ET1ZGSFNqSnJ5azJJc0QxdldjQzBDSGd2YVhSd3JVR2N2Y3ZhUFRRNU1BN3lENDBTbEdBbG1FbDJkMTB4TS9hRjFNdGozSFowL3VtMi9kSVk0SURCNGFkTlNNVitDYXp0NldiRnNqQVVZRm4rdmZvOHZ0MTJTTmdjR1dQUUp3T00zcnhXd3d5TUZLdStFOVJSbk5KalUzdWlIVWoydC90VXU=,1993-08-16 00:00:00+00,publikasi
8b077618-faaa-4627-9b07-49b648931edf,Kota Malang Dalam Angka 2000,view_pdf,https://webapi.bps.go.id/cover.php?f=A9Bk5rXB7jNEHFAMTGX/u0cxWlFGSitVRFZLdVAxSmJpcGFuUEFwYktnS0JrZUhPcndOVG00SkpuaGFVVk9vWmUySzVUZHJtc0l4Zm43OVNjUzNXNlJaSkc3dGN2UFdTdlRqanJiNUR4S21uK1p5Q1hNc0lCQ1ZPaUJRWm1mVUVKQlhSazRUa1BzSXZEYk40,https://webapi.bps.go.id/download.php?f=FvTxqvcVDkfXrHY+EzKQPGNWazNMT21KeUFPb2hYa2ZFZ3RBOGRFVEhJaXg5Z2ZsRWtOREVncUttSlZrREZjRnRpRGxkS2lLdFlLVVAvNDdvSFVhbk02dG4wS2F4R0xYMTRoTDNrL3R5QjM4bFhncUI5MnNOQTdUNTZ6NXUvZnlDVVFYNWo0OU5LMmxrVHM2emxrendEL3RSOGFleTdpUlFWT1N2UlhYR29LRDdyaU95UmY3SFVnOVRncHliVE9wUTJUSmZDQlJkVlkza1hUUjB2MHpWS01rbnBFUCs4cWZiK0ErajFEZ0tGT3lQNVNuZnl5UFhaYWtiVWk5eGpzOTlQQ0cwM3lMOWh0NXVSajI=,2001-10-15 00:00:00+00,publikasi
8bb38941-b0cc-48f6-8d51-39ca2a0d04f9,Kecamatan Kedungkandang Dalam Angka 2000,view_pdf,https://webapi.bps.go.id/cover.php?f=QZzwtF0CxH+nmv8Q5e/Tz1l4T0ord2FlVmpwSk5ZREJpbWc5eE5EM29ZLzIxRWJEc1JTRnBXV2orR1pYdDdIVFRXZ2ZYcHNPZGo1czBDSWluc21mTUNHaTFhOVVsMFlGSWs3ejJxVlZhdEd4RWFlNjBrSzhtdEtTMXI3SzZjK251VytyV0hJZlhMRTJiM09E,https://webapi.bps.go.id/download.php?f=1KZqwySkayJeyro2NjUk+jh2YldyajdYMlIwR24wVTV5TU03aHZ2YVZ4YTJud0Z3S3E3T2JyMFNBTk11d0M3Z2lOZHhyQXVSSFlIMVl5MVdtb0hXNkgvRzhlWVBJaWFZM3Z1dW1oK1MwZ0tQUTJXRUpQaWp1MUxZWU5Ec0R4R2o2NVFhaUFYQXQ3QVBDdXZIaEpReWxlUENFR2RaNXM0ZmFXVngvaEIxTjdqYnpDdXFuRjRBUW43Rng2VHdhUFpBSTl5dHZsQVcwNGhKZDNIeUZjUnlKNENWcjhaWkFmUE0rdDFJWXpReVA4dS9aVUtWWEd2akJicU5pU3NLUUJtTVA4ck5jSG52Q3VvZVo0QU5maGZ4RmtpQzBSOFZaNzdWYmVCRi9BPT0=,2000-10-13 00:00:00+00,publikasi
8bee12dc-28c4-414f-9771-06a9f3b6b92f,Perkembangan IHK/Inflasi April 2020,download_file,https://webapi.bps.go.id/cover.php?f=kvDYFOsXmS3+swHaaUuvv2JCenZwdm5wa0ZiS1JsUGZkOHVQK1Q2NnJzdk1ZV1hFWFk4MXA1TFJwRGg2TS9DZ2hibHB3UGlSR3dUMjRkdkJhLytDRlBsbVhhZTNDNHFpaGlnUE9sK2REMW9Tb1VNVE1vKy9UaGhGazVGcXdDR3VBUlZUaFZ4d2p0SWZ2MVRJ,https://webapi.bps.go.id/download.php?f=R2wCjqIMQNzUMNYCLYpNykk0RklqV2hUREpqanJYU3Y5REh3cENsWWIyTHFIY0Frc0g3WjVscFg5ODRDSDNKTHJnMndnK0F4Z1ZYNXltMitCdzR2b0ErRTBwQTlSalRLRVJ0SEpqTHRCRHlVcHp3dzVEVjFiWUdKSUZOK0Q3ejlZWlZ6RFJrK3JpcUVqSjcwTXltc0pNQlQ3NjRiRDZXSkJVTHhNRFRRSU9kbWhUSytscDRQRHYxcUdmTkRaeFNLTHhsdFNpODFHVEh6ZXdWMnhoTU13cU5ZMHlwRFpES1dMTzM0cmdNZ0p4NGFDTnZWUGg2THMrTmpWSzA9,2020-05-04 00:00:00+00,infografis
8c4d3fa7-f8d0-485d-ba89-f8b4e0630f87,Ketenagakerjaan Kota Malang 2022,view_pdf,https://webapi.bps.go.id/cover.php?f=iYaEEUi/k0iVAbjWpMuJ1jUyeFNSZyt2eVVWRVg5bzBObHlqaWZCRDAySjM1RWdybXJ5Ukl2MkthdnNrNlVJMlpMTllJamJaSDBMZndYcVZudUcrYy9QVkNzanFmNDZmcmxrNk1obElZU01PaXMzNUFmVUVZWHhTSkcwT1FOOWZ1T2lUTzM5cnJaTGJmK2FO,https://webapi.bps.go.id/download.php?f=9Dxvo1mMFc2y07UHXd+BlDlBMm1QZVZYdFdqRkMyVURVd0xwZ2RVUDFRdzdFb0xEZ1lUbjY3SzFJOXBsVHRkdzdxM2xaZU51NWNhTEtMaWM5TkpjTXlsZStSOVJ5U01SSjlzbWJUcHdkclViTmxPZDYramxLL0NzemJBVXlDbklVb1JEUTRLYWU5dDhMbitENDJyVE52SkNUc083dmQ1bzl1SVErMElRcEtEWExQdGNiMDVFMDdiUCtlTGluN3dRakhXcDZTajFpaTlOeGpmWUZMOUdjVUUxcm5zYmtHdkFaQ2F4MG9ENnoxNk1BdGYwQnBRaG5iZ3R5RmdDaVo1cWdKL0RlbHVVVkhNWnV6b04=,2023-01-30 00:00:00+00,publikasi
8cb703ff-5fe4-413c-88bf-d4488e80e830,Inflasi Juni 2022,download_file,https://webapi.bps.go.id/cover.php?f=zA1JgQyaYKXdumq2fdm+g2RRTWNHczJucTVkdHlvbTVEaldoTS9DZmpWblhyNlY0dm9wdjFBcmJQLzlVOGphdEFUSW00VGt2NkRYMzhSbTRReTQ3R2ZIdXRsczIzMCtnazBITTlxSElrSCs0UHd6SnhNUURZZnVNbmxnPQ==,https://webapi.bps.go.id/download.php?f=dwTXWSiKRvaFVNcCmxBp6HdPYW5EQ2RYc0t1UDhNSERCZk9LMXlFVGJhcENxdXBUMjBlVzF5UXdLdTBobTJjWTJaVTJKdDF6U0ladGpRcVVMSzI4SW5tMlluRmFmS2NrY0U5eHkxYXpsOGVoU3poNnFUMytzNWpUazEzSVQ1Wko3cVBhamMzV1U5c2dsREowbHVIekFyOUFzMkxaK1VaN2l5YlozV2haNzR0TVQrL3dkWjN4YUNCVUlxK3c2NDZKeXY4eS8vOUNmQll4N1Z0Vw==,2022-07-01 00:00:00+00,infografis
8d08fe86-92db-4ec0-944a-bf2b6ff879f7,"November 2020 Kota Malang Mengalami Inflasi Sebesar 0,31 persen",view_pdf,https://webapi.bps.go.id/cover.php?f=EStM7ACzmU3Y3f27qocG+jJXTldjUERGYURRYTQzQWw0dCtuK1FTdnoweEtISEF5cjdEbjZ0MG1McUJSTWN2TjB5MFRLNjhrdGtmZDdrWFliQ0M5MW54YldDcEN5SkV0WHFhZmVuN3lZZjVucXBuUHhiWDRyUEpoVHN0bXR4VW5WV2RZS2hBVnF5ZVR5SFBO,https://webapi.bps.go.id/download.php?f=6X3TvvzovGCFn3zdD+Eg9i9QS0gzbE51NzFNZTY2cHJweUVxUHFUVmdSVmxhaFlOOTFMbmlYTHdob3Yzak1GNGZZN1VNQkRKWVFwMWhMbjB2RUVaSEUyd1pMSXlnZjdnUXB1SDZXQmxlVHoxNHNmQjk5OGxZdDMvMCtoMG9JSUZueTEvN3NzM1d4WFVPcHJ4TUFIR0JVaW0yK1NYUlQ1TjhpVkFMUnkvWDVWNllQOTI1N2gvQ2JkS2E1ejVtRjJGQVZMb1I4b0EybU1Xc2RZRFFYMjNCcGdPYklldVFZN2c2S0xva1VuMmRmbFdvSTBlMno2QzhXQk43a3ZtY1Q4amxnR1hmQjZWam4zYVF4NkFRV21DRFI0Vi96cklEVnhjSUZjODVUaGtzaUFIZFRNMkpIMGltQVNXUlZ3WHRGNWZycHF5bFVQS3RhYkU5UUJIbTg3THgwbS9vci9Fb09LOVhaZmNINWw1WFd3L3YyMklBcHgwRWRWbzBGdCs1a3l3dTdzOTdvcFhieVE4ZXhJbWZvQ3lXbHJ5V2djTEVtVVEyVHdyQVE9PQ==,2020-12-01 00:00:00+00,brs
8d3bd0ec-9c18-4bbc-9c9e-4a73554a0701,Kecamatan Lowokwaru Dalam Angka 2014,view_pdf,https://webapi.bps.go.id/cover.php?f=PAJvYUMZUeSriWKQopLCmVV0RmZhaVVaT3E2ZkJ1NXEwYkk1MGdLZGY5bDJVMER2SlZXWUhscDh5T0pKOURsZENCeWZsSGU3aFdjNHcwTkVGVjAvbjFtUEVvejRyTjRhVVZkTVpreEtua0tBZ0gwQXllTmd0Zkg4V0xLeGpKY0F3M1pHbWNvZGdIQXpHTm9Q,https://webapi.bps.go.id/download.php?f=UrT+p36WUwqZqNp1mMg6GFkwcEk2ei8xMDBBV001WjgwMSt6blNQKzJoeUhOdlRFZjdDRE5RU3FhYWN4em52WGthUEtTVjVjcXhnMU5DbThydlhsZjhibGtmT21YdGtmdWlicWtENXVycVNOR1NIU05EMXZVTFBVQXBoNm12Q296TXNGQUI5NkZoais5UEhkalBSUkt3OURFM3BQL2lWMldiK0VXSExyTCtlVGl2L1dOZUFMcjQ5NlNhYk5GbWloQkNwWUo1cU9vanlUN20xaVA2WmpHQ25PUHVYN0ZiQ3ZUL3VERVljYXB1ZWdrUnhxdDJEWlNGQmt2OGsyUGFza3dPTUl0TVROUUIxQlhvbkw=,2014-11-19 00:00:00+00,publikasi
8d430919-b9bc-4a93-9e45-d99d25292ed0,Statistik Daerah Kecamatan Lowokwaru 2013,view_pdf,https://webapi.bps.go.id/cover.php?f=wf8zG6w1K5WxDs7amZbdLzVrQ0d5VGZGanFwUWY4R1NNV1pyazdYRVVzWHl2Z0xvY3JGMUE2ei9tY2RLaDAwNlhyNUl6THE4UTFXVURIdnl5WTlscnBQOEZJaUpKZkdXYnk1bDZlVG94SysyMzJ0V0gxbXVTK1lSaTFpeFY3L0RadlgxQkw1Z1pXbXhzRUxn,https://webapi.bps.go.id/download.php?f=WzeSXrlsouTSHXBdsvWqHm9kYXRKZithRW9pZ1Bwb1E5cW04eWpKNXpHK0Zmcm1pN1VJSGdFK29DOC9QTGEwQmltUXpPVk9pRTJoV21JZXJOMWJYNHhvVzgrM3ZtTm1zTG94WHJjUEFPUzJyOEpJZEtyUktyU0lUSHR6bTlDSXZZaVdBZ1l0Yy8xc1VKb3hEd2hKczRyOE9pRE8wQ3VsM01lbHRkZi9MTnZXU2oyK2ZjTVVaMTVZblc2MmVWUU4yNWM2U2xDZDFCZTIwUkl5c2thZVFrRWVERGdxTnNaeG0xc3daTzI2Z1UrN0NMZkxvOGI1SXVDNU9xb1BaWFBpdEc1TDFuQkRMU1M4V2VCenFJemxvZHBUbWNXYlpGUXgwem9aa3pRPT0=,2013-10-31 00:00:00+00,publikasi
8e4c4a25-da11-4b44-9a4b-f8561ad875fa,Kecamatan Klojen Dalam Angka 2022,view_pdf,https://webapi.bps.go.id/cover.php?f=k+wyEkFRZSrfZVZdeeATt0t0dHRzdmQ5c2FYdmJNL04zVkQvTFBPYytZdHVnMEhJRkxhb0ExZE92TGEyRWdIdjNwUTRPcUJHb3l3TkEwVjVaaUpVV0NpWGhmUjBLdUlrR2xQdEdZUStsSGsvSFg3ZlBnSW5LTmhSSWlZZVF1ZlBIbEFMeXdJOXZGcE1RbXVj,https://webapi.bps.go.id/download.php?f=VujrOkXGyLwIK2Wu/mPvHDRsSm4rUjRSbmphWERveGp4TGJtNUp4YWcxZVlxa2NxNmh6SzBQeXZaVDRadUVyTVl4NlpZVHdGYWx2bWRFUUllWEM0Y3RDcGxRTVpyY05FbitIeVk0WnVPdmxLYkx1bkpFbVc5b2M5ZmFXMmFQc0d5V2JUMmdvelkwcllhdExzZkVYM1N5ZkxJOE0vYkxxWHdkb3g4bklKSkZNaUdVQUxRNWg4OVc2Rlc3WnNmbWNTKytRSlczbHFtZmdBaFJSRElkTWFwUzZWZ2lnOVpua20xZksrSko1OFRtSzN5VjBtVmZIQ0NzNFhreEVZaUljQUdGRkw2SGVSeDdmYkRSUEo=,2022-09-26 00:00:00+00,publikasi
8e757553-8ea9-4d4f-9a5f-afb6488460dd,Indeks Pembangunan Manusia (IPM) Kota Malang Tahun 2025(1)2025-12-01,download_file,https://webapi.bps.go.id/cover.php?f=Q6trXoCnS+DxujhXoz0BdE1pOFFrelZvWm13T0xyZjFzUWt4YVdvT244Q0Q1a29IRUNDeEc2RWtqNnlvV1lrVW15d3ZEbTBMVmRrSGJUQmlwME1hVmRKUlFsbVNmL2VoN3RRSzRRPT0=,https://webapi.bps.go.id/download.php?f=DiVSC1Zo0+r8g+ueAtTT9jBJWjBFZENmbGozd1EyUXRIN1llNWQ4RFgvUGlOZkZjTGMxYnhTdzAvRi9maWRvbGFKdXFlc0tpcWtDWGV6TGc3SzFhU0gxMUJ3clpZMXJxTVVpbG5CZldoU2dYZDRYYkhRcUtpelVIOUplVTBGOFg0T0xmQjlDaGJLci95WVdHYlhyTGRvQlZKY3BzWmZPYVZCQUU1RnlBZ3BvVVNOWVdhK3dQeFZncFp1VWdqSEdzQlZQamJlN0Nubm9TR1IxSzhhRHVCNnZtVmViNW0xU1hNVHlpbDdIeWRHblJDSUdtblY1WERpSEl5VW89,2025-12-01 00:00:00+00,infografis
8e931448-4d03-49f9-8d99-90691e0116e7,"Perkembangan Indeks Harga Konsumen Kota Malang, Maret 2022",view_pdf,https://webapi.bps.go.id/cover.php?f=/ql0d4WAq+yn/W+2+bAol3J4ci8rL3ZYTmgwelVvNnYvV2RkdXBjUHZ4eVZ6M0RUYUkrNWh2a3lzUDRoYS9rOFpKb0dSaUlyWTNWVHpwalkyUkhuTHFkTHVEVURXZ2JtSmtpc3RIMm16dTI5U0VtRTJvSDU5OUpZdGlZPQ==,https://webapi.bps.go.id/download.php?f=BRKuRsUQd0lbUktkQcoVA0k5R3cwckNEcXozYlNHL1ZjbmJOL0lmejM5NVd5ZFRSRlJLNlk4SEpDTkwvSFYxSnRVR0NrN2oyWEhUWm5XSEgyek9Pdncwd25tZDA3TEVaOXZrQmVPUnBYQUhqS0JjZ25IRVplV2NkOWlDQktPZnRoWXJIUDk2QU9TOUV0allINUo0U1BBc1RmcjZYcU9QNSs5Y3JGK2N3OHk0NVhid25NNVhuclIvM1VjZzVVeUJ4UVFYTUNid2tEV3hBaXlxK01wQThJR2tzTE51dHB0dG0vK1pDSlhYZ3F6Z1VVSHlvV0NINmphK2tIMm5xTS94MXBxSTJvSTBySU4wa0dWaUM5RDBPeVl0SGtPN2IwMlhrcEFCT2FmblEvN1FrZlBvRUtIUE5Lelg1c2VWTmlaWGZLaGxnK2l5b2wvdlAyS2tJMUZTdzJiSHRkUDZUMXVVaHkwRDdaUE5UZlRxMVc4Qit3MHhsUjJuTVIzT3ZtNmtTSGt6TklJdUl0YTlMSG1keDcwYjlDdmFZaXVIRklVZ3FMM3pSb1E9PQ==,2022-04-01 00:00:00+00,brs
8edf29c4-6a80-45df-b8d1-240fb6387d6c,Kecamatan Sukun Dalam Angka 2023,view_pdf,https://webapi.bps.go.id/cover.php?f=hU3AVCv6NvOmgkXSstrRXG5PeU5WMG1DWFUraVg1NDBGeGk5ZWl2L2JZbncrL1FxWU40eTBiRGdxa3FhdUE5KzZaMVQ3NFBsR2ZVVnViOElLMWJKUEkwU3pXdmJjYVErRWxwdCtMT204UGFyRkhCT0MrQW53K2V1UGg4d0J0cjVGOU5YVEdWN0ExcWQ0WnBz,https://webapi.bps.go.id/download.php?f=iiY1xtJmeiU1FSQEbhZKkUhvZ25MTm1QSjcyR0ZZK3VidHdHeXdnQVZsU1FvaWR0VlQ0RitNTnhTb0ZHVzhiMHpENXVsRW5jNGJIMHVnS2M1ZThZdG1MUjVldE56WkdHT1JXTkgrZHBEYVFrOTc3c1BMd2l0cFFqaTZyS0VqNnNmZzdEeXltWlBTaUR4cVprY2dFZXpvQUlVNFhYMkRabmZHTTB4V3B2K3pKMlNoNSs3MHBEbWR0Z095TUpHaUt6K1llNndnMjhPSnNnVUJwaGFleFJzVEFwTys2aGRvYXFJMERDV0Q0UmZubjRwUGdxUlBneUgzT1FTR0lQRTlFQWxvSjJwQVZSU1BVcVJNVXg=,2023-09-26 00:00:00+00,publikasi
8ef6e11f-82eb-4968-b1a8-6cf699ebe331,Standar Pelayanan-Penjualan Produk BPS,download_file,https://webapi.bps.go.id/cover.php?f=12Lo/Zjic1GNweVECXwX5mo2S2EvQlNKOHpXbU0wNWNoZE1SMStkOGpUQndYRmtENzR0YXVhS2xCNWdmMlBmRnRUWFQyVkg5WUdvdGtBZDRPMERBRGRFMHdLZWpOODkvdjNtbVV3dkdhUGJVOXlIZlBYUE9VMGRSN2p0bGMzV0FlVkg2TVBLTlhuZXEwVDhBNU5Xd3hrQ3pkRDF4V2t6Skw2SnpKQT09,https://webapi.bps.go.id/download.php?f=BvKkxTj96MqFozCzdgYCCW9MdHlaODlBZ0EyTEhyN1NNOTJ3RVNqVUlyZGI5cU9HeVE5eUtaQmNtMmY4R25FOHR3bVFPemtXK1A3RWVKUGY2dWV0WVZWWGt2NWhnWDFYdUhhcnIrNXlHQ3NNcHAzQkhDc2RoV21zRk9lMnlTQkx6eGVOMjJzbCtZMHF0M3pESFVuTzVDK3JOcDhZNEZKOGxsMGYwTUhmMHR5bDZLaGhpSlJpUzZETXB5eXF1akl5THlZQzAvdjNpck9DRk5vdWh1QU1TaVFmZHdFTDZUQmJMdkVibm9sRUlyTTZoZXU1V1pWVTVTSzUydmpjVWRWKzFPUmF3SnhpcHdjZnp4WW4=,2026-08-17 17:21:35.814701+00,infografis
8f0a817b-e98f-4e42-8149-9b06ea37eb52,Statistik Hortikultura Kota Malang 2023,view_pdf,https://webapi.bps.go.id/cover.php?f=Abnd0Yokfv4poae5mimdDnd5dG9VTmZBN3UwOVYzU2xEWHRMZEZFMFNpckw3MDZvTmFndzFNR1NJM3V3NjVZWEJLYlhNaXd0ME0xUm0ySUVOemJmaXRLNVFPUGExcXArOFZ6U1h0TzRjS3hxSXJGYmNqMGtVZjJOOVZhSSswZWV3V2ZZZnN3aXRkU2gzNlBI,https://webapi.bps.go.id/download.php?f=4tBQAnSBcnD49CJeURU+XUJYd2pZaE1KM3I2bTRVK2hmZ3VlY2l3Zit5VEx4WEZORTkrakdEUXlPMDdycWw5OEFreG4xRXZ0TGlGTXR2MTRLSmJSaXF5eWRYUVU1R0NidEFhWlBNdWtKUE9wRVhnQnJVZEMrWHlIam1KaUFmQkR3dFd5ZysvZHp2cCtDekVMR0pFbWlLbnpQcmlYM1lMUGZacHFHdS9vTTFhMTBGbmtxaUFia05OZmJtNkZYMTR4K2RESGhnQTNoZW1KbWRmWllXSVFMaGs2SFdNR3VGbUxudll5TjRINFpOeU40MWdoL2Z5Z1Y2dVNPSktRcDFoMjF6ZXlnSU5LaklqbzhzQ2o2Nzd3V1hOanFXWk1wTkE4dVlUQUh3PT0=,2024-08-30 00:00:00+00,publikasi
8f5d6ae2-67bc-4a45-8219-c07a5b54cd4b,Produk Domestik Regional Bruto Kota Malang Menurut Pengeluaran 2017 - 2021,view_pdf,https://webapi.bps.go.id/cover.php?f=fRfxUYVRFhR3dJ6dFU0fV2VEcU9yM2NrVGZSR2NSN1F2QTNHa21KOUNyZFBwOEFzbEc5R1l2Qnh0ZWVjRm95dldsaHZJUGwvazVYWitWL3N1UW5qS05lbHJ1bjNJMWJxbWNnMDQ4YUlXbXpqOGNZY3pGSGMwWDhTSXE0T3c5eWJtWFROYWxqc1gzaERCSDVI,https://webapi.bps.go.id/download.php?f=yh4qxppg2hkaHxWD+LGqSnEwNlJ3Y1pkeGNGcnQwNWo4dlBtWWNOcVl1emg3MlpIMDIwSmxvbDZnOEx3bUpxWkV2MUx6ZXVWWkRMaGZFaHpwUm1WM1J2OE52UGE5TVBGL1JlRnV2M3Bvb3BUeERRdWlnVUpUaXErdVJGUnBLUDlLSmxPSVdETS9QeE9sT1I5a0RXUmVsOHlqbXdSOGl6U2RSREJ2VVQrNzA0VFRaWWFpSk1LQXdrRExaaUpzZ2F6TW80dnFtaHl0VTJkZCtHOStQOVp2bEwrMDFELzZUbm1yMmMydVN5ci9IQjNIV1ZzOWtCWmhLWmEwSjRHZWlsNjBtbkEva0RSKzBXa1h2R2NnRU52Q2k2SlNYbVgwVjlvdFdnKzFFZFNMQ1JBRFJtb05wSCtyNFE1cmZIZ1NsNnp0RWl3SytJOWVrczlZYmhZ,2022-04-28 00:00:00+00,publikasi
8f705a7e-a0cf-4ec1-90a2-31046676acbb,Pertumbuhan Ekonomi Kota Malang Tahun 2024,download_file,https://webapi.bps.go.id/cover.php?f=0CZKmFls4paJaR5y0uppokl2V1p2UE1COU1RTDFqQnJPd2FTZ3ZPd0VxZ0t5ejU3Tk5SWHIyU00yMTNVak11dHRKSFltb1NrK3hCNlpKSC9Kc1daamhFMFpIbElmOU42SHNWaUc4bXRnMFhoVFh5UHcrdzlubVgwdXVKdm1HOWptWDlNTGtTMnFBTmVQSnJY,https://webapi.bps.go.id/download.php?f=dJI0nsxB3X83O0VzG7XsK2xadGpxRVNxT3VMOHdvOWhTODZTemptQlhLZ3c5a1FzZFlKYTY5ZjRLeWUwQjlxU2orWjJxZjZLNE9GNis0VDV1aUhKV1NVMTlkRThCZ0pWQ29URktHOHZwemRRSzNIaWh1MldmQkhnZHZnMDlucHY5b3BYbkJwOFdMYmp4ZmE1UG9YdVltOUpkR3VCdVBSbCsycmlZamJ0STFLTmhiVkcvQkw4aGE2eDdvV2toZVVIWUpqVDV2VFJvN0JYNHFNTmpoYlRWcndMcGlTZUt2TFNzWUJwK1FLdnh0Ukx6OW04REk3b3RLREkzT2tZWjh3bkh3eS9aT05vRjRlVzNQTUk=,2025-03-03 00:00:00+00,infografis
9012619b-f548-4b85-b2de-3de184b3467a,Kota Malang Dalam Angka 2023,view_pdf,https://webapi.bps.go.id/cover.php?f=UvmFBebyaPuPrFob0G9y+ndydXFad3RGamxwRkZUa0JuL2ttMnN0UVJCa1RUNzVNUmhTYS9DQ1pOdk1XeW5HN3BYK0lyNnM5ZnRzcGVTTTRmajlvN2JRa0VYVmdXem5WVi9qUUJ5TmNZVmZ1MnA3SHNqYnhraTVDWUEzcGJvY0EyYXlrSW5Ld0NpK3B6Vldm,https://webapi.bps.go.id/download.php?f=/FDxFtr6mjEI7vqsQfD3y3ZGWUloeXN0SitWUEJBbjYxZ0dYNTZ6aHBpMHFGd1kxSVhWU0dFZVZ4Uk96alJuSVVXTmsyaGJubm1sc3pETFlRMzkxUWRDMkVLbHFoOWg0RkxENkk4Qlk4Mm43MkRqTklkZVVIQ3FJZFNRa1dYSjVzUlkwRUF3a3B3OUVyWFg1ZVI1SWxnOWdjMzI3L3VqWDVIU2QrWXhOOG9NbVVVZ0dlcTJLSmlsRFMrQjI0cVlFT0t1OHBKcEJpbW05TFNCUU9BMUhiRFh0QlVNb0gvOUNKd3p2M1VrSEcwQjgzSXlDUGJFM3NNQktRRGVYQlNkKzZYMEIvOWgvZGZUNnFQOEw=,2023-02-28 00:00:00+00,publikasi
9024add5-5b04-4cc9-b0ef-c29a0d12c32b,Kecamatan Lowokwaru Dalam Angka 2015,view_pdf,https://webapi.bps.go.id/cover.php?f=OHO8K0Ud4RsisybXsPsEDXhXU2pNVkx4VjVZVHE4ZzFSUzdobjY5WThSampUeFY0emx6TWZpZkNjaitVRmtsUzhISkpjejVWTTBOSGM2V0FzK1pBOUo1Y283MHVhZWVKaWFsUmlyaGdYQkZvS3R2NEZQem9IK2FhVHpnbzRwZ2pVNWVaWUhmSWhrazZEeDFp,https://webapi.bps.go.id/download.php?f=dz7mIeaen92XWEICSJKbZ3dLR25LNlhVaWJDajBkcThxcUpaQnF0dUNqOG02cElkVUpmTmtGN0ZHd2x1V3NDd0NJQ0hCcU9lUmRXb3pVVVp2NFNqc0taYlpBQmFhQUxabkZDTE8wVTV1anhINWZadnh1SGgvSCtibG5UamttQ0xaVjdnSi9QYWRONmpLTFBGYm9RMEt2c3d4RllKSXZCRWZDaDV1WmVSQ3dJRW1PVEsrVmFQTXNoM3FlOC9zbWZlSnVtWmcrSGwzdGprbjVCdzIrdmRrZ2srWExyMlZlK2xON3VLNGpJc01hMkZObnBiYis3ZUZ2dU1SejNIRnlVK3ZsQURBdFg0RUV4TFNIYmk=,2015-11-20 00:00:00+00,publikasi
903df822-0efd-4258-9a68-8fbc0c4ad103,Perkembangan Indeks Harga Konsumen/Inflasi April 2012,view_pdf,https://webapi.bps.go.id/cover.php?f=peucT7Y4dnSZHcnIgWMIPkxCdlNoYys3N2FJMHdXZ2RlOFBSbWNDcTEzTnZ5VVEzZWhISFhYeHIzRERCVWZSMnVjdklKakRCNGt5ZysyQks4R2srYUFkRmR0TGNkQUpobHVrczh3PT0=,https://webapi.bps.go.id/download.php?f=0HizLBKmkdaNSAsAPKUOYnJTUTdSak5kYk9VcUhnaDFib05jSUE4b0tCY2JqRWVRNGlFSXpqSHRrWC9TMkVKeDZlcDBpREdpY1YvT1lIYjlCMnJDUTJVUzErRUVETGcweHFKS1Y5c1F2VEJrWWgvaTlRdlBnWjNBaHZyUWxURko4NTlLNmdicTlnbVMwSlQ1NzcvTVZHZmJVdGlUcEVYVnJnakFFUFhTMmtBYnJXVkU3ZlJVcVltaFArTEFuNnZaTXNvc0xZb0hmb1NMc0NUa1R2MmV1UTltWFBScU81NEpDdW5JUWhwWEl0SXZxOWtsNFBzL3Fjc3cxNzhrUXVPYXV0Zm0yREZqZlRsQUtmZXlvTW5qSGZrNWhqYk4vWUZqYzAyajBuQmpGQjhaa3lud0h0endJQ203U1BlZmVSMW9oY1ErY3QzU2F1c0JhMVhPMHd1ZUdHb3dGczNsNmJ3RUZwNWw2VElQaHdoZEMreHVKOXUwTHJJY1AvdmF5c3Brc2MzNmlweTNwVW5FY2J2Rw==,2012-05-01 00:00:00+00,brs
9082c596-2438-454e-b877-2de99229858f,"Mei 2025 Kota Malang  inflasi Year-on-Year (y-on-y) sebesar 1,36 persen",view_pdf,https://webapi.bps.go.id/cover.php?f=6e8F+J5AEcX7Pw4KG9WcmHh0MXY4ZnJWQUsvTmtOSjdweTV6S0J1RGhhRmNicDNsb2lYVitvb0JzZmxRLzZ3UGNkUVIvL1VsMVo0TlAwOHVYckV1L28yek9NVy9jdkF5MU1CZ0xBPT0=,https://webapi.bps.go.id/download.php?f=sHBqi/GbY9HnNNSQtSloPkprY1VWV0Qvbm1RUzVCTVR6Z205OWtRdStUNjVrdnNVK2hrb2g1SkFuSXBPc2hjVDVxMkU5T1NiZWlYU05PN3M2eDJCc3RJcnNBeWkrWTVUeS91KzhmTUJCQlk5b3c1M2d0SWc2VTBXVUxJNW81V01ZTklDMHgyTUZVSHpRRThIb0R0eFZvMnZLZURSZVdmVm8xb2sydzVNaTJnT0d2SXdia2I0eVNFUkVCUDFyU3lxbEVTSDhsVmhkNWdmSVdQNFBDWTh3dVpQSFZqNlpUYVJMSWxhUlN3QVRjeUJ4amlPYmkvSnBUSHhhVFE9,2025-06-02 00:00:00+00,brs
90e3c4d1-d264-45dc-8ef1-1197c5e07f20,Statistik Daerah Kota Malang 2021,view_pdf,https://webapi.bps.go.id/cover.php?f=sFF09mLIGH2WTJPHw5ylWG44U1NpSFU3ZDMweWU3UkhReHBTOFVYaUlzbXdxNVUvc1Q2bjl5YVR5Nzc3czZaS0wySk0vYSt6OEFwcGtzZ1JuR3RaVkFGTk00bGRGSTBOb2hTc3d6cGMwYVJwdXArSlAzRTdsZldWMzZSdHNkUmZhSmtESU1xWWNOMzR3enZh,https://webapi.bps.go.id/download.php?f=U2uFmDHO43vWa+0lyXAz/ktLbDVYVTNaSmhqU01jMFdOME1Hb0w3cHY3VzZ0OXB3SGdvNHhQRjZJMkFpeGIySHRsR0FaWlhicEx2Q2RUL3FORTBkM05XVUkwc0hlWlBENVU3enhFQjliaFRKWm1ndDRvd1p1Sm8rOGwzaHoyamZ2SUs3R25IVTlLaVVEei9CUGhnSGVZTEdUTkFMdytNZ3dsWWs2WHlya2laT25vdStBWjF6VUJPaUtDR2JYaDZQSHNpVE1Yd3NGR0N0SUt4ZEVlQmE3ejVhNDVEUEJpaTVMRHBKVmNnVDQra084T21xQk5RVWg0UWdaZnBSYXBKcGNCVlhoTEtRL0VKN3djeU0=,2022-04-29 00:00:00+00,publikasi
91042722-60ce-4ce5-97d8-409e9445a5da,Kecamatan Klojen Dalam Angka 2019,view_pdf,https://webapi.bps.go.id/cover.php?f=69z/NjlVz0FIjgGilyopV1dLWkhZWDNtSkRURG43d1RRSXhndU9vTEVrL2NJd0RaUnp5VlcrdFpPVUFnVmVZNUhoLzJGcGI0VFR4djR4RUZnR3JzNzNCdTVwRHhINlpVVmVsUzc5Y2RmNWcxRzJ3TXhvUjNsK051bnp1b041TzFLVFlERGVvVHRYcWtRVm56,https://webapi.bps.go.id/download.php?f=A1Tp7kuvGKKMAn6N+QEhZUhsTFRhaEFjNFloOEFlMmwzQU9rQ2NRUGZSTkhBdEsxNkk2U0lralJ0NjNlK0RmSDZpMGtNM0E5Mnh5c01LOXNyalNuVDE0SER1c2xaQ2pzZGg2bHNOMVdIREgwOWdPUUlzR2R6b3dsSEpNN0FTVWVETUE3SmR0K0lIK0R6QUlUdStGUldwZnk1cVh1dkljNlVQREpya2Mxck9abDh3MVd2Q2ZzUGhRQ1A0RHBMYTFTMG1ieU9UYzJYTDZCOFNaSGptUmErRmNRK3lzdVhpMlNhZGdnTmhWZEUvcGFFbU5VRklFUzFudVlDa3VUak0vd1Iyb3I0cXhGUUhheGxTRFg=,2019-09-26 00:00:00+00,publikasi
9119f52b-fbe6-493f-8838-e49f12393c22,"Luas Panen dan Produksi Padi di Kota Malang (Angka Sementara, Hasil KSA Amatan September 2(1)2025-11-25",download_file,https://webapi.bps.go.id/cover.php?f=EJ3vuskn/VjmMS6ZhsEMLFd0bGVpT0J3WWpKWXZ6b044OS90anVKWjQ0S0hDYVBzZys3OXFEVVBaL3J5dUNHTzlqd0RURXBDZGF4YUNJWitORjBaYmEwdlZaaEdtVTd3MWJEallBPT0=,https://webapi.bps.go.id/download.php?f=p//XrzK+Pw1aGHdP5/YOVkNFWXJCSTA3cHFuOHVFdkNhaGVONkhsdnM0OVF0OW1DYWdxK0NDSnlqanVNMG00bmJIRkw1WTBFREFUcVAwQmc0WnRDemJrN01vdGhlSElNZG1GWVJhTUQwU0VEeXR0d1FOa29HUSs4c2xhbEcySndlNi9xZVBES2N4ckErcytHb2V1WnkyOW1LS2ZSeTQyM0hlaWsrM0lZdHZmZCtXYUxiM20weTdYVCs2dVlTNDN0NDFzeVZ5M0JZSVQwZlpJQ28xandXdlRoSVg3NDhVcVE2S2xZdllud0dOL2NjczZYSElwbkFPdjg3M1E2TXRKcGxPMUtpTCtsT3E1bHBuQlNzWWJGT0ZTL2dwNERmSy9LNVVwOVpnPT0=,2025-11-25 00:00:00+00,infografis
913d67af-df05-4464-b3f7-2165e1f14e9a,Pariwisata Januari 2022,download_file,https://webapi.bps.go.id/cover.php?f=qbl/KdVRE2e/1mWcB8qF0S80bUt1UlpXMUhnRWplZXVKL2N1QUtyNU15SUhvKzJGL0lGN21nOTAwUnFBdWExTVpLbm5PT3RPd1VGcVl5Mm5KU1FWR1JMcXdiWFJHaVdPU2U0VFhtZ2pnNWpoWWkyanA3cXRUd1ZrS2lMeFVCVTAyTmkxbFJNWGlkL2FReXVu,https://webapi.bps.go.id/download.php?f=FdeoId0ZHYh3seri/oYMJFhIM294WEdqdnRPYURPY0haNUFLMkljbVI4MGRCK1hxLzBwbWtocjROTkpGZUcwMUJYMXB5OThFd05RaUR3eHVGanBlUnNvZDJzaWp6NU9EdlFzamJDYnlXb0ZqdVpwYkhhRG5UdjE3MTQ3WHQwWlBjQWpudnlNV1YxOEhrU2htQUNId3l3RVF0NDNzMVV2WXdlZVZlZ1VnZ3JWR3RWUW1vc3VUaDhzV20xeG15R0xnUHU5MlhiVEs2Y0kwc01SZHF1ZUdVRC90Ym5TQ1ZIbWNCSTY3Q1E9PQ==,2022-03-01 00:00:00+00,infografis
917fb902-9f99-446d-8a34-bb86923d1fc3,Perkembangan inflasi Mei 2020,download_file,https://webapi.bps.go.id/cover.php?f=f1PdSh8baq6Cpg5HPkCIJy84ZHVGWFNjdE9aa0R5ZGp3czFYVHhzYnlkdWlGR3dPNEFCYjRjenZQUEJBcG9Sb0s0bFRsd3BQRDNwQmh2aENINnNVbnpVRmU4aWZDSGFoejMvK290TXJ2UU1KSjByemRzZlhzNHRvaTRmRmNmcnhPaDJnZEZVbWdPZE40b3B1,https://webapi.bps.go.id/download.php?f=zDyvpG2RNYZVtMWvHzs1iG1vTGNFem5sOHVUak5mVzUzNitiQnRUVW1KWTZxZEpBaVNVTlg1OHZlOXBhTHltdnJ1ZUVzVFJhVzBOZVB2bnhqVXcrMUlIdTIyNWRmQitweGMzektyek1obURESXNVcHY2UzF2NjRwRmxNV21MNG5sV240cmFqSXVlV1g3V1FscU5vaHkrYkI2cUdSU2JlZ3ZPL1VkU29LRFZPRFFld1lHdEFtYU5aOGIvT1RTWEpEVXoxNFJ3eDg4U3A5ZXoxV3FaYU1UcFpoNzBjcmtMYzcxNk15bWc9PQ==,2020-06-02 00:00:00+00,infografis
91b4bb32-692b-4fe3-8845-f8fcb7571f1b,Produk Domestik Regional Bruto Kota Malang Menurut Pengeluaran 2019 - 2023,view_pdf,https://webapi.bps.go.id/cover.php?f=8CTDTcAbtPAfLG3RDOKlPndiQUhqUmZ4SHlQcjRuc3NRdWxDQUlpVVExZk95T3h4NGNFWGxiRi9IRFgxYVRqYk5mYjNnOFNLTmlYSE9SSWtlR0xMNm1POEJmSXRNblhHUUpBU1FZcVE3Y1pjOGIzMEMxZ2p1Qm02T1pFSDIwbGhKNU0vRGFpd0FaVkFOOS9a,https://webapi.bps.go.id/download.php?f=3MpiIl7zl9t/SwymRAVlq2NQM1pvM1E1QndvYTZNTnlKeW95RVpFNzdOTnEwK0N2UXREU2daekV1UnZCVjRxVXdKRDlwR0Z0Z21ORzg4clh4bDhxQW1NV245SlhsQVVpU203ZVU1eHhTRmE1TlZMYkpKME1RWEpyNVdrbGkwaDArdUNCZ1N6eHJ2T05DSTJlNVdhYU1kOEphckVhUmFmQmE4M2g3bVlJMU5FZjhLT1Raem5HNzFCOUZYMGJqcnlCTnVlKzZpbkxCNUxySnhwbVZqUEEvRDRpc3djS2d3aGx5SFVtU0dwcXFWU3NiOWNvcGpJYnFkdDR4S1lZQmdqS0NNR1pPcHZUNHg3R0JLRTh2cnNtMFhUcVhMTWk5T0txb0xhOTN6WHhkTGwrNEZoMmY1QWpKcHdvbmVRb0ZHd2kvWUxHS1FMVDhsL1dLOFVv,2024-04-30 00:00:00+00,publikasi
91fbce5f-1ca8-488f-9601-315b08f8e2bf,"April 2025 terjadi inflasi year on year (y-on-y) Kota Malang sebesar 1,49 persen dengan Indeks Harga Konsumen (IHK) sebesar 108,2",view_pdf,https://webapi.bps.go.id/cover.php?f=LIS/TfvD/pSt4bRkwG7zMENmemJRM1ltQjM3TGFydVpsaHNqZCtXa1B1ZjhTOW5maFZxdVRDTG4vR0dFeTYrdEhIRytEcW8rOUdZQnI1UmwyMGdLc3k4WExESElHcEQ5RU4xdDBRPT0=,https://webapi.bps.go.id/download.php?f=RH4lYy4lVpgWHJIe9IDMClo4bE9XK01XRjhsZ2hGZlhURGdvN2NibEw4aWZWWkdxWjA2V3NhRGxmQktzSUxZWnFHQU1ERG5UM2o1MndJMlo5VDYzOUwxM3RJSERoenRMRW1mZjdVRFVrc09qT0xIckY5Q2tHTHd0OFA2VXNUMjZsL1h4TlBMTUpHOXh0VFpodXc3b2FseGJtK2s0TjErZmxBdkNPU05qZXB4Mm5nQlF5M2gvSEFzU2wvU2gzak41UE9xQzF3R1NEb0IxZ0hqOVpBRTcxYXUzS0hpbW1EbkFoaGE4cENhcTdXV0d1UkFZRTVHajRiMEVIeFlBN09FRzIyRkNzSjBZeXNqWWZvTWo5RTJLSDZ1M2VMVXNEbjVJSG5UbVN4bFZkNDRrN1ZQeVJiZ01jNlhUb1N3PQ==,2025-05-02 00:00:00+00,brs
9232597a-e625-435c-9c0a-2292447a4daa,Statistik Hortikultura Kota Malang 2017,view_pdf,https://webapi.bps.go.id/cover.php?f=B48R8vE6aC9uGIwdR4EOdE1aeGYxT2t0ckM0Rm1HeHR6OXJXQ2NmN2JTbHF2YUlJaWNtVGdUMkc2ZFBiaGNmN3pDdVFESldIZHcvNEFQbkdWL0h4VDRYWUZRVEJLSVJ0UEtOTlpnYUdESGxsZU04OVZJSGhyMldsZk1rK1NlM0lZUmo5U09rbnhvZkF2d3N2,https://webapi.bps.go.id/download.php?f=ZtYFt43L6MTnkUq64CjZrlViNjgzekxhVlIrYjJabXlHUFk3MVAxQVQzYlg5M2RvTkNXVUlFRWFPYXRKdjFZZGprWWRGTHQyQ1dtL1FZNEZSdEQ2b2p0OHFVRVRNTE9SelB4ak84MG5Lbm1Dc1FCK3FoVVhGRHplY2h6UCtCNmdWKy8zcExhYTQzRGJKNjBzbFNmSk4rZ0hiTmlJWXlrdWUycTFUOVUvVVJNL0FLcWFaSkxLRDBEejhORVhrQ1VGTFJackVqQW45Slkxd1hMQzVjSlArRENFOVdRanUxbVhkVmVXVVVCTTJjckhVM0VwL2xXUHRBZk9HTDBzQ2tXUGs4WTZITzFRMnQ1MEp1L0Q5MlZ0eXdLZkoyNTRlUTErVnZYWUtnPT0=,2018-12-26 00:00:00+00,publikasi
923c9868-ba6c-496a-925a-3600c436b983,"Januari 2026 Kota Malang Inflasi YoY 3,33 persen",view_pdf,https://webapi.bps.go.id/cover.php?f=m1iuu7HHSnlAUePHSx8MonpDN0NTeEJ1RG9FY1hHblQzKy9PdXVwNlB3RHhvbFgxMjF0VjVaS2JFQzZrZ0F4SU5HQ1JLSjFZWERRd1M1a0VuVys5aXJBZGpobzh3Q3VGRDNSaDlBPT0=,https://webapi.bps.go.id/download.php?f=OyysENFc0fhpghowxiabBkNVVERyZzcxS1JOUUlvdjJGZEQ5T1VlbCtBbmFRQVRWWFBCOFQzN0pXU21iR2JFU05LM2RtL0o1bGwxMHdXK0VEMHc0dHNZR3BnSXJJQlg0RDJFWlBXZVFVZXdEUnd6aUF5anY1REEzMHJOd01iUzBPd1RKQzgwN1JSTi9ENVBGYVVmMllrTzZsUGlCb0h4WUs0RklMRU42QjBTL3hhMXFRN0ZMd0FSLytEeDJ5dXJWaGtlbExFUzJERDZyT0UzTA==,2026-02-02 00:00:00+00,brs
92409d9b-613d-41b6-9ab1-8c11f1dec353,Pariwisata Juli 2022 Kota Malang,download_file,https://webapi.bps.go.id/cover.php?f=wSrIjV7SMA0MxWnxdEMY8kxlN3pxR0x3RFJ6SWdkRFZYYlNpU0l5aVZlWURvUVh2Y2IvNFN2ZFo0dEZhZ0luSE9zdFJEWlBSaWtZS3lqZmFwcHdtdXJqUU1WOVpEeXZvWkd6SStOcnN3MmtZMjhrVDdUbWwwTUxzbVl6d2FjVWdJclFMZjh4Mmw0Q2crbUJ5,https://webapi.bps.go.id/download.php?f=wf8W+6QT4vurdKmkYLkkMXkySjVvMGkwWDQ2SUlNakZnWjEvQkdYcjhSeElaQnI3SEZkQW5HY1hoUzM3NUhEcGZGR3NLYTEzNlJUcnd3bnNtdnJRMFgzeFBCUWk5ZDc1bkVabjlHTENLMHpzeGFnQW9RT2g1KzNHVkJ0Q2FJR0E0S2dLVU9MWVV2MXNmeG9vMmZpSS9Pb2ZPUitKTE9IR0ZNcU45dHdTSmZESS90Ylg4NUcxcVF1b0F3cVd1WXhNdEFvQ3dBVXJuNVNHOXVOSE9NZ3FqU3FKZVFTcURkREltNkk0aFFrWGZrdWt4SWo0djZtbWE0SEZnbWM9,2022-09-01 00:00:00+00,infografis
9276d5e3-ad80-448c-b7a7-1fc3b9d9a301,"Perkembangan Pariwisata Kota Malang, April 2023",download_file,https://webapi.bps.go.id/cover.php?f=DN7yflozVMNcFu3QK4pFBFdub0VmaW5yOUxYNy9lZmxFSmVFaXhwYU9qSkVxL2lJeVQ3MHlEaGlndGtDWkYxQ0pUMXg4eW5rQU9OTXpjUk9ONEc4V3J2ejlJVEFvUE1vaThWMFBBeEplcVFaQlRiVTRucllsS1NZS3R2Wm94Umh5ZVZKcnIrNWp1N2VFRkxPbHBBNm1lM3JmbmdEZ3BUMnRUbi9TZz09,https://webapi.bps.go.id/download.php?f=xQQWabBTljynvCQFdbUULW9TYUFnOUVvYStxMVVEdVJkUHR0ZzhrZCtnQVpHM0VuUUp3dlNJYVo1endYaWg1ZktIb3NZb1pBcWdRWWhmaTVFQTRpZUdQSGY4Z3kvWjZmdkVwV2tadlZ2bDNmYnFDRDgwNnpCYzY2dHA1UDZJclgzZEMvckJjVm1iL0duOUNWYzUrUloyQ29JMlFVcVhtQXRPalBHeWZMTUl3dmkrSzJlQTVLQk9JTkR0by9uT0g0RForQXcxY2RZRDI3dUEzV2FZbzh0WDJYUko3d0FnaXpCMnVQcVlES3JWR2V5eVoxb094Y3B6WWJMdzE2THR4V1dTVkx4Q1JxS3NXQ2NMcXRIRDlYdjhQZzluZGkranR6T0drWTZnPT0=,2023-06-05 00:00:00+00,infografis
9287d946-fe19-4cc3-8fc1-2a173b39806f,Kecamatan Sukun Dalam Angka 2014,view_pdf,https://webapi.bps.go.id/cover.php?f=3VpvWYdA42AqX3hUxQPtwFF3bVZzQU1LcWJHN3JTTEdVR3pVNUkzaWxVUmQyL0JPWEpmMVJWNk1hRzZnNU9rMWR6WmxEVUhrLzRRQ3h0UWR0RzlLQmo1VE0xNlNDM3FZbUJsT0t3L0RuS01aOTBzR3dGM2pVMFlETmt1bys5cUNkcS82dTI4cEpWUjRldEVk,https://webapi.bps.go.id/download.php?f=Vo+dZBSvHRd0Q0kXLO7mE0hkNDVwWDh3MVVpSVpYY2VLUXA0eVAzMlBjbzhCaDNJditENW93end1QlcrUy9ROTFFdklRWFNVcCtrSk5NeXhyMkdWV1lNTlRibThwSHA3MlY2dGpObStvNnJDNWhBUXFoc0xFZEt2YlYxajBKMXB1d0pkV2xaaUFVUkxKWnVmMC9yRFZaUWpTU0t3REc3YTNibnp4cWlBVVNEM2gxRTRSUUdhandSNlFtanNnOWhnT2tVbjNqcVQ4d1JJSFFxVmgzUTQrcVZRTG1mRHQwR1NwV1hNbVk1VnordStveU1oMUFKbkFzWmhMVmt4ZWM2RTZzKzVSUnRtdnJLOXAvWG4=,2014-11-19 00:00:00+00,publikasi
93297b81-adf1-4fdc-98b8-809061b98fe2,"Persentase penduduk miskin di Kota Malang pada Maret 2025 sebesar 3,85 persen, mengalami penurunan jika dibandingkan tahun sebelumnya.",view_pdf,https://webapi.bps.go.id/cover.php?f=mVqF6sdgCEQ+EBELdnL5/ExlS2U5SmdxaWt4emU1M3IxQmlidmM2SVIzc1ZVY2dpWHkxT3piYktmR0JuYmFtMlIzb2lhM1RFNHNZTnZIRzhpWmwvSDIxT0JZczhCWjZLenA3Vm93PT0=,https://webapi.bps.go.id/download.php?f=I1vj/2etq6UBnlUan/umG200K3hoNFNBa3dCb2NCMTgyL25uSGgvTlBDeWdtZGpnL0ZlbTVMbGtMUSthazBTZGxXcFllRW5IYXdQbHZ6MjZTUG5SRTdiYUNYcGdQRGpDdGNmd2Q1RksrbEZKQUxCUm9NOVdiNlkxUk9wNURVQ0RIRXI4UXZQZVNoZXRLS3BDdC91OUF2bDAxOXIvY3QvTExrYlpKeDczKzhkNC9HTStXVDE0eEtwUU90L0VnaDVlSjBJeWplbDF0WUVlUnI4N1hOajUvSm5meUdSWGlwenZBRmVwdHE3N3lwSVdzVUFuWS9FREl5c0tKcHlwMFNXZTZkcGVJV3UvNmZWRFNrd2RrSWd6UFpwZ1ArMGRhRU5UWENVR0RaLytCaDhiUGRqZmhjUW9ySXV6b09ibmZZaGdTSFR3c21DWmc4eFZabGVh,2025-09-25 00:00:00+00,brs
932c995c-3352-49b6-a38a-385b2dab6892,Statistik Daerah Kecamatan Sukun 2016,view_pdf,https://webapi.bps.go.id/cover.php?f=nygUnrGdM47WryKSyb1CJUt6Y3Ayb0xWNnBLK295bEdydmxBemhmeXZDc2pWZjVNd09xVGRvdERGcVQyZnBJVkRiTHdwakQ3YXZCL2hrT2U2eFlNanVJY1JrRXZMYnI3TVBMWWpLaEcxWDdIZmNrRm1ib1dRbGl1L2xFcUtacGxqZFpoS0ZXMEx1WWxxL2No,https://webapi.bps.go.id/download.php?f=6RZoN0mmnYAb8hQvM7GfnEtCWDQxUkVLWnh4NUpLWjE2SjZBTkljK2Z6SXB4MjNFbFROZ256MEtVR2hvMnh3MFVWOFo3S3o1T01NQ21VYWh3WnNnSmg5NzNDNGlESWdaemE4enJPdlEwd1N1dFd4MnBXUWZZRGdiUWJnOUlVdEYzckZPdlBKMlRhM0xzYVkvOGx4cDl6dHlWRWZZMUh2WWhyeGpwQmRPaXdTQlRKZ1BJTGtLa0NZS2ZjZURwbmRsYWV5MTNpd1VvQzIzcm9LeG5GekFRS3dJZU9pZ3VCQklPbGh5MkpsMmdrdDdST21SZVYrTDNuQzJwMXVMMFBVcStrRTh0ZUI2cmtidGNjcXU=,2016-09-26 00:00:00+00,publikasi
933f150a-99e2-4394-8e94-e220ee25a520,Perkembangan Indeks Harga Konsumen/ Inflasi Mei 2019,view_pdf,https://webapi.bps.go.id/cover.php?f=YF2EIdruhMyn+9a7iU5l73E2Vi9wM0JtN3I3WlVtczlvcDZwZTgxSit2Rm5BbjFwbEs2RWpjYVYxUC9sbTM4SXlvRmsxc2V3cU1PRHpJQTA3SFhneCtlbm1CencyWUNWZEJ2cVVBPT0=,https://webapi.bps.go.id/download.php?f=5YJM49mAZklQI5OZahQyWmpQSkQ0dkd2eEtoRmlQcytBa1Z6MHBZVmVVM3dyMVRTVFFzb1J6K1RmNDdmaUw4K2p2VitrUjhvNGFiQS9oL1pkUE9vTENtVk5vR0lBUHN0TEFGQmV6Sk1ib25BOU96Q3NGMGR3bnpNNjNmWXN3SGJSN05waHN4ZkRFM3Q1NjRNblA1a2xaQlVjSkE5ZHJod29BYkVXYlQ0Um0vWDZaK3BiQVpXY3VvV3hpUjBnWm5CZGp6b2FubitReXlNL3ZJZG9oc1VzT2NodE14RHM1d2xucHVIbnlHVmxyMU9zK3lqUyswWWUvYTBnYVN6SS81d01aK1h2MGFkNCs4NU9PNTdEZ1M1aGFPWU0vVCtJUlA4Q1JKUm9YTytaSzJ4SDlYS0xrMEFQWSt0UExmOWlNSzh2eDFXQTZ1c29VU1BjRG9ZL0IwNVU4TnY0c1pDQWRMZ2RBMk15ZEZ2aWRUWUpFeUNjZTF6eUttam5yM0JJbGVaU0lNeWFYWlpnbDZteHpjNA==,2019-06-10 00:00:00+00,brs
934eff52-23c2-44d4-bbb2-61dc73fc1909,"Perkembangan Pariwisata Kota Malang, Februari 2022",view_pdf,https://webapi.bps.go.id/cover.php?f=/3zCshouf2TdfQizle4gZTQrbm0wMFJCaWw2MUZ5N3NUcjVBaE5ycXN3NVJwWm0wQXlWV2x0U0dDT1ZhcmZzN1cwbFdXNEdzSmhsTkNxbWFBMVM1UFlWaDVVeTRtTlg5dHRjUy9JOXNjRURTTDZYek5EYXBXdUJjYlBucUpGNWNZNTU1QTBReWovdW5lbm0v,https://webapi.bps.go.id/download.php?f=t74+E8cyFXMAMJJGuCCKWUt4UGZQSUZHWXptVHB3QTEyc0dJbDhSN002c1BxMGc4NS92dzNJbUNVd2JjVGxpMVYrblBVYk1LejdhVGRCTXJCbG8rMC9wNjhYeW14NXJNWlRKVW80S3lRdnNWNStpUmU0emJHZ2ZhQ2FGUDVZVlRrb3VNNmU0dTVMMmUvRTIxbWtUNG1GWFRSaFNDZE1LWXBUWno5VjU5UFdGajJ3eTZWOWRTUTdqVExLUjdlaUxRSGFFODYzelNGanZsTklkakx5VURLR1JrZmcyNHRUWFJhVWo5SEpzbUlpWkdBM0JwRC9ER3dwcmRlMWZlNmVzZXZYMUlXdndiNEZLQ2gwMUxBSWdvQVFGRmo5WENDWVRub3A5dVJpUllxZVpBUW5xZ01MRzFVTTZFektRaEdYWW14MC9OWGRubXBkY2xVK0dTWHNkNXNiMjJpbFhwU2VJU01xMDltL0dqZ0N4ajRVekZRTk9IdGgxdHdGUG11d1ZWSlhqZUVpaldEc1J4aGtGdQ==,2022-04-01 00:00:00+00,brs
93fc9d3a-e2c8-4040-8bc6-0ff180af8f52,"Perkembangan Pariwisata Kota Malang, Agustus 2025(1)2025-10-01",download_file,https://webapi.bps.go.id/cover.php?f=4+H9kKdO8Atu+9HgNklu+0FLOVMzTGNoM0Nzd0p0cys3SER1OXlpekZMNStxME5PMlZmdUVQb0N1YlRCVWZPejdmQ0Q4cGErb0g4SCtaR1A1dU5vQmcydVgxcGNhOTg0UkkwU3ZnPT0=,https://webapi.bps.go.id/download.php?f=vY7zo5N3gE+NgSZMsLeQ4kk2TlFiNnZZSnpJRW9CZVZmanMvbVNYczlTZ3MwSmxibzZuTkpnUkliY0JrZFJRY0xhd1hmYjVFQkw1OFRkUHphS0lKa3JNSXlNNU44NUR1WEdOaXNJajJoK3N5TWpYM1pjMHhtanN4M1pabmN1YVRsODlpWkxTd0EwSUh3VGRaby9za21PcjQxMjNuTEg2TmQvWU5LV3VEaG5oeUVReHZUck1tZ0wyY2lUZk1mcmpqb1k2bzE3dGdQYTF0cHJaRHZTVVB0blJaanM5c2cvY3dsN294Zkh0WTZGZzFsbEFaV01nbmFkVmZsSTA9,2025-10-01 00:00:00+00,infografis
947eb93a-d638-42f6-af81-d4aeb23a2d1e,"Perkembangan Pariwisata Kota Malang, September2024",download_file,https://webapi.bps.go.id/cover.php?f=8QKJghL6RsKI13qZUHUjDkVHNERZTW9tUTFPK3kzbkdSOW1vVlU3eDlqOUhGYnlQWjNDcEJMQkx5QldKNklqVVpxQlcrQ25yM0tZQW8yOG9pNklkeUE2Y0JLOXo3WU4vWUltYUtONElOenRLb1dsT242WTkycjd0K0RDMVU1dVM2T3dmTkFia2dSSEdBM1FYQm11TnhQdU9hdUtOTFJHczVpcTE3UT09,https://webapi.bps.go.id/download.php?f=WK+LxWKfjUqxZKk5MAU2VEYxVy93MUdsRGp6Z3RleXQyLysyODVzcXVUOG5zclNGM3c5WHEycnJrV0xwaW45NHFCMTdwOUhRZEQ0S3YxbUV5WEl3ODhJUS9INVBobEl4RjFMUnl4dTc5R0xOcU1WS1Z5bXo2THU2YllGNGpTUjA1cXA0Wnp3ZEpWT3E3djY2TklMT2NxRjRJSFBaSkE3b2h6VEc5cTdId0I2OVZ1ZnE4YTdDeDdlSGFVZlJoclY3MndsQUVJelFmRnBTeExPcDUwQzRMd1VYR0EvL0l2L1J5U2h0NjFVS0FRcWRoSkkwc0xYemFDRkFSekZXeXZKQ0pjSXl0M2pxMTFqZ3VnWDRMNmNhajIvMzN2aWpUbzBZa2hZSlVRPT0=,2024-11-01 00:00:00+00,infografis
954126ab-b311-4140-9b47-5cc3deab6f17,Indeks Ketimpangan Gender Kota Malang Tahun 2024(1),download_file,https://webapi.bps.go.id/cover.php?f=2Awj1QDRfRI+OFehIv9RmzlvKzBDdzhRcVhCeE9nazBvWithaWQ1UndiU3ZSNTZ3SWszY04wdVp3T2M3L3BMSnBwakwxZmo3UW9Ydkd6QkVlSDVyM0dubEpGYnM2cnJmUTVUdFVRPT0=,https://webapi.bps.go.id/download.php?f=A7n7z6yeBvudij4ID4BYP21Hc0d4TkJCeEdlSlZOOXd6UHltK1piK0N1amM3dktIN3pzZk1JOFAyYktjQ0tvcmRLWXcxT0xqUXA2NmlIdUgrTFJzcXp3R2lsT2dXcWdXNHZBMHR6TFY5VGtwb1p6c3kxcExQOXhHOTlyLzEvL002Z2p3eUJZTElGVnV4dFVmSWdnZ3FhdXoyOVhoUEZsVXlMMDRZSUFwd2tpYlltR1ZqSUdYUzRGd09iS1FwV0ZQZWdWMUY1UStXRkRucWJlOGVCRFFudTdRdlA0STVkTmdkd2Z0cXc9PQ==,2025-07-01 00:00:00+00,infografis
957b0ff3-03cb-46bd-bf2f-3c42058b9d87,Produk Domestik Regional Bruto Kota Malang 2012,view_pdf,https://webapi.bps.go.id/cover.php?f=np+Xd93VkaWF6PEoqSmMMHh2WFIwQ2doTkY5SnUrRFlVUzhMT1V3VUNFaTNxeDJoSytNTkZiUTFwSmN3cUFyMGZzQWJuaVEvZDB0Ky9GMmU1UWF2NDE2ei9xUW5zNWo3VnVLaGZISXRRNTJ1U25GcEFZUEZHYnd1K29SRXlvb3JscURLblY5NmZ6SklqKzFp,https://webapi.bps.go.id/download.php?f=DV6Qh+KinLbKQCL2JR45sVRUZlB6WVVRbnpFOTJXZ2dNVVN5RFc5THJYN21CeTcwMmQ2UkErTllZZERjRFd6RGc1SFYyazQ1R2RHbXhvQnNCVGVOdkN6elRFWW80Yy9DSU1HUkJKQlZKckd5TWlQN0xiaG5NNWZpZUZieENTSmVDb2lmdUpUWS9Va3hDYjFhVlJ0YVVhajREREhoTk5TTFBPWURaUjNkRXBRK01WNFpZWTZaTkppd1JrKzllVWlXWEFrcDJVWXJNMnFHUkNJYVcxQXN0OHdNN3hMODBqNzFEUXpxQjM2dFFRWTc3THp6ZE5ldDVzelN1aXZMVWZyTTRqM3daNDh5MWRMWG9JcG1jN012SFJqR1U4dUkvWDR3aEJleENRPT0=,2013-10-01 00:00:00+00,publikasi
97fca48b-0dc2-405e-a188-e37baedf9472,Perkembangan Inflasi Kota Malang Oktober 2022,download_file,https://webapi.bps.go.id/cover.php?f=CjeijGbPqfAq4mHaLratBFMrSXU1RGhENFd2eTZBYkpYYWhjSG13RFp1VG5QL2lMdUVmcVVPUkRhVm94VkpkMnFMSjVBY3lmRXlJM1llVU1mQURFSXF6V2NBT1ZIZExDMnB2R250U2tFQllSd2Qvc3U4aFRWMjVvM0hRYk5mSHlsSGNTRFJ5UG9wNDRJYkRLaDgyQXdsOXFROFh5czhreFZlTm5aZz09,https://webapi.bps.go.id/download.php?f=qx+lbL7zgyszP4K+CYTCuUJCY2dGYW5WdEQrNk9UZXVSMm9FeXYxU0U1RnJtbWhUTUVQejcwYUpxM1lLY0UvOHpPZlZKa0RKS25yWS9sUTE1TFE0d25RS2hwaW5Ec0FORTgrUFhwNDBZZy9VMnE1VC95dTRzZUZOcHZhVkVZaG5HeXgrT29xa0N0dFV6NHhkbytXYTRWZi9PNXB0WWNsMVVvTWhpc1hSaHoyUldCcEkwRXpZRWxsWWEzb0QrZWU1b0p6VlU5SWhDazFoeVBqTXVKbi9qM1VjK29pbEFjVkpNQlBmZklqWVpjZmRHVElXTk03RVNLRnBKVEExcWNIRUJUdmVjcUdBL0lsSDJFUmg=,2022-11-01 00:00:00+00,infografis
981a2c3f-c9c6-4f17-9eb2-05d10a82bf20,Perkembangan Indeks Harga/Inflasi Desember 2017,view_pdf,https://webapi.bps.go.id/cover.php?f=Q3rKHAiD9NRi8ygJQdW/nW8rdXhFZElKUkpaeFRleVVOSnlybVhlVWg3NVkvVW5sNnpHeUJuQ29xYVZHUkhiYU9yb1dXS3ZNdU9XQlZlRS9oaUZDeGEyZUVUZkhHU3BDd3I0aHBnPT0=,https://webapi.bps.go.id/download.php?f=3CMYUZoYgVISXHYl/qOmrWR5S2NiTTFFOUhLQUs4bVNxZHFPUGgxNmF5T05LMHpoVWRSY0pPMVZDVWRGdnZGME9GV2piZmp4ZnhFNmRiTjV2WHFWczIxV2VPam5hWERDdkdFeVozVVlJN0p4N05IYXE5ZCsyL25TRFRUeHNiZnYwbVE3YTRMTDR3UmJXMlJ3OE0yYnlqbDJqOG4yMXBhOTNPZ2R3OTVZVE14c0FIcVJpdHFuWTJBODhhbXd2Z3gxdlA4dDlySnVIRWN1VmpYeHNVOENwbFIwRjJwbnlyd0c0eVViT1hCRmgxb3J0RUwyckFPL2JsQ252T2VCVUowYjZnTjE0T0JBUE00RnZqdjFBRlN5WktoVERiL045MTlwUjZWcXRodWJhcTNvc1Ewd2lpSVR0NkdlbHVuSk43dTFLZzZTdjJjZHcyaHJWOXU5RXpZZnlsRVliZ1UwMWp2NWRERzhTWi90ZWhmQjVzZStoeE1SWWkyNHhUSk1kUXBwRXVUTmNZMlRwdnJqMUozQw==,2018-01-03 00:00:00+00,brs
98959ea1-ee26-4658-b167-74c97b80dfd7,"Perkembangan Pariwisata Kota Malang, Oktober 2024",download_file,https://webapi.bps.go.id/cover.php?f=NIW2VkFiS42njjP80gvpFDFjV0poODAwRm1EUER4eUR5VHVDQy9SMStNdUpxeGQrSWNVVHcrS3JaaThhcW5XbFhwLzZlcHBFRXpXTHZ4MlFmQnNyNDMzSlp3MzJvZklYTkxjRlMvU2EzWFozUHltUHZJNVZSbi85T0U3WUllTmtsa2xlTHA4RVk4Y1hSRTRFRko3RURYQ3VVbHlZZU1UNHpjeUJzQT09,https://webapi.bps.go.id/download.php?f=KzHEMuVyF0dr1KhKKMpAajZxNGowSTFoMVR0R0t4VDZhT3poYXNKUEMrcnk4cWx1RER5blEyZjRYY0VYUW1VWnRQSHlnQ0hDd1d0TW9scGcxdHhLVHRMdFpibzdxV3JDZWoxQytLeTUyZG12MUNMM2swcnlpY205dVBXdlVpRkN5RlIzajdDcVFoS1MrSDZaUk9tRHRwc3c2NDJlMkkzVFh6Q0xFaW9uZnFodW5hOFZOamQwSW85YnY2OHh1NWdubDdIdnNpeU5iMWJ6blZUQWE5L1ZJSWZDUS82VmlqbVlaTE9wTnJWR01mNnFtcjFUOExTbEdGdy9GalBpVzhqN0lra3BNczF6enhhdmJFcDdtMXNVZkJkZ0tUU0N2bU1JenJXeExBPT0=,2024-12-02 00:00:00+00,infografis
98aa7889-2b56-4e23-b694-058144ba7af3,Kecamatan Klojen Dalam Angka 2010,view_pdf,https://webapi.bps.go.id/cover.php?f=m3yk90NZNh/rUl3jUOp1qGRrNXYxbkJZV2pnaTF1NDVhcnNzNHc1YVF1Sm9sYTZSS0NSczhLdDVVM2FsZGd4ditMTk1hUy9odU9QcTVhc214TTgrWStSdlpDRm1zZUxOUlVGN2lFbzBOekNCcTBqNCtPZlRucEEwUHpPVU5KdElvVkovRjZjWWFrblpsb2gx,https://webapi.bps.go.id/download.php?f=riYKvZ+y5hj60AmmLteFBS9nNWV3a3BFTFB2aVJlekw3YWV6MXFsK1JYazhubEFkcG1YU01nRFZtd3doM2thdXNiaVNwU3NMMWFIajJwREpzcEhOYndSWGZLY3BOeWFXQlpKeHl0T0xYL2RFRnpSbFY1UmN1dFlSZC9wL3dIOU9WWm9CeHAwUThVRFZaQldEN3dmeUJwQVRGY1BsWUdaR1lqTTdjaW44cnlFSHcyaHpYK29keXptdEQzTm44NUdhVUEwajJ1UW1EQUdVWHRFUkFDRkVQYXN3TVlUZmRnQm9ORGNVZ3lWTXFIYUM5VkcrWXJiSElYZHQxMlg3YzJ0TlRDUnhOejRudG04M2FKbUg=,2011-02-08 00:00:00+00,publikasi
9979d2cb-b3ff-4714-975e-10b6c56d88d7,Perkembangan Indeks Harga Konsumen/Inflasi Maret 2013,view_pdf,https://webapi.bps.go.id/cover.php?f=a+C3ZH3LOrDBCkkeSGZPglRiWGZNMjk5c3F4R3hadmE4UExxWXVWSkgzTEJveGpaNGhib3JwamJ0cU5odVAwRUxudjkzMHZLVHQ2Y2U1cnhVNEhwVjFnNkU3cGUvMHBwOXg4TUZ3PT0=,https://webapi.bps.go.id/download.php?f=D0MKYmvFQ3KF9Jq3TKC6l3BvcCtwei9WdVY2aWNCZldHR1JvUlFKeGhJOTZ1RHdHTHpoTldUcng3L2I2ZkdtMnp2T05Iejc3cUdVcEVwL0IveEdBYlZFVnNWMmZ3WHkwd0dESnRSUUZEQjU2dGxnWmJVMWJ5bFAyVkJwSGJUWFc4bVhnNW9rR003b1A3V1VRUzBoSnlUR2tjTFlldUJOTDFPZ2ptdTFYUjVqSWRwTlZWV1MrNWNoMTJmcVpmejVtUSs4ZTlDcnpxWU5tcUhHby9WV3lrNU81WlNZOTNPZm9EaTRleml6aWJRcWZ3aEo1RXJDeDFkOUppNkxqVG9CT2hwcTRRZHlIZjVOby9wdEdtMFpMNm1OU2tTdTVWN0NNSWJHWjZGaTRYV3RMRFVMNFd6dElSNWk0UmF6azNCSTByQXBEMnFLWWFDUkoranJka3FwQUQwcnZ3WHBZUWxRMWpma1dDbjJ0R0FnU1hzclNxQ1VwQk81MWRneWQxTVBjUmZybCs4SGlubFMvbFYrZQ==,2013-04-01 00:00:00+00,brs
99ca32b1-7022-4843-9a80-a85fb98c8334,Perkembangan Indeks Harga Konsumen/Inflasi Bulan September 2016,view_pdf,https://webapi.bps.go.id/cover.php?f=G/a5gTUXh/AIVHEFzDUfZEdheEZXaHFkMmFJQm5PeCszV1pMUmVmUVdjV1UrcGMvQUsxbzVxMkJhZGFPMjNHa0tmRUp2NHNrczl2ajBabWFERnlSZGd1dGF6R053SnB3ZnhYbjdnPT0=,https://webapi.bps.go.id/download.php?f=KsIe8qhir0vEjUMfTffYOzY5WHJGS0JlWjVXUkJ5dk1FQm9QWEJKY3NCNGVIK2htdm9ReWp2RGs4YW5tUkxmR0NiVFhFYmFuT004aFJIMnk4NUFiSXdqMUdpbGJXaElXQm1FWU02VUZKdkVpRzBqT1g5Rk9HK0dFK3B5dlc4TlJwaE9URWRaYjVZaXp0NW1rOEhTcEZDTkxNUUZKbXMyYW9kZzJDeVhoQkdFSWp4dlJ3dVBiVWtXb0NFSTBBdFhicEVocVVoWWhJWFoyMGdnSXFqcUcvSzBNK0RMc2VyVEV3eHlGZWVEL1k3ZHJzQVpveGx1bUpGZFFYZVpsT0xuZTBFMyt3ampVTmlHVnpiMm1wZFVzOUEwUmhEWE13TEJZTFRpWDg5R2RkNGV0ckNQQ0IxV2dlQ0NEbUlVakMvcGR5dkxWenVNa3JrdmJsbEd2dGZybS9NcisycW15MU1UMTVONDlxYlkzY01SQ2d2MnZoWlJZM2VVc0h6bThRQWw1eUVmQld0MFpITGpwZTdnVm5HcGNxNlZwbDZHUGp1WmdPeis2WUE9PQ==,2016-10-04 00:00:00+00,brs
9b42e6d5-7a9e-4a17-86f1-13c1b7581bbf,Kecamatan Sukun Dalam Angka 2021,view_pdf,https://webapi.bps.go.id/cover.php?f=c6In82Llh491ie9SeOuxnkl3b3RYQmJyeUxQcjQrck9ub1JCcm5kZkJwOFZOWG9FUElJdVdrYzdsTlZiaHdUQ1BXdk5qQVE1Mms3VnZPREthNm9MUE9SMmVPSTlKWVhqMktKQ0txVHZuUFd3S2NXOEs5MnFJSWd3R0t5Z01Mb1RTLzM5bTVnalhLVkNHZHVI,https://webapi.bps.go.id/download.php?f=cW894rMxYNh2V86hyzvdgEQydmc3bXp3UjJpRmNYMVlvUXM5Si9XMkQvVmJIajk0K2lMSzhvdlREbVoxOWxNd2o0aGFNLzRIelBnWm14MGdTYXJ2Z2xBaW9LWllmdkg1ejZmekNCT3VrYmtNcURhMFkyOGluOU5FYjVhNEN3cHRnU0paMzN5b2N0NnY4L3lhREp0ZERTVGsvUzE2dHlkTzJmdnNwemtaOWhubmJPcUM0WmtraGR1VFFOOUdmY202bGZYTk9GUWNDWExCMTV4MlRiTGd1WkZLSG9OQWYxY2Q5VWEvWUNtL0kyQUlzeDhUUmhOY3J1aS9SdEt0NDF1NTArblJsc0RqMisydWpnRkU=,2021-09-24 00:00:00+00,publikasi
9b4c6d22-c27c-42aa-ac4b-b7a8d89ae948,Kemiskinan Kota Malang Tahun 2022,download_file,https://webapi.bps.go.id/cover.php?f=KNgiO4nfo5cLFqKNAHvJXFpvckY1V1ExdTBoTWw1Szd3VnJUcHFKRzhra0N2amtHWFVwOEVZUnYwSzdwWXpLNlRFMHUzREZoYThxU0RLSDRJZ1NMQUlBZDUrSnBhSE5ZWXB3akl6WXlpVHpDZDNESDN6TFN6Tk5oNTE1MHNDOHlscGhpM1dvREtwcDV6bjRV,https://webapi.bps.go.id/download.php?f=uGIrMyhErAgpoEOQIqp6/m9vQlY3REpTN2xRU3UvRC96MURPU0tGQW9Db2Z6QlRrNUNiQzNtYXlGTnpTK1BOUFdlM21YNnhVbXM1eVkraHdzcEI2ZnRSQWl2Qy8zU3Zlb1lONktzL28zNVgvamZvb2I0MTJ5WWFFRDlKWS90TUQwdVJ5OTRGSmhQNUZ6enh4REwya2NYdnBIcUdSeWRtZ0daZ3JWbHpaeWtWcVErbGpoM1pDZnp3VFIwcURxZVBHTU9xZlE0d1VPRWVDUHEzdnBqcVh3azlPTWYwVDdjMDBrOGkwNVhCR2NoM0VBL2JMd0lucUlCaWp5RTg9,2022-12-06 00:00:00+00,infografis
9b7cb5ff-061e-4ebc-a8a5-80b41fb078d4,Perkembangan Indeks harga Konsumen/Inflasi September 2019,view_pdf,https://webapi.bps.go.id/cover.php?f=tPialluXP3i2i25DV1lnS2tSbzZueFRZQU1TbmlBSTNwcm15ejVrMFhJWE13UHRKNUVkdmw0bEZQYlE4WnpKYXU0eHFiSkZxUVJzTUVpWUo4N2ZZODNtMXVOVjNJY1lQNDVvUUd3PT0=,https://webapi.bps.go.id/download.php?f=l/ZV2Tq0FAwIpkzjEVns1GlsUnFvVUFua3lNQ1lrejlBaHFSK0EyaWhYSTBzVDVqYVByRjdnQXUzZnRDcDhNL291M2lWcE1VcjZMSFlWdktxZG1QREVzVHRzclRrSjJPczRHZXpRMWtEUnFwSllNZFFjaGZ3VzduVVRlNFVLbEoxTXl1SU1WcDlmYUJDY1UyZE9YQVFYRFI4Z0syR1REaG42bHBHRkx3M0hwMGlpK0h0cjRjRDkyWmFXWW1VSEkza0JsQ0ZyWHVmYWl0bWFpM044UGFHTTJZUWI5YnBwVDlPUFUyNk9DaklIZTczQ1U0b1RYWVE4eUZzSlFUZW91cmx3ZGVzV05ZNWZQVTFUcGpuWkphT2VzbEt1UXN0NmJXWldrU1UwNFZyc3lVbGt3SHd1cHVuSTZyQ1ZaZjMyczRxUWxjRHhFRHFWZU50cWVPVWlFNWpCT21qUDI1QmQ3RTNncnNMZDB3cHZJNFZzeFlQMVN6d0wxMlNSMm1XbUEvLzdUcTRVNlZHUFR6dUxyMkhoSktpdDBrNUM4cWRlN1ZLcFZ2bFE9PQ==,2019-10-01 00:00:00+00,brs
9bffcb38-0a2a-4969-ab06-3b9acb1d651a,"Perkembangan IHK Kota Malang, Juni 2024",download_file,https://webapi.bps.go.id/cover.php?f=m6Tk+1ilywOyV/ykWxrQBDdjbWI3TEVaT25NWkZ0SkFCSVdpZzN1SEJWdDRaR3R5VWVHNHhvTkFSSkc1RFIySkZQRkRSWEt0RmtCekxDZVptTHBHUlArSFFrSnBCeGFnS05ibFlzZGhZWE9DdmJVMGFtaTFoR2IxWjM1b3Z2NGRRL1RJc3U2YXlaZEtkUzhIdnl4Qyt4ek1PNDN4cmRIdWV6STlEZz09,https://webapi.bps.go.id/download.php?f=OMvEZ6hUcitZEvdEpXjva2JZWDBDZW1WNG1aNDdTT2ZYUzFaRzdqVVV6d3J1c1F3eWFNL09HUkZTRXVJaURiaDc3Vk9lUE95UmxoNk16LzhnRTk1dmxlNng0WjMvTE5nOHRTUmU2enhmNUpZUDhCVEJCeHVQejh4ODEwTk12Smk4WVd6WTdrZVFmS1o3dkt0Q2VXWDM4djRSTUtVU2VCZ3JwRUR5UjlTRVFycnk3bTBrR1h6SE96QmZhczd4U3lEamJPSmNURkVKdXF2RjM1M2lGUmtmNEVoYmFscGJ0VmNNcmxoQmsrWlN1T1JqVXB6cjdzUWtkN21pYXdPV2d1R0tGUmttR1pZUGlvcTNaOVY=,2024-07-01 00:00:00+00,infografis
9c55b8f3-f27b-455d-9829-2553513e63af,Perkembangan Indeks Harga Konsumen/Inflasi Agustus 2018,view_pdf,https://webapi.bps.go.id/cover.php?f=E4jvLGvPjLAWciP7reODrCtjRm5LdDV1Q09nSzlVZ2cvUW41a2VWcUtHTkF1Q21rSUpvMFYvQkZiMkhBeGZxTWZYdDcwNXhaWXY5ZjhwNUlaUUI1eW9XdEZQU0ZLaVd0azdiblBnPT0=,https://webapi.bps.go.id/download.php?f=34VV3OGgsY3LYNkXgcvxDk8vblVLQm9vTzcyWmtSdWEwdlRSMUlFNGFieU5IRHhwTk9sWXNQbnFWbWRtbngwRjdaV3ZuYkxwc1l3cFNYQmxFYzlHRlI2Y0hSQXUvTEpkOHQzL1BSUjRxdW81VUZmS2JDM1VFWXFabEdNdmtvUlQrRktlWlJPNVdPUE9oN09Pd1FFK1ZkTWhjaTNkOFhiNzkwWHNjRWVqaEhxekZlSmc5bTQ4eFdyazNhRWpJNE9CSzdjVHl2MkJ3QUd3RzR4QUZURVRhMVk0QzAyd0lUcjlMT1Rlak52L3ZkR01IWVl2eGNETjdVMm9oaW9OMHpCRm55SGRlenU3Q2R2UHdRSGJ2R1U1dHBzVHZoZ3BMWHlrZFJZWVJldy9CTHJYWVpqK0dCOGZudUlYYmpvRE9CbWtFeFJVSzFWSFU2SkNETWhuUmI0K3FLM3pMT2NKbS9ldHVnbjBBNzJnYVo2ZFhXNXBsNGJ6UFhpNnV1TUxCb293d3JwR0JGMzZLMS91RjJ4Tg==,2018-09-03 00:00:00+00,brs
9cdc0371-a17d-4b25-b08a-233eebb45125,"Perkembangan Inflasi Kota Malang, Mei 2023",download_file,https://webapi.bps.go.id/cover.php?f=w18hDmCzLYkYtuM5eyYOv00rUFVkdFFBcTJZS0tYS0JVY1NacE9CZ3NwVUlUNSthYk1wQVRsdWhKK3J4aktmdG9ybndMZ2lsaXpFOUJKWFB0UzZreERWNUdCQURPQlMxVXlPMlVSVmtaZjZFRjhVMTZxQUNKSDJvVnRTanFSWDlJTDJ2Y0tveHdnaTFyVVVta2Y1UnlMdlJJNndXRzFFbGhTNzBxQT09,https://webapi.bps.go.id/download.php?f=6Zn9FXlFK6faMR0Cw0CQCzMvT3V2bHZ3cUR1WW45YzRCMHhJZkhPUTZFWUIvR3NSTzFjZDdyaVdBdzlrV1R4UWJvSk9sS2gvYjJDZktzejVXZnNmYlBOZlNVanpzMUswNHhTNUpzQ1c1bGtDTlJyU1pGSHl4d1RtVDE4NXc0UEx5blJzM2prbjErL0lqOUcwNUVnODU4R0YxaFhPSTRKQitDYndmRFVzc2VkV0dGSWUrLzAxVy9lWXkzcWQxVVlhWXVvK29aMGphekNRYWg3ZHNFK2hBZ3ZUQmVQK3JueUxKcCsrSDcxMEV6eDFzUElYMSsrRjRyTG5WcHZwNGd0NGM5K3FkTEpjNTlLN29OYms=,2023-06-05 00:00:00+00,infografis
9d6042e4-f58e-44c8-b802-80566ca47971,"Produk Domestik Regional Bruto Kota Malang Tahun Dasar 2000, 2000-2004",view_pdf,https://webapi.bps.go.id/cover.php?f=0qa29t5PfQvbFxGG7j1qr3JaUGpvT2Ruak1wTjRVMFRNVDNWcll5Y3RnRHdoWEFDemF2bWJPL0dONm51SDFCZC9IenZEOERTWjBlR3hCWThUZkt2UGlDQmtOYUlncTlPT1Qyak1Jd3NXVE9BbFJ0d0hMeFlCaGR1Tmd3NWhZY2xVNWt6cVlKbW42UVJ0ejdB,https://webapi.bps.go.id/download.php?f=63XSVacorC3OBf/iSLrIgWF6NDRpa1VIUzRhWXBMN0ZmOFB5TjM5cGQ3eUwyeUNReUVYditFTnJuYjRPQzBLNFc5SmdBRy9PdFRVVDhIWFllalZpYzRCTWtzNDJBOWZEZ2dzd2ZVM2wzYlFKVExwbnEzTk4wTWJNT3hKTzZaR3RhMyt2ZGx4ZVBoYy9ZWnVFaDBuOVlZVUdRWGhNMnlTU21Zd0xadjArenlWbTZBL21VeDZ1RVM4Zi9uemRuU0Q2U0xJL3dHdUZDTTc1UFpwOUJHOXBvTFhGdWxYd3hIbVVSb1BYL2J2YjJTSFJlUjFWZEtCeXIwU3lKbTNjTWFUL2Z5V1c2U1doZUZoS2VVWjBiUVViNkMwNGdNc0pLcXk5aTVVNUsrem1mQ0pXNWFzTUVZQ28yS1haNXFjPQ==,2004-12-15 00:00:00+00,publikasi
9e1ed7f5-dd0e-410d-ba93-170a64866aa3,Perkembangan Pariwisata(1),download_file,https://webapi.bps.go.id/cover.php?f=yCvJFv/YUPNWak6qncFBoGozbFcxR08zWXM1QjAxck1CaGFTdnFKWkpmSEYrNGRHU3MyQmxHOHhLQU9KdEZ5dnBZUGtBUHdVdE9McHVIYmlxdER2OStNSEk5Z1hrM3dVMnc2ZU13PT0=,https://webapi.bps.go.id/download.php?f=75INgq4VnOhIG78UM9TypFN3U0ppdDFRQU5LckxRTE9kNnpJL3J4NzFkSUQ4OUh6akw3OTkrSTZ5Z0pYLzJGVWF1MUwxWjkzR0V3Rjh3bU4vL1BlSjJpS0dUV1ZremNJY1VmOHJtcUx3VTJjY2ZtZEVWNERDNVdWSzlGM3Y4TEY5cGt2VURhOVNoMXFIcTJYakVvWG9yUlZveEZBOWx3emtVVHdMTlVtRndPNk1VcGFySlhzemtreEhjdz0=,2025-04-08 00:00:00+00,infografis
9e35733e-b2b0-4c84-9f87-0bf1d9ac0a00,Perkembangan Indeks Harga Konsumen/Inflasi Pebruari  2014,view_pdf,https://webapi.bps.go.id/cover.php?f=Mvk98w9qA+dncXOO1zHLcnY4Mk16djc2KzIxYmRocFU4di8vZTR6bEZpVS9CcHZCWitHcEJRV1dkUlRvV2FBbWNJMnhVTFJ1THJxQ1FrRzk2UEthQzRmNUxxVGlHSUVXTExvcVRBPT0=,https://webapi.bps.go.id/download.php?f=glHojyppnnftzDs8zruTg1RHcEJBRndoTUcrZm9DYTZZZXdMc1pUbzVmVTRZOEk5QVpJaWxWdE1oeVNPdVMrcGR4dUVld1BOdVBkUVhvcDFvSEZEbGtJWXRxcHVFMk9veFNwYmhFYlJFSEZQd0YxM1VNVUhkZTlKclFIb1FXMm1teGZHZitnN3pFMTZzVnJmUGc1RktsejJ0b1BtVEZCT20vY24xNVd6UGtHTXYwdncxV0NkcUFmUzR6R2VOcEJPQnFSbnlrbkJuSzJReXVTemVlNmdsdk1GeGxqQXk3UUh5ZDJCTFVZSDVXZlJ5YTcwd05nWk1wL2R2WGVnMlN2d3hEc2h2UlMxV0xudzdBZVh3dHRsVGpkU0RxWXRya0FrQ1J0QWIvdDZjZFVUMi9QY3ZzK0JZTlRsMFl6amJoaGtQTm45dHZSVS80YUlhMnBKTDRKdVEzMXFFZDdzdy9tODhJMXRhN25vSk95QjBYYXFrSFgxZGh4UlpvOEwwVlpQenB6a3MwbmRCWWVER0wwbA==,2014-03-03 00:00:00+00,brs
9e7ea61f-f204-449d-b257-cbe8e7e347e0,Kota Malang Dalam Angka 1974,view_pdf,https://webapi.bps.go.id/cover.php?f=dmX+ieTquRZBXX3/RWer905PSHdGRlUvaXl6Mm5zemNUMFNSVmhDMzlpTG1IOUVqVEdhaysyZnRZci9aeS84bEdWd2hHN3BHaG1ob095SFEybE9lRVBBODdsYTQrY2k1dHV1cmRWa0hKR0xOMnVybkRKMkRCa1kxeWJrWUxsZjFvSndSTXJiWVNNOUZLOHpv,https://webapi.bps.go.id/download.php?f=Px/fXeUgyWN+goRCIYXV/GNXemt6cVNmZ3lCR1V6SitNOFVRRDhjek4xWTdBYVl0eEVaOGd3WlAzNkpYa3grVkljOVQwdEFJemdYR056UGQ1aTEzSjE2cjAxYU9pWHVrcXZUSEhCekptMXdBSmZhQUtSaGg5YzQzeksxSkpoeTNickxBdFlqYXl3L2RIUlowUlVtUExRSVdoVytJeTVEOEdrV01kS05wNW9uSFZXeE9UZ2hGUHpQcVNSUUp6Y2p3Snhvby9QSExyWHJrZXJTYmpGVmQ0QjM0MEVrOUZUamJZaGZtNlFPTWRPV3dPcDJpSHBKd3RMQmdYNkVTU3VEZWlWN3pNZmFkYXVaY1dqMHg=,1974-01-30 00:00:00+00,publikasi
9e85ab3f-d894-4d11-a595-2f67f5cefaf1,"Perkembangan Pariwisata Kota Malang, April 2022",view_pdf,https://webapi.bps.go.id/cover.php?f=xfTB+Ajerxay798flGAtoWFvbzRTYXM0V2JQWDNuNEZ0L0JKaVU0ZUwrbHNlZGxCS3VOeXpPZHloTHpmT0d4a2VOQVJubnZSbUVoa2poR1FmU0pENTFrTzVYYTBOVThTSXF1Y05GMWhGdExuOUVxdWdLRnFvNGdxWG8vdVVsRjlZUlh2MzlweWtXYVI2VUNX,https://webapi.bps.go.id/download.php?f=nm+Z03QMH1QOP6hcohuFVldQN2lRTHh0SmlUdTdLQnB3RnVqZHoyR3JmSmhFNDJ5TGRVb1pVdmtzc0FTOXhSOGIxU25RZFZsY043dXpVQ29RRSt1MVh3Mm80aVhsdjZrZWpXeHNzcStFMnlDdy8rbTBvdXFwM1ZIQnBGUnJJU0xJYmhpQmlLcE91TjNVdHpjMFVEQ3MwMzZRYzJGUEhtTFV5QlBjKzNWcnEvWCtycDVGNmNvMS9XcWpjY1MyZDhPSzlNTnN2Z0N6SGpDWXI2SmNCbysxMDU5MFhPMFpDNGpvWk9hamZuY1ZKMWhKd0ZuSVRwLzdldmZuKzgvTUNTaFlaMktmZXFqTUk0VUdUNkNNaEdlWnJmSGIzSktsQjRGRnYwR3dQNEQzb3hkUXkzZU0vUi9BSTM1ejZRYXp5ZUxDa0p3eC9RRUhMSTlOTHNSUDNMM1FneGNlTkVjcXMzVnFtSkJnS01ud3kvRnlUbzJGVytSYjY1dHp4bHd5T1Q5ZXdCcWdIelltSUVGTGVoRA==,2022-06-02 00:00:00+00,brs
9e8775a3-8ad0-4f44-834d-4008b0d337af,"Perkembangan Inflasi Kota Malang, Desember 2022",download_file,https://webapi.bps.go.id/cover.php?f=DB6zkoRJiZsAhw4uN+9+smRyVm8reEZKSElzUlJzVFMrV0gzcC9oVWhoc3hidUdMaXhDWmlmVlF6UDFvM2RyYVZNdEphSG5IWnJKTkdmZXZYNXlDSFRGd1MxYVU5OGphbGpodjY4dTQ3TTIrTFcwVXpBNFhEd2xjSGxUZVhDQmRiNUpmRkwySUFUQUJEN1puQnFOQ2tVcTNkN0JJWHd3a2R4My9VQT09,https://webapi.bps.go.id/download.php?f=Q1oVhenkSu3YUf380hAW1CsyOFEvMlRDbk5sZnVtVngyazNSU0x0a3hNUnl4RFk0UkRQZEh6Q013eElpazhEWXVpWUI4ekhWMklRTUZUSzZoOFNCa0hCZ0I5bDM2NGFTWEowWFd0U3d3WEFjd2JtRURtb016RVR2YjlRamRqcUlWL1ZMWmR2WHN4RjZtZDJDeVdYdkJ4YS9DbW1BQTFaVTVrSUdCU2FnUXNiamltNHl1dTREOW9BK0hsdjZaTGV4N2VLMUtjU213RWY4ajcxQlovdHRrTWp0TlZzWHhCb2VrckdveXM4UzdyQW1IN3J5bUZsQlJubVp1cmZTRExsSXFHR0ZtZkdnQUk2VVF2OTRHUGxwY3dRUVVIUDRwT2JyWEZPSXlRPT0=,2023-01-02 00:00:00+00,infografis
9fba03ef-8b2a-4b0c-b202-c0db04697055,PRODUK DOMESTIK REGIONAL BRUTO KOTA MALANG MENURUT LAPANGAN USAHA TAHUN 2011-2015,view_pdf,https://webapi.bps.go.id/cover.php?f=f4Di/ZtLPFqKvB5ak1rogkl3NmhzSjlDTDJWejJzN0x6bTdUUWtOYi9LbXF3eFVROXhYcXl1Rm1BejU0bEtGOElTaTd4U29QWXhDTkIvVE1SRlRFYWtKWGFTbkRwaVpKQk9jK0FQN0lhSmFnRlpubU9DaGRoNWJ5c1NsQi8vbWM1Y0k4aDRocWdpVlpJbXpO,https://webapi.bps.go.id/download.php?f=84HY+pzKxlPuPR4U5syJ9VNHc3YzNjltdVIvV2pHdE44d1RpaXoxOWRRbEpvVWdRSU84dnZTeFNqZFp2SitzVWpHVXNPdW1nYkd1NGpsYmRCeGZ6aU5aY3cyQWpwb01zOUQyRFlwNXg2bHNrelNTYmJpQnFZeDBFdmNWWFJaZlhSZytoWUppeUw4RjA4L1B6dC85S3RzVXFwNnBKNWk4OC9lb3phNHptMW5weDBrNVVwSkx1OURndmllNks1ZFYra1hWaWxRT2RiU2F4UkN4UEpocG9XcE5ibEFyQUJsdzV4bzgyc2t0NkZWeFJJL2l1OHIwY3NsUkZ1Nk8zamlkNUdTYXprMnBLYndWRHl0QTk3RzkxYmlMUysvM1YrOEN6SklQRXIwOHlVaGJhakRDeHVpTngycStKQTdpdG02UUd6aHFSNCtzRFNrTjRqaFcw,2016-10-07 00:00:00+00,publikasi
9ff4831f-3e18-4700-9091-af6a7d33a3e2,Pariwisata Februari 2022,download_file,https://webapi.bps.go.id/cover.php?f=hqCBL3DfEUdxd+0wLJAt12NKMHVGZDNCenZJbnJSR1QwREFzT2NLTHA0anZMTnRSd0o4Sm1jcVlhWlA0N2tadjNJT3ZCSENLVjJ3VjFjYzJjdlFCYjFYVDJwdTJIRTliM1E5UW5FNmM2SEdaV0hXK1pQSU5LbEpFdW1NblMyL1YyS0NyeUpPQVN0R2RpWUdt,https://webapi.bps.go.id/download.php?f=LW4eF6zp/Blaqua+UrjITThuMm1kNkZXaVg0U3Q4Vmh1MjJkTzJ5WURMWWVITWRQemc3Mkp3azlJeW1vWW1aelVNUGpXeitpSnVHUjF2S1ZsWWRrdzVPQlR2Y0RaRjk0bEN3UGcxMkZvYmF6enQrQVU0TjNxanJUT1g0STB6b2x0czhFZEFuNWRzYW5TZUxlalZoQ3BLMyt1QXFJdnZZWkhoYUdFcGtONlpNSzczbmQ5QkRRc1dDVjR3Sm1Rb1RmclN3NEFBbis1Q3ZnenNRM2ZTRVdDZzU1dWRTdnRjeW5VdG1oOGc9PQ==,2022-04-01 00:00:00+00,infografis
a011ebb7-c5ea-4e31-ac97-5c40a0bb715a,Profil Kemiskinan Kota Malang 2021,download_file,https://webapi.bps.go.id/cover.php?f=2+zipQVFTwhPq3xD6MC0ckNzNXo5TE9vY0NuQ0VBL1RBRjRUZWt5NTAxb1FiaXh3VzFUSC9jNXdyY1gwSTV5bGRGVm5QTnRGK2s5RXYrY3hJWmZ3TzVBZGMwVGNNaGE5QXhWcmZROGo5MkZ5UHNtN2V6R01yempzVzBSakdHblJua05xV2xVRjlSbFFWb1FH,https://webapi.bps.go.id/download.php?f=m9MUwwpofgLxkYY2qSX8pS9PS29Xem04ZTdLSEFWa1dCVlp2ZW05bm5oeW94YmNJNVNQWjFBL2lvN2lEL2d2Z2Zna09Jc0hKR3hOcSsyNXoraEVvenB3TnF3RTRTV1lWbEFMbXp5Y2dTUU5EbHZNcEJtQ0p6eUt5V0NKR25hUUxnc0k2K3lBeDFOMkgzTHB6MERndXU1ckM3aDZ6Y3Q1MEc5VFFmWTkySXJHSFhmUklqZmFIOTY1YnpDcFhERnVGbjAzVmc2VUhUdFFiNUxkUGxxRzdRRnIrWWF4NFh4M2Y4bTd3RzJ2TEdPZm9SSVlkcDFpY240VHpXdHM9,2021-12-08 00:00:00+00,infografis
a0482f48-69de-4293-a5ad-9f8e610e617f,Kecamatan Blimbing Dalam Angka 2018,view_pdf,https://webapi.bps.go.id/cover.php?f=MqmvlPOcZyV7C3kMKDA4AkwzNHNJQkFUUjVTS1pZek1weGxFVkliRkNBeDBHQ1BuK2pMMGFrclV6OU41VWg0RmwzNDdZb2dTSDErMVhqb1FUU1VCTXI4ZkN2VStJRkY2OU1XMVN4SDg0bEcwdFM1VFhRbWNmeEd5V1M5dGttRHVXcFVncUFScmQzRW15eDRS,https://webapi.bps.go.id/download.php?f=xyXZr14X7jGZJdn6Tf6ZRlVSaVpVTUI4WG1sUldDSkIxVDRDdmduSjJScDhDK3lOWDQ5ZlV2YUZvWi9jbzdsbUhLWjgyRWFoTmh0eWQvT21iV0dXWTdLcE1nakx5dGZUK20rbWpTZ0o2Z2xxVDJlOGR6d211cUZiakRnWFNwVmEvbXpzU3YrUElSQlc4NDVUUlpXd0tmRnFtUlV6amZ4VlpQcG1ESE45cUtxb3JEY3dJQjg4VEJ4eDNqdUVxMDcvQ3lsN2ZTWVpLK1kwbEE3VkNlblZSeVZTWkU0UDJscEhMUkhJTTNqc3U0ZDBJMTByWHdUNldUbXZBVzUvUzRwTFIzaGRlYzVxY1dEYVAza1c=,2018-09-26 00:00:00+00,publikasi
a0bab2b8-263a-4ed3-8395-581812a50aae,Infografis Inflasi November 2021,download_file,https://webapi.bps.go.id/cover.php?f=Taks1L9RaXP4iZxpPk667Tk0d3UrekxGRDc0b0tnTVBiZTBaOFVkb0djSWVSMnRlNlRQYzdCQVR0UWZEa0JVUFJDazF1YmtQRy9uRERoNGs1OXVNMjVEN2k4S1dPaXRkSWFVbFhsNFJ4T25RKzI1cnBFVGh2emJWRHhleDNmYlRIT04yV0pCRVlOTSs2emNw,https://webapi.bps.go.id/download.php?f=MEhgqXw3uJVr6msSbHO1dzlNcFJUWUFDUXRJL0pQcnRDdkx2ZS9iU21sOTdoT3Q5MHlHQTh0L1NLYlhJTXNrTXByQzE4dVhHanAvUGVNYWNTOXh3T3RaTTBGZ2JaQ08zekNGY0pNUzZ1V2pEMkFLNDZrdXRXRUFnSUd5bExYTnhLd3lDZE1jSVRsWmIzSFo3ajUvWTVTbzRDNFRvczhSRjNqcjJ1a0lyNVJEcEw1b1FvWm5YZjRXV0NIdFBKMGgvZG5wNndMeTFNdGthWmNoVHl0YzVxcTNRcEk3ajNrVCsyY2hlOTZiak1CQkIyWGdHTnVnbmlJcklJaVU9,2021-12-01 00:00:00+00,infografis
a1c050b7-8ff4-4569-be37-b96c449cb1f1,"Tingkat Penghunian Kamar (TPK) Hotel Kota Malang bulan Februari 2026 mencapai 35,15 persen(1)2026-04-01",download_file,https://webapi.bps.go.id/cover.php?f=0akpzMXVF7qRDb5/FILlw253bEFCSEdkbm5tK2hubUlDVVBDM3hOM01GKytXQ0xwVVBNTU50T1d3ZWtEZU5XeFFJRG53RVJhSzlHeXJmQ0JobGdNaTRWdjJNMmlRSWhpRm04MmNRPT0=,https://webapi.bps.go.id/download.php?f=d6eW21jivWgTXXGW5TWHiEsvSExjMWFNZkVBSGRUclAwaTVHdStGUVh0M1Z6QnNWQkFQOGxseWExYjJ1MEY4WmZLc2NSVm9zclpGdmhyY1RjQjJzV1J0K2wrUXp3R3FvUENlaUNLWGY4cENkSFJCNVI0WCtXTjVqRVZ3UGY3TnREa2tTZHYyOWFLK2JqenlodEw2cFNmMlRxa3kzbm5Scm0xMFRaanhhL2d0OCsrZUU5NUJqQ2NYRXZtQnpPdUI0OTQ1QzhDOTA3Q2d6a2tGdU5yejhLOFFUb3F2K2UxTDdnNUczVFhEZjcwdy80LytNa2RXYkdOSTFxdEkrUXVkMnJVVFZiNEl3VDF1SXFMQ2lyYW91TnQyaFRqSVBEbStCZGgrbDdBPT0=,2026-04-01 00:00:00+00,infografis
a257d240-98d6-4ad5-8091-1c73be60ccc2,Kecamatan Lowokwaru Dalam Angka 2024,view_pdf,https://webapi.bps.go.id/cover.php?f=PyOJiYkv5I++JaSzTtkSoHFyU3AxK2lOOERUWGRqWStBUU9IU3YwR1BTUHVXVW5UemEySnNpZkFpbDRXaHdxSjRQOFk0M1BhZGNSOXZzN1EzUEFwbm1vc0EwUXYxRnZkWTdzcDJmWDJmOFpZZXNYZ0N6UGxBT29sSlBvMTRVNVFxelB5VHVzQ0RvZkxsUlAy,https://webapi.bps.go.id/download.php?f=7uQZOoX5MoBiDhZWwkJuG2J5WHVaUUEvSy8raGhoVTNMbkd4SXJRUmswcDc1Q2ZBMlluR25wa3d3VkQxL3ZhRFZVVTZZTm85OTBIbzhWemlXOW1hM3ptUTBYajJiZE1zSnVyYjVsOGdLWmVWV2tuUjlDNTRoUG9yVi9mQmU1OU1FWUVaNitqbTM4K1dZUFdaOEpVdC9OMjJKNjY0cXIwOHlTTUpHcm03QW83bjMvQnl1M0ltL1pFdkI2OFFNZFVJdDNtL0NsMWpBZWd4VFkyem5ESFpRN0VnSkExWlNwYWwxalU0c2J2VWoyd2dvSmVLVXVWSU1xenM3UVNacjRaVkV3Qm81SWhqYmhiRjcrOUQ=,2024-09-26 00:00:00+00,publikasi
a2820aef-3bb4-44d9-a465-b0e7d01fa389,Kota Malang Dalam Angka 1988,view_pdf,https://webapi.bps.go.id/cover.php?f=f2CEWJBul1U5TseuzY+DtVRCc1dFajM1L1NRZnF0MXFnMzZ3WlB5a3VWQXROOVJlRXRGWGhDOXRTdWNKS3FMSlJxdEhnQ09nMVJQTGhjNUoxVktmbTYwQkJvSE9jR0xBeThpbzFaODBIVTV4TnBKd1llMkFnQzN1REU3Q2k4RThnVDRVTi9WdlQrT0R2VlN4,https://webapi.bps.go.id/download.php?f=Cl8C36zxpLHKPQ/KAW06RG9oZWpCMGNaVHZlZ3Z3ODAySE9xOW0xVXVMVTVRbTh1TTlXUjREbjd2eUpBMnJPL1l5aHRCU2l6YXNJU0pQZVVHQUhHVVZkaGZhbi8rSzA1UkZDbnF0ZlUzTHQ4Mlp4WTVKQnB0RXZRSkgveVdDSDdDeDZFSE1ubG02dFJGOUNrTHArR2lJUjhpRFRtOHBWNWVlRm9EdCs5WVNxcCtZeFczTHFaUEtlUndXSUNGSEFzL3FudGVXUmZoeXVqeWRLYzJCcGRBNzBHK3VoUzcvTFhQUzlWTWVqT0hOQ0g4WVdRdWN1K0p4cUg2eUpDam40aEZzNVhKU082Z3gwcWdFbEc=,1989-10-18 00:00:00+00,publikasi
a287fe6d-c136-4b9a-ab1a-b79b50082d44,"Keadaan Ketenagakerjaan Kota Malang, Agustus 2022",download_file,https://webapi.bps.go.id/cover.php?f=xglrnpBjpHweO4d0VElwJ0czZWpWQ290NGxjbFh5MUpWYTd3RENPbkthNWZHN2FEMy90NDROaERFWWszbkJDcEY1bFdCMXJtV3JuTkxwVkN0eUpWT2NyeFlLR0dCQXpLUkRBRkhEY0REdWgvdXhySStWZGFLdnBoN0krekd1Zi9mK1QvRElnbUpSZTVNSzVwRTFibU12TFdZTFNUTFBVQ3l4Qkp1QT09,https://webapi.bps.go.id/download.php?f=eevSPOu5T5FJnziqDlOYQHFOUHJmdXZEMjNkay92WUFSTkJwb1VIS1ZHN2pqOVNWOGhEYjhzZ1lHdVN4VTdONHdBZ2VKZWwvbXIremNqbjVnbjNVelQwbDVTSDduMXVOUnA3MHhVWFFHTVNZM3hEWC9KMk5aMjM5dXZMZGVuNTJZSXZvQTJpRFRxL3ZMNkExU3lGTXRRQW1nSmhrZmE0UVQ5bVRYL3RQaE04UFZVK3EvZjFNeUpsMHZVMVhWWkVRVGdtL29vK2VEN1BWNWJDRUV6MFJldGJDQTVvUlJvZm5EUm1jMWNaczBVS05INmp3b1ExRXA2dnRwVFl0M091Tlkrbno3SFpmcTVONmcxdkdtUVEwWGZaMjl3MEpCYTZWa0hTWG1nPT0=,2022-12-01 00:00:00+00,infografis
a2894fcf-71c0-41b8-ae74-21301252c71f,Kecamatan Kedungkandang Dalam Angka 2018,view_pdf,https://webapi.bps.go.id/cover.php?f=XBwpVoidZ3D+7viMWqRq0WR6QkRaVzNiN0k4YUFZTUE3anBKQW0yZnlueC9IMVh2b0VmcVEvTWFQS0VtZUU0NUg1cW5hT0dGaGtscG9OSlgyZEM0SjQ4a0M5SFd6a0Jnbjl5VEMxek1ySXBkTGszRjNDMG5HZ2ZvNmpzQTY1Uzgwa3dHU0kremVGRVo5eDE5,https://webapi.bps.go.id/download.php?f=047/lk9ZIZmGShGP0pk7EkpveXNYcW85UmhPdzVpb0NBZmQ5cEdOUWdPKzc0Vm43ay80WXhTdXhrUUlzN1pUMERqc2xiWnI4WExUU0hPc1dvMWEyU1c1OVBTNUZORFo5ekJxYWRGRUpNdUZUVDlqZUkyaFYvUS9VQlEvOHBtRnVjcUUvOWVIbmxnd21vcGJ5YktyM3dlaFRJc1N4L1JscXJQNlRkT0xVQ0pjN0hLZHNpMDlUUnBTYUMyazQ2ZERPZUVSTmtiOXZiZkwyMTdHVXZsdk5YWDVtZlE4SVJERTlkakZSMjNYTUY0NDRkSTIvT2RSZ211ZU9aZEVLMWZpcUUzVnQyTVhxUnIrbHZHLzhabEtKMWx5OWFmVk1NNUQrV1ZrYUtBPT0=,2018-09-26 00:00:00+00,publikasi
a34b24ae-38c5-4d11-81b4-f004e2a03187,"Perkembangan Indeks Harga Konsumen Kota Malang, Oktober 2023",view_pdf,https://webapi.bps.go.id/cover.php?f=PEz6wE4DtKQty3qp1yyibTZLakFoNnZmTzkxVE1aSi80V0ozNXMyTDRDck5aR0xkbHRpdE1nZUUyV0lSOExTeDFrNzllVWkwYk5BKzNJRHk3VUlmTEJzazUzNkp1bXNGTTNUaFErZ3dNUG5DVmExekRXbFp0OWEwM2dCN29QVFlMaVVQTm9QWFZTWVpqYWpLb0hIL2J2WTdhM1ZFeWhXbE8zakxyZz09,https://webapi.bps.go.id/download.php?f=WJajSbZvWAZZnbLUY0oVdjI0T2VvRC9TVHlzTnN3ODlvc2xmUHpOVkJzMHE0c3lrYjhNQTM5bU5WYnFKUE5mYUpxUG1zZEp6eVd6Rld1eWRXTVU5UmlPNCtnVmhHdFlOV1dKcnA4enJla2RMWUZ1bXR0dnF4akU5bmJOcnFtYmV2VUhRQmhuQTI0dWVjbGZXd1R3bzZ5c29rZzBvUmpPOHEzSUZKbWRTZDZsZk1ZbFc3ZnVCZzVFZzJFUVZzT1c3LzNRcExLc1JSbzFiSjNocDdydDNlREtZcFZEZ2xIUnFOa2hhZUZpWCtQbmRCVS9wanFZcjJQazZLTjlVK3pCaVlPWDJlSUJESkw4QXJsQVV1ckVXM0ZEZE9nZTZYcUgvdFprS2c1SFZ6VVdKMC80WE5lVTRjKzQ1WlVVejlDcEo4WTY5MkFmUEVtMXlaUjFpVzlQbHpJb1JURE0zNHBKWnoyMkhnWXA3ZDlOdnVXQ0Z5RFF5WUVMblQwQzRTOWw4UWN3T1V3WU1mRTlqaXNNeTI0OVFOS3pkK0ozT2syWVp6emhFVEE9PQ==,2023-11-01 00:00:00+00,brs
a363ab58-4f29-49af-b9e9-e6765f42f8b2,Produk Domestik Regional Bruto Kota Malang Menurut Pengeluaran 2020–2024,view_pdf,https://webapi.bps.go.id/cover.php?f=d4jTlgMLNS3AmOTvphnOE2Yrb3d5eTk2YVp3Q294TkMvMmdOY0tMSUh3TUV2Wm90MFMvYVloVlF2di9DVWVZOEFPR29tKzNac3dDU2JKMitXVE5HdFIrK215YUF2RXdBcS9pellrSVRxQWdJdlIxd3I0cHJVaG5zUjdqZEl4cUpIRDRNdXpPL245VjY4WXNz,https://webapi.bps.go.id/download.php?f=ExqIghbRuOqDe7W/JdWA63JpWUlUZnlrdmxqTFlrVStOL3M5aC9kell0QUtOZW5yWjNlNk5lQ3dGVndoOWRpZSsyVkxVbDZFUEFjTnIrZkFKYnRjZklKT0tXOTB1bEloZktPK3NqQ2tOR0RsemYzTjVTbzVwMkhYWVdCOTZadkRBSU81UTNwK240SWtoc09kUUNDYW5USGdmWlRQclJoREVLVGw1NUlvcThnS2lQZXppZElvaFJ4aEg1a1hlbjdjVzc0WGJaVkJRUVRMUklPUW5SU2FBclpTMlJVZTF2TnhxS3M4TC84NmgrRW4wcit5L2YrZEVVQ090eHZWTWhkUXpORWVXZWhxU2lmL2R3aFZpaUxsUDhqK2FBdENrTlNWQklsRGxoajlEVWttOUFWTElVNUl0Y0UvRlY4OUdTeDZ0bW5obTViN1IyUEVjS2pE,2025-04-30 00:00:00+00,publikasi
a4338365-3305-4db3-a474-bab4cea041b0,"Juni 2026 Inflasi Year on Year (y-on-y) Kota Malang sebesar 3,16 persen.",view_pdf,https://webapi.bps.go.id/cover.php?f=pcpi+VRF0AMq+X0kxCl7alQwTWI1N3VDa1FsTTdUbkxmZHRwNGsvcjZ1cHEwcVRtaXN0TEtGSWFKZFB1ZmZ2dzBRZFFLbko4dWFrOFpUb3VIK2JEdGJKOXlLc1I4Y01iOE1nZnV3PT0=,https://webapi.bps.go.id/download.php?f=wVJddwcrEpIq13lfuf8Qm1BVSWRMMmdHT25FYVgxd1ZPWTNZUFg4RllvcFM4QitsdnpDM1I0R1pUR0E1L0QwdkE4VEgzY2VIY2ttZjd2anAveFFlM1B4dE50WHdTb1JxbklLNE1vWWNMdW5mdDZ0dng4U0RTdTBQWGNNNFJQc2F3dFpwZm9QQWpXWHNTWXp4SE14cURuV25yRUhFeE9wRitlZmoyR0gwdUJMd3FIYkJYMy9DOFpiYjMvWjNIQVI2VHBIamo0a2ZCL0NEZlpveElNNW9uWDUxNVBSZ3pLd242aVZ2YzErZGp2Z054bjlqcHdLbHhOY1FLWU09,2026-07-01 00:00:00+00,brs
a4531d0f-d797-494f-9b78-930d6b6dfc28,"Perkembangan Pariwisata Kota Malang, Desember 2023",download_file,https://webapi.bps.go.id/cover.php?f=iQd7pLDMuH5PLTKnznZI5XljSzJJYSsxTXkxS1ByUW43SEdpZmVMWmVsYzFZeGdIam5tZHYzVWNCSVJtRHhVUVpXYms0WC9lTGhONzg3YkZHbFpvTGkzbmQzMFFscGRiMGI5UEF4U08rdjF0eXdkUWJLMXlLTDZxQWtkT0VZZVY0QXRpbk5yeEVaYmFZWHFUNUk2TGZnNW80OEVhWUZWTnpsRFJTZz09,https://webapi.bps.go.id/download.php?f=B3Rb4jyJro14xnOLULgRxDRxT1ZwanZCRmg3WU4zNGUycnhLNTZNakxkWkVQNTl3Zm9rVXdFellJR2NEQXJjMEZFUnlEYVV3aG94OGRzNnYwOW5HMDJPd25jcEtJdit0ZDZUdkI2SUh3SFhRZ0lSTjBXOTh6NW1kS3BwOFd0dld3U2dVQk9LK2w4WlZENExncFVqZzl2ZkZwWnZnYzBGQ2VyejM3TGNURnlQMUl3aGx1b1FDWndWZVRJZTBsWFNCbTR0ZzB6V082LzFZM3pacUtCa2tTMys5NDBQOWl5Q1B3cTRxTndaNlQyemRneUxTVGlKUXpGTlFoMkdyUnltdEtESlZWYkR4T1BRQ25rSUJhMWEySUFGTjVkOWgvVEZPaEdhZThRPT0=,2024-02-01 00:00:00+00,infografis
a56bc0b0-05e0-4cda-8541-05fc988e94e6,Perkembangan Indeks Harga Konsumen (November 2025)(1)2025-11-03,download_file,https://webapi.bps.go.id/cover.php?f=fZAlIlnivP0Mwu1/9j0v2WV3eEpKL3h3RDRCeFFHRG9MUHUzcjdGMkJqd01WZlFiZ3NFVDluaWt3eDFNRW94TVp5VW9Md2FpdEpuei91K1VyRkl3WnI2M1RodnpteXF2dnp3dE9nPT0=,https://webapi.bps.go.id/download.php?f=wlfoDwmkJHFLaA2clq8sWE9hZ0x0MW1OL25pSVRCTmI1d3JoTkx3MmhmL2dMUzFSRUhHOTVPSFk0QytpYUpib0hzN1g2OHViVCs0N2w3d1IwZ2Y5Qlh1MlR0RnRVcm0xUnFEK0pySEYrMXRmWTdHcnE1NmlTREVqUFk4YVpHNzIzay9GK0xGdysxTWFEUVJldXMvOUlqVjRQbzVMUWhvUUlhWDR2MVQ3WmVuaW1sTFBwWWtyMHFGK0VkMzRiRGx5djNmWjdNNTdmS1RnTnBDbGdGMm5BZDhNNDRia01ORmFNV1FraURkbSs5d0ZyU3pGVmlSYmswWjVQckU9,2025-11-03 00:00:00+00,infografis
a5a7c68d-2b34-4da7-ad0f-339e4eaa204d,Hasil Long Form Sensus Penduduk 2020 Kota Malang,view_pdf,https://webapi.bps.go.id/cover.php?f=VGHKLdJsvWDg24KKBohGdnZXcTYvTndCYjRrQVhMWWpXNzB2NlVHSHJTZjNvcHNwUmR3MTNyZEM1QlU1KzR1RysxQmcyWk15bXpjSHgvbXgvaEw5RWRnMkNmWXludVlqdDZJbDlMdUR6WTBYcW5uYkZ2ZE5Cb1Q1em5DTGl6cVZVUStDcGJjd3FiZEJXUHRu,https://webapi.bps.go.id/download.php?f=fTzb5E0REaSCJUitl0qyEG5CamJ0UW9pd3JCZ3QxS1QvbUpXcWExWmYwR2pmYWpVSGZzWkRoVVRtYUFKK0NsZXFxZ0F1dFdad0tIUXVpV0VZcllyR0dmdTJsczJjUkJyWU5ad1dwbkEvaU1qcjJzSEdEK01idnRjT0lzRmZtOGh0OXF4YVVJNUo5Q3QrVU13dDRnSnBOM0VPOHY1WThXWXVCalRwNFQrMTkvNzB1MUp0RURHeU9LQlNBRmVIMC95UEhYRzdzVU5QR2cxdkQ1NzRVL2J2Yk9aWFI5SG9Sdm9hazFCcjd2di9BZUk3OXl1WEJmMmRtZU5sZUZ0V0VwcURRNHc5RnoxMUJpT1JZdldiZVZjN0VhOXVIVTBMM1h4bHBSRkNnPT0=,2023-02-10 00:00:00+00,publikasi
a5dd5675-4088-43e3-be78-55925312cc98,Kota Malang Dalam Angka 2026,view_pdf,https://webapi.bps.go.id/cover.php?f=ZcJ0OfKrUXPiRf2lLIEiC205SDBwSUczWk1id2xMcEhyOEZKWHRlYWRweXRsZ2o0eGVvcmZCcENUMTh6b1Yxb3A3WktoN0pEa1lhQW15NjBZV21XYnNaWStxZ3YxZ000MFFKcVlZbDRxN0FxSGJkS28xekxyWE12eTNIdXRaaHpGYzBWZlA5SitWTm9zcHlI,https://webapi.bps.go.id/download.php?f=4mgyyjoQQ04B6Kez0N2H4HlIdnVVWC8yUVZzbHd0TVlVdndiZGliRXZvTXpJbUlKR1RSaU5oUWZ6R2ZKWFg5OXk0TktJcmNBMEF3OUI1NzJTSVdFTUh4ODJIMm9rZWdGUmM0Z3l2azVjeTdjWjBaOVBoc2NRMGtFN2xocEJWcC9ORTJ0TW9ZZGpSUTIyUXVVMS9wYUxQdVVqNlFtV2ZpR2lVY25CckVDcDQzRHMzd2gwbWtWcE9jWGJENEhXTmMzZGZjK3BsYjhIMXNLSFVta2FRRDdXYkluOWx2aDV6TXlHZ3pCMDU0V041TUhOZVRWZjVrbFA0Y2F1enBVbVRveXh2eC9jL2VHc09jRmFNeEY=,2026-02-27 00:00:00+00,publikasi
a612b9f3-5c04-44c9-9105-3a4fc3a626c7,Perkembangan Indeks Harga Konsumen/Inflasi September 2012,view_pdf,https://webapi.bps.go.id/cover.php?f=clMqZD+BBv/zhNDG12CUwS9iQ1pXOXFKV01NMmRKV2RBeTBrYVZJS3BiUGUwZkMyQ1EvcUttSEZLS2F5ZjJuNnhPbFN5ZUJIQ0Q4L0c3WGw1cDFzcGRQaWg2dGNUOG00bDg5U1B3PT0=,https://webapi.bps.go.id/download.php?f=lzoWpJUZT97i2lfYbyO0VkIzM0JVMEM4NklFRmNSZlF2RmdCT0FhaVdteUk0b25FMENYKzc2QlE5aWRPT1VJUU9sR3ZPSHVYRy81WmdRTlNNb05KVDRkWlBOZ0NKOWhON1Y2SHV2NnN6K3ViNVhHa2JabHpsZ3d4VlY3a2ltQ3pTWEVtSFVDS1hBMitpdDZCLy9jYk00a3JLMG8yMERBSmw5ekVxWnpqZUFjbjRMdEthei95N3RQRHBMcTVCa2RZR05iMFBpOEFnVkk1bkdJWTFvOWEzTTRiTFlvMFdDbHhjekZtUE9KeHRLUlhOQmhVcCtpQzZJRkd6Rm5VNHRraVFGSFZVQnpHdzEzQlJUS0d5SWNGdythTUR5MDZDamRSN1g1YW81M3dmWUFyNzcxdHpIWHB3WDArWmxsenIra1ZOdXZDem84eUhjRTNEZmVqUzVPOTVsMktWN0FNOGQ5aW5nQWp5SVNnNU85S2JpdmRUKzExYmhUNWcremliekNuYkV4dkxJUjBGMmpGbHpPNQ==,2012-10-01 00:00:00+00,brs
a614372d-e39b-4c0a-b44c-cf4dfafad782,Perkembangan Indeks Harga Konsumen/ Inflasi Februari 2019,view_pdf,https://webapi.bps.go.id/cover.php?f=xozOd2wp1nq4nEvSTADIy2pKRVJpMXEzNmpLRUFSUm1wU2hJMCtXL2NTNnIwc09RWXNxWDNUWnhvMkJlbDZmSEpyTlJoTFNrSXdNc2VDbEo5SllCbmZlQ2ZUUnU3cWRLaEtqOWxBPT0=,https://webapi.bps.go.id/download.php?f=0Mhuq6bQMjtcEUyyovmDbGQwMTBBVlBaL3IvdmtsV3d4YVFQN0MvT3lpYkc5SHl4bnd0eW01S3p3THBidkxtWEFBTjhvU3E2YnN6Ti8xTU1Tc2ZEZ0JMYis5QU5LQm1WZ09aNjRoWTNub0ROQmNCSTdXdVY4UlBHWmxTR2xZZWdnakYrdUdvSW54WDZSemdIdDVabXFkUjluZEtqa1F5NEJQbFFKR0ppaVBkYnlKZEJucmpWbXZYVE0wVWRjUWRiMFZDMi9zNGlDRmdHVnZNdHd4YnNNcXJMK0xuZFpGRE9rSzNoTzdmL0JZbG50MlNNVHVDSGdUL2dETHhMak5Nd3NobGRrYVlRSWpUanR6RlVjUlNvVWxiUUN1eUJKWGtPWU1PZWM5bXFGSEVVaENodmFRMWkvZGFZOUszejdoM0Q0S2RLSzhGRm1Bd2tOVHgrTFovM2RYd0VzZW90MDZMUVpvcm1scm1YVFF4K3FIeWdVWHcrWWJHeGo5b0pRbGJSYnFMTXdWWWhvQ28rbkVpeA==,2019-03-01 00:00:00+00,brs
a6152233-e60c-40f3-944f-5a26d1417eb6,Kecamatan Kedungkandang Dalam Angka 2024,view_pdf,https://webapi.bps.go.id/cover.php?f=QYVEW+yBVUF+vccSgVmH0Hh4V1haaHJ5T0NYMTNzV2dUNk9NVkVNcDhRRjB5M3hZM0pnbzB1NC80bGgxU1dNTCt3d2Y2TmhVSUFZTUxzak56NVVBV1ArT1BhOFF3N2c0Z2N3ZmlVZ3ZiTFRvaEpocEZLaWpBaEhyRmV3djF3UjlvS3B3WWgxUWRGVm9Bbk1J,https://webapi.bps.go.id/download.php?f=Gc9LMDVu3e/bZZjCCyLiHTRBZG5TR0hoVXoyd2x2MDRYOFc3c0VaWFdWSmlYWnNZR0FicVpJUkRYejlveERoR1hFdGdyWHdsRzQ2bUtKdlk0akF5d3ZpaGdTaWVpTXRNa0x6ZG5HR3FEcWpqL3JLVXRlcUY1Z1p2NW95dlpmd1B3OXZpaHhCVHZpbTNiZE1zczE3SVd6WFNGQUlpNEp2bDRxRGowK3RNQUZScG1ZRzkram4rYnB6RjRxd01rVXZQTGFoVlVIQVZ0OFk2Y2srYkZTQXpLNG5VMlY5djN1R2N5K3lyTElERi9tL1dtbElNNDhUTEk1TVc5NGhZSThtRTNUWHJxTUMxbjhWSWpydWQvK3VHbWkxUjlrcmJyRFFSZmFtUVJBPT0=,2024-09-26 00:00:00+00,publikasi
a647b4d7-70f3-4e7b-bfc1-7234b2497ebd,Kecamatan Kedungkandang Dalam Angka 2010,view_pdf,https://webapi.bps.go.id/cover.php?f=KNgyRMgn+cKjWLGQ85foHU8rQ3EvYXNoT1J3a2FrQmIyRlVmRVhySk4xNytRcW90NEthVkM5dUJQUldKWGIvN1hJMDd1NCtPTnZLdTJiNHJFNUFhVWlvZHpzc3U2QUFYZTdsQUpRMzZMZHRQQUJtdE05RnErVFNrRmRLcGZtRk0zbW9OZHc1UVRmSm9lcW05,https://webapi.bps.go.id/download.php?f=iw0cSWUEow6ZQQlg8TAZ6DZCVVViS3FUVjNaUlhyclBVeFh0c2tob25aMEgyTDhQRU80VzVXWlpFT05DK2pXaU5XSGhJaXBwU0t1bk5WTzJqallOUE1zOE8rdHIra0liZ3VXb0NQSmRuNDZvUHFLQ3czL2FaZ1VkR1BBMFRqZlNpSEN6UDh6a2VjTFNBS0ZmRURrM2FHeG9taC8rOWtKL29ldDhEZzVKVkNRM0hEWkptTnNkSmVCYk5iWTIyYUdBOGY3S0JSQWd2aHNzNGZHTk9XdHdKTVFma0Z3L2gxdXg1c3hkU3BZazNkbEJBaUdGbmhzR1kzL3Q0bHdOREJPMTlzUjZPU2lBQTdIc0JObkpBV3pTVkVMczhJSGt3ZW1ITEdubzNBPT0=,2011-02-07 00:00:00+00,publikasi
a684b5e4-2772-47a4-9253-aa8278596ac2,Perkembangan Indeks Harga Konsumen/Inflasi Desember 2011,view_pdf,https://webapi.bps.go.id/cover.php?f=caLqCySHQWsREiGNjrs1sjlqanBGL0tzMTVJTkN5ZlQ1UmNGRDFNcDBtWmFyM0tQTFVIaGRRYk9IaXRmaExnODN3NHhDc3RJeGttRlhZZGkrUE9OclVVblpyL3RRM1ZWSHdmY1lRPT0=,https://webapi.bps.go.id/download.php?f=hb/e0EXnfz1h2Hfyr7Wk2G51U21DZjEzYjZvNkE4cmJNcnVadUtkK1NXdnJxaVhwQm1LZEdEZjRPRGZNNUxQZlJjcE9VUGFOaktIbjM2aDRzNSsxL2JQWVpBZ0dqVzRaMEU0Q0twZnRjTU9xa2hZSlBsNUREbmFNOHlQL0Jwa2wyNDRqcnVEcy9aU3pVNFJPRFEwdnBvRG40NFN5aGIrUWs0eTB4ZjF5QU5aVlE3Znkrd1VONitEZ1hwK0paUzQrb1JKbnB5bGMyZDBSM3drcDVkTXRCLzQ2WFgyY3NBRS9ndmtackwyUmFTcEZtaTVud2szM1dNZXVMRzk0OW1NdENFOWF1TjZ3eFlMSkNXcjhQSXg3V3Jkdnp3UkRtTVNrYVhvVDB4cmkxMFRBYWltbE40a252N0VWL1dla1cyc3E4ZnRWYWpKKzlLSEQwekorZWs5bFBFU25zMDFzN3dmWlA2NkpMS0hFRlJXdnkzRXhPMmttUWVHWVVDNzQrcHJKYm1OYWMrZzNuTUJheXhJaA==,2012-01-02 00:00:00+00,brs
a6a0a71c-7578-441b-adfb-b6b27ef85388,"Agustus 2021 Kota Malang Mengalami Inflasi Sebesar 0,03 Persen",view_pdf,https://webapi.bps.go.id/cover.php?f=+j8WCa/d7d/ou/3lcXdxr3ZTRFBEbU14OEE2aWJtRWJOTHMrM0pJc3pEUTZUOU5uQnBvOTFNVkZqdUwyKzF5c1V2MUxUYWNoTWI0UVU3VkkyY2pkTkFIb1EyaVNabkpnM25CRnJnPT0=,https://webapi.bps.go.id/download.php?f=lbQnLCIAUULUUX6glOJZZmx3Q1RFWjVxUTlHTngwYkk4L081R3p2bTJMVjFvRjBmamx5NHdrb01zVHI2SVBKb25mRDlvRFNoZE5qQzZzemFQWlo5WDBHQXh4OEVZTzQ4bG5Wd0xzZTVlTGR6eFp0OEpweGFWVVZqVXJHUnZmL295YWliZWsyQjhucDVJTnJpa255VDRlN0crMlhvUUl3SHdHWmNMUkFkQUVsMkJVTkRHYVVCejdhNDNsazVPY0Q2YUZ3cnVQUDRVRHptWmpqVGV6MU8rU2IxVUtkMUFqTVBEUkZvZ21oZ2RoZTcxWVdyMGRmNk9yUlJpTzgvNTFKaDZhQThRcjRDZFI2S1B5aW56QTY4djJyclhVZmErMkc5OUZocmhKQ0V5alVFaUI3dnZLVzV6UnkyRVBNb0xYODlYaldOSUtzUDc5ZHVEcGllcTkvVUZGMHBJNEUzaGRId3E3NzRmcDVFRHh3QWlUS3pEY2dFR2Zxd2JzQnpMVFdNZHZ1MndnRWxvY0tmNzEyWVlhaGJXaVZxL0ZlQWp4eGFMU1NZbnc9PQ==,2021-09-01 00:00:00+00,brs
a6d2ea1c-0fd4-4e46-b4ab-3ad913391dce,Kota Malang Dalam Angka 1989,view_pdf,https://webapi.bps.go.id/cover.php?f=cmZ/hrXa5gNHvLXEL0fLpFNmb3l2V1U2WUhmT3pwTmgwOHh0blBNK053UVRHanM5VjhVMDF2a2ZSVGRhSEFBMU9yK0hCaWEwZ1ZESHlWMGlWbzZISnRYZVJRVlRDcjhLMTRUb3hKYlIwNlJzamZhTkhMZnR6Z1haQTFZWVIrV3RoZ3d5ejhhY1NRSjcxbnNQ,https://webapi.bps.go.id/download.php?f=aMSCSS/0YcTmqzchh7e3sVpuVzRONFdFN2QzM1lqdncwNEorc2E0MXpqTktKblNQRmZ6SjlhaW1xUHJRbDI0eE01cGtZZjlvNk9hYUkyWEo3ZStGUUdBQmRzeGZNYUNreUpKRHVMdEhBdURzYVZCNjFXWVI1MThzT0ZzYzRYY0llVmRGRi94cVh4TDRoNWZWVi9sK0c5VVkxMFFpSldFcHhrMkJ5ZVRsdVpBMG5VSnJlTkhnMWRaY1RZNXMxZGFwRHhFZDV0QThWUE5lbE5PaFZ3SmVNQlpQbTU4UXZ0SWhWMHZ4NGJIa0w4YkhBdkxXblFMeFR6Wlo3ek9iN3RjRXFQRHp0bHB5NkxULzBUTWw=,1990-11-01 00:00:00+00,publikasi
a6fa06c8-3560-4211-8e16-2fb4a3bcc5ab,Perkembangan Indeks Harga Konsumen /Inflasi Agustus 2016,view_pdf,https://webapi.bps.go.id/cover.php?f=VIRteOuRrVLu1EjsQdVV/itibU82eEErMGZIUGJNRlN0QnNkVHZIdGpQc1VxcmczTWJyMnczZlB1UnZMOEpoeVcvR2xkMFZPM3ppUm1lRzI0NlBCREZBN2tIdGRzdlFJbktNTXRRPT0=,https://webapi.bps.go.id/download.php?f=monCYEFazkCcQxZKY5ylglNhM1VkS2tqeWNOdFNXZXNFT200ZkY4bk9YWkpURjV4UlR1NW1LU3R1ZW5UdTdFVzZpa1ZwSkJ4SExpUVlRQUVFclpCOEo3VDRuUlBYUnQ3UTZVTDdDazY4RjY5NDQ0VzYxUTNMb0tYOERNVFJacW85Q2JxT01OVmp2VXNDOGhRZXFmMHVJMjVTbTMyWStrMUJQWTBETlVTWmVsNk1TcTJWNXB5SjB5Y3pxRmJwL3Z1dnYvWHpTYUJUNGJwY2dKbHZJQzlJc2pWNDBCQWZERFNTMm5jT2dhcENTVTdHYnlHU0o4dlBNeUlnUHNGK2xxTUMwV2FQdEN3dEhDYWF3WnBGOElxeVFpS3NnNkgvTEluTmdNNHBOK3Z6T2Fsclg2TXBUd0FkcXZUd1AxVDV4SW1iTWx4NTVkcDZoaHZXUDE0bmtFKzQzL0tRb3NnNXR5K0RLanN0QTRqbWFIVmlPRTBJZzBXc3l4MEx5b29Db2FWTTAwS2hFVW1rY2pSM29jLw==,2016-09-01 00:00:00+00,brs
a7709df9-23f3-4b9c-be82-3e939d7f50f3,Kota Malang Dalam Angka 1998,view_pdf,https://webapi.bps.go.id/cover.php?f=FNbvQvn5GHaqDNjunK/H4ElOUjZuNSthYUNsb0ZYNnN1eExaSUo3M1pTbXhiS0lDRVBNUXdsOHNuVFB2TWt6Z0hxOVA3SlZlTW9TYkFPL005VnBheDNLRzdlYVZ0U2VxSnFTT1AyZ3lMWXJOOWh0amlKejNYTHd5aGlLSzVWeTNsYnB3MVJqbVYrUnA1MnFz,https://webapi.bps.go.id/download.php?f=JkKWwWGq0Pt77p3/J3pkxWFuMkZHR1RGa3JZQUlrQjF6QVY4S3hkWmgrTUdwWXI5ZFg5MFYybytWUkRTblVPYlhRSlN3KzRTa1VxY3BhSVo3amZZYnJMU3F1cjVFU0ZwM3drOWNqUnpEU2QxM3Y3TDFDR2Jjc250c2owT2dWaWxHQ1VJSlg0UlF4d2tDQVEzbVRLdGxkVC9qMm4yZkxiME1qeTJwby81NVhWekhMWVVNYVBJQzR2Nmo4bGhkd242S3hHMFJabTd6S1lPYTdidlNqY3RGUzI3KzhGNlM2Wkw5bWhhRlBwOFh5QU9lanFQbWdJSkhTTmZoeWh5TnNZN2VGZ01jQzlqWlhZc2twR3A=,1999-10-21 00:00:00+00,publikasi
a7b5a292-bc3d-48f0-92b8-02f6d16f7ec9,Perkembangan Indeks Harga Konsumen/Inflasi Januari 2017,view_pdf,https://webapi.bps.go.id/cover.php?f=g8v9m1qe93FEboiMxdxfFjBrVkJHQ0Voei9xQUtMclZoUXBaRnFCd3lSMDgvUW9rR21JcUNUbS8wK2VxMkMxbUZ4V1NUUUlaWmdabHRyczMvTWdxY015Q1ZZYm80c3BTNkhuRHVnPT0=,https://webapi.bps.go.id/download.php?f=93PkiRROstiglUn0TO1HamdRLzE0SXZtVHNWazNKMVVldElHOEN1VEdNaDVYWThNRVRiZUtidUlVb3duZUxvbjRXQUR4M2t3VVc0d2QxdHdqcVhzWlVERTV3UE84TnJtU0pIRDJEUFIzOS9GbXNtVGlMQUJ6blFsM2hWOGtjUG85Mys4cThnMFV5WWZJTXVZQ0lMQU9aNmlQejRNc3lhR3Ewb29RcmQ3NVFaN0k2QmFINVhpL0ZrTWN0cW5DWG4vQjF5Y1VsM1diSklrQ2pJSmZ4TWJteUptUmtDVlREY1BDNzRSZlR1M0VWMGp5ODFNWTc2QUtQdWlHQTQzNGtJL2FUKzFZQXdNTHExZnhZSHNMclpxTWpGOVp2enpNa0h1MElhenRBNUFQN1JxNWgrSTc2MXkxdzZNUGJtWGR2L25pOXZMN0c1b0VtSmlBaVdkNVdoYllLVkIzU3FudDJKeXlpOVlyK29LU1E1SldPckRlcXZDaUI2NkV1cDRBMnBOYWVGNC9OODNzV2F1ODBuSg==,2017-02-14 00:00:00+00,brs
a7df2d5e-b34a-4c71-a5dc-c9181a0f55f3,Perkembangan Indeks Harga Konsumen / Inflasi Maret 2019,view_pdf,https://webapi.bps.go.id/cover.php?f=GAqnbKLSTMkkTL8W3pjhInNsUmxmaXdIb1A2OXRteUxYSVk2WjcxUzQ1Y3drTC9LbjRjbzgwd2JtNUxiZmFScXBLdkh4TE15RGNCUDV4YWZaODNSczBpenAzTU04RUFqdG42NmFnPT0=,https://webapi.bps.go.id/download.php?f=o7YRcvoPwOTBGqjwoqoVUkliWnQwTnhyTmltVUtyRlBaOUNqc1N1eDVrUUhEQWloMFNDUEM1N01ycURiMy9OMWtubjVwWFhMU1dXZmdYN0hsRzgwOEtaOHVoY2VoWVZSOVpETXk4ZkJDc1Y5TGhwckZqMmRSbFM3MzF6ejMwR2hFQXh1YTloeENHRlVYTDJPMmZtRUVOd2FNQS8wM0t3NDcyZlF2MjcvNDU4SElrd20xeUpFbkFFUXBBOTVuS2FTaEVvK1pUMnRMekM3dHF3aDI5NzhRTUNHeUp1RTR3eUxxT1B2eTJDQUFNMk5TRW90QkxJQmVBc2dvUVJsUzVyb3Bhc2VhVEZnbEVXekhkY3JNWXhMQW0rTmpnaVJMVTVxZXF2N3JwTmgxS2JlS09kVlVsa3hxblFVVDVCWUJESWZFRDRGeWs5eGladlpUSkVCbUxSdjY4SUJZTkZ5dzQzck1IbEtOSGowbkJuZ2FNNW4xL25xUmltR0ZYM0Y2LzRTOXppdXl1WHd1d1hhYVpRaQ==,2019-04-01 00:00:00+00,brs
a7ea58b4-537d-4b79-b70b-3269f201da3d,Laporan Eksekutif Ketenagakerjaan Kota Malang 2020,view_pdf,https://webapi.bps.go.id/cover.php?f=eiTdrhRqcS4kOzeIZcttZDhJZkF6YXE5WEppL0VWY2taUDMvNkM1WWJ3TEpielhkYUVlN01lRnJnQUlGQzdhOU5PS3FLYlFOWHQzY1ErUUxoOHFPUVBRZzhIT3h1bWEwNXI0akE1ZG5kZnA4bFF5ZFRlQW9VY1oycTd4L2RGSXAwamdUdUdsMDVVZmNoSmUy,https://webapi.bps.go.id/download.php?f=/q7BjCxe1pZNHj16DQKmuGJ0aC9Qdm81dVN5NGNESU1GMVFyM1FqanFyb1BiZHg0R1FJOWNweWE5Q0pmWHc5RjdoaFRJR1lReFlLQWh1WEI0c3lDWWR3U0o2NEZCMFBGSDdVRkFucDEzd1NoUjJpdjhud3EwRG5FY1MrZmpldi9Scy9IZ3VWRkhTWERYY2tzYnUwS1VKd0lId0dVRSsrR1B3RGx1dWlXa01OUWpNZmE2a1dOL2FSaEQvYjUvMUJyY0MvbjFVY05BeDRvZjJLcHJJd1huczRCLzkveGJjK3hFcnJINFh3YW9HamI3ckQ2Zk9lMTZLczlrMXBrazJ4cGxua09HMGVuWm9OQ2g2M0hVdzFiQTJJSVptTitkQy95ejVLaGZ3PT0=,2021-04-29 00:00:00+00,publikasi
aa036e90-566e-4ba2-b866-38b45f867c91,"Ekonomi Kota Malang tahun 2025 tumbuh 5,92 persen(1)2026-03-02",download_file,https://webapi.bps.go.id/cover.php?f=Q3ym5gI1SHPoNJqnzJuqPk9Pb0hvdGNibERhZC9ERVFRL2c0SUE4RHBBZGlTcGlqR1hBQ3VVNlM2N3FRMzhkVXRteEdLMEFmU3Z5WFJKVUowemlxVkhySG93dGtvcXRoOTE3UTZBPT0=,https://webapi.bps.go.id/download.php?f=4/pdER+8ndgVoQKVEkT8PGt2VUVFekx5RHJqdjUyM0c0MUlMc3hzZjlDTm1PRVhBUGRuZndOVENMT2FqL1dJRTQ5cXI2aXFrV1RzUHRlVnpPUGJNNnRHd3dJeUhVNHhaSDJmUjgydlNyYlljOXJROVFaNHMyM1NrMld5ZlVKaVFhOVdlZVFFZUUwemU0TjlVRFB2U0ZySFdQSm1uL245ak5xT21hRE1YZW9ZamtNcUpFem5jQlBmVWZHelh1NGlSeHJIamxnU2dPUmpqbkNGZmpLL1BYSllKMVdwRDZHL2VENzFVcm9NVC9FK1VSeWVIdkoyU3RNUGFuaE09,2026-03-02 00:00:00+00,infografis
aafffebc-c93b-4ab1-a403-162dd90b5174,Perkembangan Indeks Harga Konsumen/Inflasi November 2021,view_pdf,https://webapi.bps.go.id/cover.php?f=378f8gZ67Bhrmqo4d9BB2kFqU3pnOWRNazdFcFVINTQyN3VHSlBuS0I0WFI4MFNyMzFPZE1CUDZtRmNIU2NxajJWN3RQcWVyL29kV1dobHRPNm5DcnBsYUNEQXpZd2E1Q0lWcXR5L05DOUZ2cnU0d1MvdzBUNHFrbk1nMEd6ODFPWEc2SlMzQUdZTXNCVVpo,https://webapi.bps.go.id/download.php?f=XJbzy1id6dXoiydw8fStwWFxSUd4c2Z1VHpnT0FlUzNCejJoQ0dtSzBudHQ1bzVJMFhaUGtQaHdQcmVDUWdGVG11dTV0QW5mM1J3WFJORW0xZkkzMElpSjhCNjFZTWtHMUNjM1hKcGNaSExLMG82ZjBsU0JGZWF6TkxtS0JHUCtmcUlvV3ZEYkJiRWd2bld1bFh1RlBqZ0J4eStCaWZYdkdzdThsR1YwN0JZbzMraU04VFUxNDJhY2dsQjZlZkhxRmxWTnFuc2Vsc0hHZnBITlZiMnUyb3QwZklXK3dXWFk2NVBIN0h3RmZ0aGJDby9aakc3dVdtYjJyTEpPeDJyWnJ5VFk5SENUQ1hiaXVYczA1RkFvcGhISFVPc3hwaHJsVXRqcExUUk9JVUhoWm96VysvUXVFNGNQdktXQXRGMFhaU014Q29vUCtha2VvU28vNEJHUW02dEJuZ1FUYVdrSkxqUzBySm0ycDgxZjJZQlFpeHpZMGtRcnR1U21YdEJTcTFPRGFMUC9hQS9CMnRLbw==,2021-12-01 00:00:00+00,brs
ab6f187f-aaff-403b-bf2f-9f355e834949,Kecamatan Lowokwaru Dalam Angka 2010,view_pdf,https://webapi.bps.go.id/cover.php?f=taiUy6SVPDQZ8QVfIGeKyEUzRXBweWFoVkRYaXBoRkpOUmVGbUU1THpuNTMydTRoNDdaM1ZkY2dJWDkvd0pTYmZjSkJwNmo3cVZocFZENkJRY2UvcXJFNGNidkJUZXA1QTM5dDkyRHVNK1c2Zkdudi8vQ3Erc3FhK0I2VTZ0U1ZqSmlzYktMalpMbGY2Mklx,https://webapi.bps.go.id/download.php?f=jKHFGlyAd4T86LZaM0sgNlJpZ25RVERoWFd2VVJiRnFqTmJZcjZEMVhsalJMMkN4MnJwMHpTQzNySmFScFcvN0NwR01Zb2VDQlNHTFg2bzlnb0t6VnNOUmhZRVJaQW5sUkFsejcyRjYxOTFkeHZnNjNBWVJSZ09NZXBJbG9NM2xnTkR5N3JYZkhxK0lYNHUreEJlMDM0WGxDbjRxWmw2VHhKM2l6dzlQMGI2NmU3cGxVcmFyQ3JuNFpjMUNyVS9DK2Q3clFFT2RPNFBscU4yMjUyWlQ1RjNTcUM5T0c1Q0ZMdSs5SGhGUno4MWNWWEtxV1o1TXhqS0hJQ1F3NG1vYnFMRDRsTFRkT0w2K2lkamU=,2010-12-30 00:00:00+00,publikasi
ab7d218d-ada5-4f77-bcff-92e73a1764fc,Kecamatan Kedungkandang Dalam Angka 1986,view_pdf,https://webapi.bps.go.id/cover.php?f=5OxKQGUiqqmXSqAQUowML2dlL2NZK043OE55dWJLV2ttWWRJaHU0VWhCTWV1Zk8wWUhQUGpwUjRLbVBhd0c0WGkreFRjMElVczlhd2ZGbEFiTmh6RnNQU2pXNU1qckhORVNFWGRQOHExbXJ3TEtJenVIQ0pZWXdrZmpDUllCOUQySWZ4Y3pENWpUTUY3ZHds,https://webapi.bps.go.id/download.php?f=JxsevG9xNYJyukEMVJrEh0xGVE83NnhjY21ZUnhsY00rRU5IOFNsdVowcEdDZU1mZm9OM0Zjbm53YjFuWHo4Z2c3cVBLMExsQWhtY3NOa0FmenVQenBHWjFGeUpXSHU2VSsrQ0NXWGc2enVkTzVhdUFIZm8wMEtiSEtXUURQcGFuTGx5UEw2eFBBZ1MzSGFraWlTd3JHRGhQMjNFVUhUdTRNUGJydXR2T1lwZTl2Y3MyVEkzc2poRjRJSG9RbnFrVnhneWJSeU5NVU9JTmExbnc5UHE3NWYvM3ZtNUdkR3A5R0tqaDlKZk1wNkIvcTQxc1VpVDMwN1N0eW4vbEN5dTF2dEd2ZkFsOUg2SjJkMS9pYlhOcUg1ditlTTJsYXR5ZDBxS1JBPT0=,1987-03-02 00:00:00+00,publikasi
acbf7da9-e3bd-445a-9e29-39c6ef4c3975,"Juni 2025 Kota Malang mengalami inflasi Year-on-Year (y-on-y) sebesar 2,11 persen",view_pdf,https://webapi.bps.go.id/cover.php?f=ZyvFKQ+jUMDeKoHPGiettE9VNnl0UlF5Yk4xQTBScHpHSWhyZUNoRnNlNG5TbE1wUStQNFBlcG5CY3RONW4xOTlBSTkvNUJpRmxSbUNGL3pYMkJjVTVZTUdKUlc2U1p0YjZITE93PT0=,https://webapi.bps.go.id/download.php?f=wUhnbax2kbUuPzL6IL4Cu2FUYk0zTmxmNTFDeXo1TFBJSnNrSTNUM0hzRlhvUUJ2ZE5ZcWo1ZEhhWkZibWZlUWdEdWJBVGlSWWhXS2wvUmZ4Ym5hRFRXZ1BaeTRoSHZ6V1dKM0poZ1JCOWVMcTNrNGRDWVMvQld6d0ZwQWtYNEFOZ2VOOWk3UWdYZkdWK0wwQUpxNFA3OE03TUx3VlVOT3E3MmU1eTNZb3B0Rk5FM3dXRzNOTDc4bWE4NnIrcTJPQmM3TUkyWDMyaFA0OUN0d3FyZDdGV1lSL1Q0R2dDVWpnYTBtMitSVUd4Tk0wdVhPbHBVc2NjUmlwQmc9,2025-07-01 00:00:00+00,brs
ace60696-ea68-4b35-80de-b2fb47c123be,Produk Domestik Regional Bruto Kota Malang Menurut Lapangan Usaha 2015 - 2019,view_pdf,https://webapi.bps.go.id/cover.php?f=HuAeKqaU5glQO7N8FowYkVYzRGc1YS94QkVuRm1Gc2hXZ3VuaS9qOHFkMlczK2dCQUg4Vi92UXk5SjhHRmpVa2ZBNlhuTmlLWnRNU3pqeFRBQWU0RG5YWWY0cG5ad3FTNXZGWnkwd25ldXNqZ0E2YURnU2pwaHk3VS9mcEtEK0ZqRlh6Nm0wTzJJS3owY0w0,https://webapi.bps.go.id/download.php?f=v1sbbtGOvlvVKdQ1UdY1Q1dHbW8xZG5rWlhMNm9vTUp1Z3dkY3lKenlZK0ZMR05vdDdpQnlwRlpTMlkxODBzc1NTV09oMzhUc3JCMFVvRmtYR2tWWFh6NXVYUW5YQnY5bWU1TG43b1hLQW9CcXJyc2tqUlNDTU9QaEdCOHhCYXFtNE80MTRmck1iUHZ4UTJpbXNvQ3BuYUw4SmtGd1FsVDlFQVB0c0xBQ054cUtJUkZnWDNmZ0orVnQ4L0Jwb3pKR1FJUmhzOXJlYkFUbXY5VStZZjB4dEtLZVdWOXo0T2dpOUFoKzAyRTZaU09PcjZ1OTRqWm16MlNyZXpzTVdybDdwKzFSZzVUQ2VJaFNoT2NsQnpHVXdtL2ZQeEhhZXFIUFJCS2MvRU9IcVVXVS9XdTFxcU9EU0N3WGYxR0FxZXZvcFZMTlFZNCt5dzBZYzdw,2020-04-30 00:00:00+00,publikasi
ad0378c0-1a1f-41b7-bc5c-03cd98654195,Laporan Eksekutif Ketenagakerjaan Kota Malang 2017,view_pdf,https://webapi.bps.go.id/cover.php?f=/Cq/evMHqIeeuKZimfvK1WEzNVhhQXBZbUpob1NZUmFrV2FnTU51UjkxRWVFU0FTckp3QmJtcFBvVTJBWkNTZlkyOTNzYzJUZlZtaUdGNHFsV0dZVnV3NS9oVTNUbThVd1R5R0JBdjIvZXBZejBkeldQeHhEeDNVQXFOclo5ZWZZTFBNSlFIRGhYb1R6Mm1S,https://webapi.bps.go.id/download.php?f=+n7oYx8LDoxd32pHK32QBFJ1YmYzQnlIVGpRR2U2bGFCRWpGTzg5R3E1Z3BPTFBYSU5PMFNmMnNMN3FmQlhJcVl6NjU4b2JLUHlLaE9Walp0OW5YVzZxRVUwUkFCUEJBaURpMWt4R1U2dWY3Y0ZWbmJWakVBYmpFSUNSRFphTVJGOGdQT04rbFBhQ0VjU0tOSUdjdkJHT0RlTmhFc0RScWhmUk93THJxVCtMdjE5aGdxNnNpMnJkbGxBdGJvOEw5bkNYTkk0bVVCSVlzL1FuajYyam1yYlB4V3hWSDkrRjlrbVBmK1ZBalFEWEJ2WnNESFJEZmRLenpVNXRJOWw1dUFpQVVycVBWTmwxWUlUcmVlc0h6WWhGWFdmUmN3K2k1U0tNbWd3PT0=,2018-06-13 00:00:00+00,publikasi
ad36e15d-f4b3-4340-aaec-28f9fe5e646a,Indeks Pembangunan Manusia (IPM) Kota Malang Tahun 2022,view_pdf,https://webapi.bps.go.id/cover.php?f=b0ZwJnZb9qCyhReeVmN18jJDNTBJLy8xUy9SanhENjhPYnQ3N0c4ZTlQZk9pZXZOT1cvY2IzY3AzM3pJVnlrNk9uZW9Ub3JnN3NCeGV3V043MUwyZ01XSHdEOVpEM28vOWw1NmtBPT0=,https://webapi.bps.go.id/download.php?f=UzRRfC6EPAiqvzxPDArimXpERWtvQmlyQ3cyNmVxWmhsRlpxSWRrVzR2K09TZjJSc0Q0RE9SQXd2WERRV0xyYmFXV1A3WEN3Y1RrNnZsNkdtSTM3cnRxNlRqaElhVjdBaDlDNFJoQ2hhTDk1aW14NjYzd3FNSUVuSVJGTVNsRUw1YW8yQUpQVHlvT1dmWmQ3RGVIeUYwTkIwTjFwbmFrL3NSeHgyWVdiNFFSeVhUK2l0MFcrVmlZOURFNlBYZWFBVUxPM3Bob2xkTWVuNUpxcEdNQVhwc0F2c0lzSFRMcXVRTVRBTUMvWG9kL1llR3BUTW9Dd25STnFnanJCaTV3N3EvRGtCWTFQWU9KRjA4aUVqVjhseHp0WTV5OEcwakNwRWZNcDU0aU50dENIdGpnRmJiS0RpNTZaeFZqMTlMeTdEYmNTcHNlWlAwb3hmTTYvdFAzMXJmbUtKMC9tWFowbWdoajhCY2h0VGFXVElPZ1dzTTNSY2VDMm5Tb3YrdnYxc3F4NDhKNG9BMFl4ekRZcQ==,2022-12-12 00:00:00+00,brs
ada425be-6091-44a3-9496-9ac73a255827,"Keadaan Ketenagakerjaan Kota Malang, Agustus 2018",view_pdf,https://webapi.bps.go.id/cover.php?f=2cqWHf6sHTTbT5O/ZpSNA0NZbzhWNWVXcnRLa0hpYy92ZG9mWjlNenBZbCtCY1VncnBoOVRKQXFsL1dhcE1WckJPcW1DY29WMWYwUTI0aS9HdHZwTjFCUmNJV2NVQ0FnckFqcjRaVGV6MGVSWHJMMm5CaE5ZSXhPYVAvOTVCZlJUWS80cHBoM2NMRlAxK00zYUN5eW80cStxRkhpU1ROREt5VEthdz09,https://webapi.bps.go.id/download.php?f=WRyug71GOLk9zUlXtBLHN1RPTWY0Q0M3cDNIemFBcmUyTjQ2QUlqTmNydTFOUDZ6dUZLV0s2K2ZCMGtyWHVxNTlwQnF0L2hrVVRlTW1CNDZiMVhHYVFqdjNyWTdBTS9FUWpQaUtMcTNBSEF5Rnd4NlRPallEc01mbFJMWHpIU2NTNzJuVWtxbjBmU214bFBObWVxSXlmRDdIZnRiYTRVa3kyWnBlY1djZk9NMWRhOWo2MC80NW9TZkRJM3ZWUmlxVWFYVjVWVHR1THZ0YkhxdXBoSERIdnRQZW1wWVJZQmlsVWZsdGw1RVJKTjd0WldQcXp4Q0h5SGU3V0poSkIzYXhNVFNHODVOV0xabmVXdlNCeDB6cWYrTWpqNlluRWpxVGExUjd6YWM4TnhDakU5aDBMVDFnd2lWcDhkSmNrRWo5S2VvdlBHUWFOSENyNnFPVnVLY2V3ZmlRTzdPWDBGeHh4U2J1dXNDUXRoRHVITVNQdjZVWEVsaSs5U1Z1R3FLTlpIOXE4d0E0Rlp5UmJ6eA==,2019-01-08 00:00:00+00,brs
ae46f001-6a24-4ee3-9b1f-864774a6ad2e,"Produk Domestik Regional Bruto Kota Malang Tahun Dasar 2000, 2000-2005",view_pdf,https://webapi.bps.go.id/cover.php?f=IzZQeWThqeU7msaZLGDO8G9NMkw3eW9ITkFLT0hwbDBndEk5bmpJRmhoMzhlaEU4U1lmZlZtT0ZsbTVSaVVQU0I1S3FMVWRONkt2VkJOU2xydzJjNGNiaWh2anFpRTRuZC9Rczh3VmZ0SFAydGdhWGF5UzJ2WklTOUYzMEhaVnlaZFFOUktVK3hsVGZTMFBT,https://webapi.bps.go.id/download.php?f=mHPPT4Ni3cF6XloeluPhb1JlOS9ueWduNlFvNmc4Njk5SklHeVZ3bklXVzBRSXhja0Y1Y0xleU9LWjlxNElCT0F0MjN3aE1hbStTbVJJbXBpb2xWWkZVZktuTHZZWE1LM0loa3BRSGxOb0k0dHNBRGxsdGJuV014MVhpMEV3cmJvUzRjNlRMbjZqSTltc2UzNjRmVjkrZjh1akhHK2JEWHBnenhYRzZGRWdUQUk1T3N1WW8zdHlNTlRiKzl6Nk1TMzliejFrWkhXMHk0bEt3ODNkQ0F0dExvcFlNRURmM2RQTElBTFpsOWI0REJxZmovaWJSaFIxQXZCSHR6ZzFSN2JvVjdUeFZCaVllZXdqVk5NNnQvRkV6amRHWWp1UTZZQ3ZxVFdKQ3dWYnNSNkN6SlRYMWtySDI3cTJBPQ==,2005-12-20 00:00:00+00,publikasi
aeb0bca0-8cdc-4ac3-8113-62e7b4424b82,"Perkembangan Indeks Harga Konsumen Kota Malang, April 2022",view_pdf,https://webapi.bps.go.id/cover.php?f=1fNUxYS0dhCw6Q3h4499CnRwWVNodVBWUWJBZlQvRmhjcURqbVlibDYxeHZzMTR3UkhMS2pOai9kM1I5andkUDRmdk01WWdCdlZOZ1VpY2dYWUNiV3AwaVdTNm53amM5bU44SlE5aUovNHlQRmdHc0pNNVE4aFFENUVzPQ==,https://webapi.bps.go.id/download.php?f=54hD19U4foXxJ1kGCHXuK0QzNHJLL3N0Z0FCQ1BHcnY3N2RoL0EvT1pzSDFSQmQwTzFTUU9NSVQrY25DVHhYSU5uMS9DRk9NdmRXWGZDaWpRQm9KQzluam5XU0FsV3g3U0N3akpEdnRVbEF0QnpqMWZQWlNHRDlSVlJQeU9Ka3NTNHFQVmoxU05EQ0JPbDRyN1hCTWdLbHJsL1BuRmZkcVBDbldjSWtyQStlVzRuM1plbmRWdndQclVxeUNlMjNTYWpPVk9JYzZEUUFWZ3ZneHhMQ3h5R2hKRGRBOTVoMThrZEN0MmN5RStqbW0rb1pmOElsK09LeG1YMTNiT1RHT09LbnNYZEhKUExYK0dTNGZPa1BWRkloODdzYTk0QmFwQ1RONTZmck5YeVZZS09VZ0dzeFBWVUxnTDBVWEpKc1dHcWlGakFaVGhqS3hMR01xZ1dMVFR5UmhjYUdVVG5QbnpienIrMy84WGtZek5yWmFIWHNTTVYwRk5Ob2JKd2IySGp5cEdPR2N0cHkrWFA3bA==,2022-05-09 00:00:00+00,brs
aebaf185-4dea-4c74-b487-70ff82b5db1a,Produk Domestik Regional Bruto Kota Malang Menurut Pengeluaran 2018 - 2022,view_pdf,https://webapi.bps.go.id/cover.php?f=ptQxJT8eo+G5RBtGlXQPH3NJdmNjNFByMktpQ21qN3Z5enhIRU5PUytKbFFHZkU3dnVJVHJFYzFoWE1SdStQS2YvRERCV0UyQkh5SEltU0VNZWl5dHZlRFN4MTFsb3JsUFJDZTRGZERRUGZ1WGVQK3ZpM0ZmN1VxbkVpOUZzM2dOTU82RzYvMDBGRVora2Zs,https://webapi.bps.go.id/download.php?f=iXlLJmZDbXoDKBLnwIKdQ3FKQ0k4bE9JcWhLVWV3UEdmZUhKcjE4dlFMQXFiNlIyY2NVeWJBQVVZR3Z2azQ5d1h4N1hRdlNDMFpqQ2gyUjJMRzNEekRabk9VM2xKUWZhcTBOQWZpYjdWYnF5Sk8xWDNMNUd4aG5JTFBzRFNDcER6aVNHOXhCaEJKa2pId1RPempGSnl5MjFpTzMyZVR2SGpwR2RSZkpBRFdLVFVzR1h2UFZGOXFkV1RoYlNySExGeldtNE0zbENMdUtHNXpFV25qR3FtRlR6Vk5OY1VEdTFpQSt3ZEJnOHZsS00rdmJEUE5qZXRxVUpNellMVEpQZlpkNFZmQTRkM3ZEbnB3ZTlObDFjWGx4UjNoMkYzTFd4aU5tVDV2eVFIOGJMamxNWTFRbUZkWTN3dnFXc1hhNVlheXhwQUxndTdFVVVlbnBr,2023-04-28 00:00:00+00,publikasi
aebcf77b-9056-46bc-bb84-bb0a704010e9,Infografis ST2023 - I Kota Malang,download_file,https://webapi.bps.go.id/cover.php?f=Q4xsjL4ooRYQezuie9aLB0JmeXRqYTdjd05PZmFjTEZxRXUzS3UwaEpnODVRbFZ4Q2tIVEtadU5hY3RaaytSbEF1S3FEZVVzYnplVE1BZC9iUXpPaWhNczUybm5iUjVhSGowZ3I1U3QzRlV0Y2d6N0NqNGlONUo5RGdCV2lyY2lsTnB1MDkvU0pKRkFjbFFL,https://webapi.bps.go.id/download.php?f=KOKOHtpntqx9R6Sal5AqAmRUbUphU1hDTHArd3JXOXR1dGRMYmtZakpNSWNkdDlYRW5rWHlacHc3dTNoRExVQnZGdmFONk9kcWlYWm5wQnZTYjI0M21LNmkyU3pVUFlLeU0vdEowRnhyaU1FeWFvV3A4d05WQWQxYTVnZy9DTmE3QmlJSW56djBOSDZPNS9YWUNSd3FPNW44c0lWSk9Ba0xvUlliZ1YwL3hVcXJ3Y0Zkbmk1c0J2cG5QUkwrU2QxMHU4RDc0czRqVkpDTWFsU1RTWEVYblVaK0daWkNNNGZSTnJlb0FMbVFXNC9YV2NVK2d0WVY1K2czYXM9,2026-08-17 17:21:39.204332+00,infografis
aebe8dac-0fe2-4871-88b9-28b0f5f26fa4,"Perkembangan Pariwisata Kota Malang, Agustus 2022",view_pdf,https://webapi.bps.go.id/cover.php?f=mZGCPdNxf2kVkcnF4eQYinVtNlE0QWkxUEhKSWFqb0p2Wmp4K1BLbFpHT1Y4ZFV3bm5wWGpnNGFnWHZTSmlySHVTeldtOHF1cDFIQlhqYm9DTEJVNVR5TVB3T1pRc2NDbHhMbXArVGZvSDlHR1dRcmtwRkhWc2lsdFB2SWJPMHVpSXpvSEZhWWUwUEpkblR1,https://webapi.bps.go.id/download.php?f=2tG3UgpWQPbv1GqqzYLOcURiMVh4QjFrUlRhQUhtbVZjcklrWDVjcXlkV3QrR2NVa0I4bUMyVWlwT1dVdkNWeU5xS3Z5bWJKV3ZhckVISU9mS25uUEZMc0l2ZXV2RFRhYUNVKzJEa0ttZkxOWGNiM3p0Y0w2eStMZXRUeEc2Sms2VWFseDQ3U1BWUmdudGV2Y2hXOWg5N2M2VVlHRUdTeEs1cVNwZDFKekNqRUlITEZ5bkpZQ0t2ZU9ralJZS0hHS2xZa2RvMENjK0djRHE5M2ZQNCs5MVBHNVpSRlRIbExJV0RkYVcwM3dYeENvRXJ6b1ZUZjRob2pLTEZpcks3TUJRNVFnYnppQzFlTko2Z3pjemFRY0tJWnlDSkRLVDdlaXhVMzRnTFZLdURlZ3VMd0F5cXdvN0ZXWGVCQllFYnpFdUJCQWRhTjAzNEpsWU1IZHp2MzJXaWk0b1hwOFN3SEZuT2hqdW5JcGw3NHBNS2xjaFVIOGZoQkVwMk5HcEJNeFppc0FqOVNyWnQ5NUw0Qw==,2022-10-03 00:00:00+00,brs
aecfa39f-0380-431f-81c4-44563c198223,Kecamatan Blimbing Dalam Angka 2013,view_pdf,https://webapi.bps.go.id/cover.php?f=wXPC4vTDWYWW6bHifm3wq1BTK29XQ3lYbytYVGZRR1B4M0IxWXFTdGhNc0pScWg1amVCMDlMYU9MVUVZMjBaTEpsejN0ZkdzVzFsZ21KSUdydmUvM1ZzSENpUmdpazVvbXBTZVFqeSs3NjlPeXJjL240Mmx0VmxxODZkZU5DL1ZMSmp5d3I2UUNOVjNsVXVs,https://webapi.bps.go.id/download.php?f=rC5um6nAalbJYkblzw1HfUM0TFV0WDBtVTlUb3NjT0FkbXZiVytCSzFMcUt3UVBsVWtOWGRmRWduakxGS2lBaVhIUWJMSTZROHkrRXlUTG84aE9ucUY1MmlDM0xjOVkxN29CWlAzTlcyVE54ZC9IaVExVlhlN3F4OUFjYWN2NlY1emVRRUJsdEVyRHkvbU1rbkVERWh5Y3lDMVpUd25IQU1yOHB0ekwrN1Q0VFJhdlZKc1BwMDBWWFAyeWFIakl3ODNRdG5yLzg0MXNoTWhLczBWKzk4SEQ1UjB0OXJlT056OXdGMTlDYXlxL3FYS1RwT0dqakd5RWpwLzJHaEs0bmdSRjlIV2Nwd0VOZXh2MjQ=,2015-05-12 00:00:00+00,publikasi
af04dca6-9442-48d4-84f2-c98a901a24fc,"Produk Domestik Regional Bruto Kota Malang Tahun Dasar 2000, 2007-2008",view_pdf,https://webapi.bps.go.id/cover.php?f=E70SqzCnEwUQoxvaPFwJq0g5WDNoUDJuMThkNkp2bUtnV0NEVVlIbXRLNHJUbGl4TzhwYzlIaVhxWEtpWkpqNm9SMURHZHNsM2V1eTAzcFNPK1FDaGc3TjU5bi9OempSdkE1SlM5d2p5NnVuSjNxMUF6ZW9kaHJvd3VxUWloYkdBMFlVR2U0ejAySFNiVFRF,https://webapi.bps.go.id/download.php?f=apnMadPSyPFd5LdNUHJ88jRHZCtzNjBLQS94WW5MakVmRTlab01PN29aMUgwc2orY1hCd0kzMktsSXA1NnAwQTkwOXF2OUdkWEp3cEVKcnhndHhQL2ZhKzlhWnl5NUp2NUJyMmxYK0FObjNBdXJxTGNpRFVuNDFCTjZsLzRXRHBjM0FaYjlIM2piV3VtVmVWdDM5QmtyYnNYSW1KaHd3aElKL3VSa0hlS3NaRlhxbWhGZmp3ZTErbWNQTU9jNXFmSFR0S2pXOWVhTDJjOG1yUXFoSy9oY1dzYkk3RDdlUkd1ZFU2bFpqVlJ3ZEpJMTlSR0dpNVpSS0U4bG1uRFc2MUVUOUJzS0V0YWtuNzZKczVxblJaQklWRG92Ulp4Ym9Qa3lvbkxBOUVBR0JJTFF6V3Q3RGdMRFBDaXNRPQ==,2009-08-19 00:00:00+00,publikasi
af221c99-0d43-4812-b68c-b24a99f33af5,"Pada Bulan September 2025, Tingkat Penghunian Kamar (TPK) Hotel di Kota Malang mencapai 47,33 persen",view_pdf,https://webapi.bps.go.id/cover.php?f=CPceshb5JQcdohoziUSFCnVWK2FtdXpEdk9Bc09ENW8rZGhzcmp4aEFaOHNmaEpvd2UwaVFoV2RMMjIvUWdjNVhTUlp1N0RvM2VWdkRXazlWYkxQdmlNVEg4Y2Q2cTlWQWs1RzdRPT0=,https://webapi.bps.go.id/download.php?f=dKZcI9KMugRypG899q7K31RuWCtDM05IWWtESENMbWlxSlBhay9ockxIdDZaNE4xTm85M0plZVVJbTQ2UStxcGY5SFI2enlDZk5TVDJEVis0RnhzU1pEQlROdEpjeDJUSWROTjdKWU5HRmd2eXhXVnZnZUtFVnRrakxZaVRZcGtQR3lQYVJRdlVuYkFELzlWRnlQUzVHMEJnWHJxUWhDcXdPbjFETEdlb1NxVTE2SkpLRjgyNk5RaCtnbXdpSFNYZS9rWWorL0s0bURDalBmRW10UCtzSE95cEdUVCtNNDhMd0pFeFRORlJTQUlEWUl5TnVNWVNWcUNOS2duM2RCUnd6QjdSVWc5RVZUNjNGbnBmallCbmhIMDlEWWZYbURvaWZkYVhnPT0=,2025-11-03 00:00:00+00,brs
af8aa979-04fc-4781-8ca2-9f8d877ee21e,Kecamatan Klojen Dalam Angka 1995,view_pdf,https://webapi.bps.go.id/cover.php?f=JD84SzFT/IJ4JDPMH9W3M3BCK0hmNlBMNm9yZnpjYXlWSi9hSk9lbFI2YjNSL3V0ZGVIOE5xaWhDZiszU0l1anlCNVZleTlvQkpOaGlYWnhlUHBtb2hkTERuTi9hcUJhaDh5cWw0cTZDWlJvYWVnUG5VbGpQQUNCb3Zuc3FCVFZXOVgydVN3N3lzUlV3WS9n,https://webapi.bps.go.id/download.php?f=7SJF1B4OHP2bxF8umHbIOWY5cXVrYmpSMzV1QzVWR3BQOWptQnRSVDQ1RDFPVkFSd0QvL2tMQVo3NHc1NkZZTGJDNGNIb1dmdkFxaG1ZaXhvZUpBV2M0MU15VHI5NEZwem85d1RiVnY0VXFMdy9DdE1FTGxGeVVFNHdXaGRjUUVkUGZSTlpVckRLMCt0L3IvUkNuUm1sZGtsbTVGZnVKdEkzaFc5SE0zT093cUlaQ0JycEVOb2czaGhraUZkZmpnY1VHS045ajg3QnFLSk1JcnlNTmFqVTNQRGdNK2lUN0tqV3ZWRk5YYUMra0xNdVNJZE9GOHNydnpqbzkwdW5EMlU2ei9ZSVcrZk1pakxBOHA=,1995-07-07 00:00:00+00,publikasi
afc2f1c8-43ca-4c8a-8ba2-33a6ef493665,Pariwisata Mei 2022 Kota Malang,download_file,https://webapi.bps.go.id/cover.php?f=zkHU/qkZcweBDeDIUKV9WmZvcWI5TmJDT2NEUWFPbUROK0c1a2N1RkFtK2pta09sTjdseWI5QzIxb1NpbW10Q1VHZ3hqcWJnTU83UjJ0cVBDTnpCbnNiM3phZVRnamlmbzVOQlQ5NlFMaEtxTzNKVDNaeWFkakJaVVZPTmJFT1o2VzdKcGt1bXVRVEtlODNj,https://webapi.bps.go.id/download.php?f=FRlMjy+DiGZHvCS+KypXRXBJZkZmNXVuV1dFVlFWV1BwZVArNWZhaCtPd0VPY25qdHB2ZTlzU1pmSzIyS1pCQjE5ZDgxN3dpMGsxdUZwcGZDL1R2NXhXOVNSQng4MzdEZVFKUFpHTmFVRFkxUU41LzFYNllRb2t5YzRnUFcreGJDbVpneHRzK3YwTU1JZjNlSWNIV25IYTFZR3hNbENiMTJhZFd5RFhPcFhZc1Zib3BaNnF5S243VFdOSmtQdEZDL0s5M1RzQVp6Q05qZEpUSmt1TGkrNmdtMHFLM2ZSTlIzOXorVkM3WjRLSVZJSVpZdDRHNHoxU0RKZE09,2022-07-01 00:00:00+00,infografis
afffef9d-2005-4f5b-908a-94d6329fe1b6,Perkembangan Indeks Harga Konsumen/Inflasi April 2018,view_pdf,https://webapi.bps.go.id/cover.php?f=naQiJxnD6BP66mZCKejatkpRNDhta0NsbDdzdDVod0thYjV3cVI4YnBaUDc4VHJOVGNmR2sxQTZVVy9BdHVxU2dzOGRqUWlEa2dhbWJuVE1pbTFsQTlkWE9NeG0raDd6VWdnY21BPT0=,https://webapi.bps.go.id/download.php?f=/m51H+bZEd6DqEgWU9c/rUdvZmF4SW1vbUdzcUN0NTRodXo2cW5IYVdnakdtMEIza09NalUzK2d0eGRlZ1pSQ2xpWmRtL0Nnd1N1aHFhdXlBMEdKSGJ2dnlETWxoSUlkM3VwekJiOHNnK011ekM4YVVPeXZlNlVoUEg3OVBXTW5jNWpTTnE5N0VuZTdpd3hIYXpGT0ZlSTZRaVJldUNCQzJZclNab3ZRR25qVlp5NForWDZhNTc0NkQraU9xWU42enJGb0o0RnZ4cUNwNExvWDM3ZWFrb01VTTh4azdWa0c4aFlEdE9qdjRTSzV2WWVRdnIyRmF1bDdaOHpTR1FwUXNGL250d2lzZHd4ZVNJT05NUW5hdjZBL3VVVnhyNk1RUnprZ0l5MGhzQkYvNnFhdEdvVG93NUxDaytwSkN3RDMrSXZxaHdNK0Z0WXAyT2Y0YTNlTVRNRzJjRkVTQndiVENjcXkveFB1ZlhLZVpHWDZBcitTT3ZYcTdzRDhPMkUyMU8rdjFFQkx0SjllNm92VA==,2018-05-14 00:00:00+00,brs
b0bf91f2-aa1b-4328-9cad-6725f3c4e394,Kecamatan Sukun dalam Angka 2012,view_pdf,https://webapi.bps.go.id/cover.php?f=oVfslhLi9I290gmkj+4Uj2FMcTZjSFhkQkZYWVl4RmtQR0xHdjdpdlBLbG5TQ2hJNEtsaFFyQVRMRUI1eGk5bHJsOGdLaWh4dzcyeWxVRElKTytxN25TbFdjKzFYcUVFcGZrc1V2ak9XbnU4YnUweExMM1BNY0FOZXpZV3JIVHA3MDZ5czZzeC90NC9aK1Zu,https://webapi.bps.go.id/download.php?f=xH3jHgj8JsmD9goIJIVFJXFRRy9sc05tc1NNSENnUlBzVjdlSHMrMEJEZ2JYbWtieldScHl6NVlCZkEyQ3Z5UlJYS2Q5V0FXaW93Vlo3RXVvWTJ3R3ZzQXFXbFlxU3FJczBkVlhCTDZDRWZuU0dtUmxXbTZ1YmVqMmJPTFJCSTI5MVlCVU5LL2dmSmUzbi84V08vUkpCWldlUEVPeFNoRmNyN3VoQy9kdDNyT21TZEpXcWM0bTgrTEpWK0xIek5oTGQzOTR0MjNEWDNhSWpaSTNGMnNhSnlUalFDM1BZWnVHd1FGL3lxYmh5WUl2VENHSWxjbnBBMEFGekplWk5vc0Z6alBXbFdvREhlUjYyRkE=,2013-01-28 00:00:00+00,publikasi
b0eaa019-b26e-40a5-883d-ac7dfe69fab1,"Perkembangan Pariwisata Kota Malang, Agustus 2023",download_file,https://webapi.bps.go.id/cover.php?f=Ub7kmWvih4UZSQ30MDXDmTkrMHRpSHlDSFJVOG5sanhaU0RULzkreVIwSnlwWkpSMktZM1F4cHhKMXlCV0Rsd0FLeUxXdzJIOGxvYStqc3VGc0RqQkZ0UFFaeDdVQXhTTWIwaEwrWldSYk5yMkc2Qkl2SWZiWkN3RjNvUUpyVGFZaHp3NDg3QXJUZ0d3NVFESDVWT2tET1VWWWtPVnJnZllqek90dz09,https://webapi.bps.go.id/download.php?f=gYtul5CYF8j91sFJ5RmiDUYzQlhtRm50TUY2RHF1NXhuazF5c0hXVHltY2V1Y0xFZzBsdkU0RzhoZTBaVC9PL05qUCtiTHNmNDhFTHlVeFFYNGVEUjFXWXNTNmlWSzM4Z0c5N0k4UitXaW91R2JBMTRwZUhuRmczYVIyZk5GV3JXdmIrTEIzNXFtSWplampoaG1iYkNLclY1d0dteC9iVEVYMEJ2cC93RVdudXUzZXozV1dxeFRWZ1cyblZwZXMya0Naak1XeThuajVxMG1BT29oeGF6ZHBUUk4xUDVDL0pNTUpKZTBqNk5TZkpRSDgyVUtYWjVLaVlBeThrNGdaMHQ4cFd1dFk2Q2d1L3QwVE01Tzd5TzdKUUxRWG5Md3NrM2g1RFZnPT0=,2023-10-02 00:00:00+00,infografis
b1299c48-7ed4-4bde-aae0-7b42e9f1eb69,"Perkembangan Inflasi Kota Malang, Maret 2024",download_file,https://webapi.bps.go.id/cover.php?f=Sdzb5ie62Mh77mQ9BxPA6XBVTEtIZ05UTjFxRWd0MzJ0TjYxVDk0b1Z2SkxKTHVHc0tXa2FXQWtNQ2VGdHMvM1FDbmRaaVlVNmtaQTlpV2Z1c0tlMHcvL1FnbUZpWjBGRnA4MTdtZDJoSWd0K3RwV3lmK0gxeUtxYk5hQTMrZDUxeHk0eitobXdOSDlJS1NlR0hzT2JiNERUeVRXbUZoaU41LzRHZz09,https://webapi.bps.go.id/download.php?f=/dcbv8godNBSwu9SPDxhz0F2Wk5NVzRIbDNwNVBUZVlXeTZkRFNPV2hrUkRoQTJpWEV0QklOMUowSDVhc0VyVWUreDhIWmtCV0xqWU9yMmduSng5MmNRVlVyM00wM3doMGJxSENLYXN0QjNManc4TFozMmU3VVNxbkZzOHYxdmZLYVpMQmNNallDNjMvcnk3ekw4ZHZJcWxNVEc2WHNEekZmVlh2RGtsT2VXNUpPc2V0MzAxQU5yUjdUOXg5YVNTTFArWWZzLzFXZVlsTDhoanpPUWcrQ2RhQWRDZTBTZ1Z2QVNERmpDTzNkZXJDQTVGZmtsR21QQUFESm5rRUVydERJc0twc2RpSVllb0xaclA=,2024-05-02 00:00:00+00,infografis
b1a6e605-825f-4c8e-b0de-ad50a46fe45f,"Tingkat Penghunian Tingkat Penghunian Kamar Hotel di Kota Malang Tembus 48,57 Persen Selam(1)2026-08-03",download_file,https://webapi.bps.go.id/cover.php?f=1533eFzkYLCeueYW9wAhUEhEdFFzMnF6bnlONGorQ3Mybk16L281ME5XUUNRa3Q4RHB6NjVlcVJqUGdkSFZhZGtLUmZlUUYvaHBGaFJBaGJHV2V3TUE1STZ2STF4WksvbWtEY0F3PT0=,https://webapi.bps.go.id/download.php?f=Y5r9vx/23aV7Y+5a69ZPNUNQZFh2KzFhdFJQeDRyaDBtTzI3cGxSNFI1dVFGMkRJV2tEWDFUSmh0bGJHRGlNR2xHVHlhRkQ3S1ltcFNZZzFwNXhHd0pGNTRFaUt6U0lIcGJpL2hHUnRIaUE4RzRsS0JyRFBadFJRYjNDVndIMEI5NmFWZ0JWVnBBcHdKT0ZVNVd3Zy83QUdHdTYrVG5DVmtBdW1tL2pVZzJpV0NHUUQ0YXp1ejYyU1JEWmJnNUFlTG1uWURibyszMVhkL1pKY0hDcmlRNmVSWFdTZmtIekhjWDNhck1OSTF5TW9JcnEvQnBKSVpqWGJPRVFlcDFUZUJBTG8vbkZLV0VCTkNyMStKazF0MkxNY0RBSFdhYnA2NjZaZWFRPT0=,2026-08-03 00:00:00+00,infografis
b1ed3fc3-6ab3-4c30-b80d-a36559d8fd4c,"Perkembangan Indeks Harga Konsumen Kota Malang, Desember 2021",view_pdf,https://webapi.bps.go.id/cover.php?f=2njiiCp6wU90QjnHkScXolExek8xVnI4cHcwQnppVTB3akhTdmJ4dGF6ek53M0d3bjdkeHdYN1B5czY1ZXVjbERpejdUeGU1ampWZ2NmQlIrUEZQVk5ub1VZc0FJRThoVlVvb21nPT0=,https://webapi.bps.go.id/download.php?f=sYLbFsq6vlWHaBonTl4ZXm5INEFwZHQ2Z0N6T1FPNnB0UjZWSjRRZzBvZXArdjFHdGZYd2t6bEsxNUFEZ3hUek9FRnNyZWhyeUFWRmZiUmQ0S21YWjk4REJDcHRCdUF5YmRDaGdndTBRSS9YcThWTXhwSmUyRFBGQ2lIVlp3YlEwWWlSb1N4dVBoYXFuM0wrVG80ZTJqSUZ5aERpNnVQWW9rUWVOZ2d4czJzTHlzellNUFpCWU5JYzNXNDhucUp1ZkxDWDhDVk9zaFFKU002djFxdmlXSjR0alZZYlVTSkovL3E5TDRNMkE5SWc0WXRkRVdFa1o4cFFmRFlhZDJKVU5YNGZxVlgxUTZCSDhNanBvSTVaN3NCY1FlT1hKdEdCeVNoUFE2VjJpZjg3MTZVSk9sUEM3TDhkNytkUXVBay8xRzlDS1BrUTFubDJ0T1BRRGJjSDJDVlU0VHdtTHhlOFJVTmkrNW9IWGZCVlNDNldkdm9wdUpCTlBlSHNTZlFkck1XUUc1eDlPeXZnaVlrWWVXcVVXVFd3ekltaldPOEJlRzZKaVE9PQ==,2022-01-03 00:00:00+00,brs
b222073f-32e1-4209-9ce1-92378f5e3dbc,Perkembangan Indeks Harga Konsumen/Inflasi Januari 2012,view_pdf,https://webapi.bps.go.id/cover.php?f=xL8LQYa9XKr9528OK8SGakI4NnQ5RGFOWVF6bXhxMEZtbzN5WXUyN0w2NXJEVlBPcDVjMXBDOUJVSWprR21vOGx5OGllSWdBRWMzNlVsZzhHSEc2ZjRncUJ0bDFad213dnBpMW5nPT0=,https://webapi.bps.go.id/download.php?f=loFhLaDyhlahZvklytYT4UFHVllhclBEVDduUnVXSlB5YlpuTUJrK0daU2NHcXlLa0hzcmdZOFZkVXZCU2tDKzE5UmNBeldaY1hqeXQ5YThWRWxPTUFPWVpZeFVqRzNseVJiZUQ3dEkyczdxRjYvVGM2clRpSlkzWGNuWXdTUkhUUXBjODZHcEwzMnJqWHEyY0FNcUZOSlpHQmZHaGNyRTdoMjl5ZzcrdFJUU25oWDBPWTVNazhVYlg1TzV2cllzY2xZRHIwQmZpQjIza0IvY3JaL1VqbU5IWDZsdXoxekdMMUpwWldSSHQ2N0l2Y3pEZTBVK0R5SFp1ZDhST05icFJtSk0vSkRSZUo5czVUbnhwOVFtckV4R1FwNjNsaDZQY09JY2luUlA2anlxZFAwdDRBU2pNMzE1bHQwUDBMNWFDNURpeTAvbk1oamhqUHErYWpOYUhQelJhaVZvWGxISGpQcmFEU2Ivb3J1eWMraGpYaEJsYUlHVUY3WVZoaG9wRExEVXl2VnpVUFVZUDRGMA==,2012-02-01 00:00:00+00,brs
b2509528-338d-432a-a11a-6bcb095fba52,"Perkembangan Pariwisata Kota Malang, November 2023",download_file,https://webapi.bps.go.id/cover.php?f=xfqp6HmxfZkafAEEgIaI+HM0SVpTQnFGbWR1UDJ6UlkwNCtiK3lTQlZvcFdCRzZwd3htNCt4OW5wRmpDU1VSKzNBM1B6R3JHRDRZUFRsR0VSNUh3RnUvSEVKd1BiQ3hJN2tjSDZBbFZ5MzlWWDR3aGs5V0p5ajQ4S2hCWkNzVEZGRnIzK0ZHSXY0Zmc4OWt0WGc5YW1wUnRQL2FwRXkyVXpzeUdUdz09,https://webapi.bps.go.id/download.php?f=Lg9fDrGDRukTaj5+9uJF0000dUJkRnpZVnVzbGd1NFFyUElCNnZteUE3RHBHdWJpb3E1N2ZvdmZaM3pKUDVIaVh1ZmxhMGdZdGRGUWdvT2FhNTBNcEZ0dXR0akRNQU44TVU0MEM2QUhLQ3lONUNXRGlnZ2lQM3dPdmNlS2R4NTlGZkFyelpBbVNEcFE2eWNmOXJNd3l5dmtFYk1PK1lwcXpyQVFFOFRWVGNuSFRBSkZicUxDTkFFM21PV2J3ekltTkdLUU9WVzZTZ1Y1RUVTMTVBNGk0VTFPRlpEUlRka3J6RUhtWEhOTDhxQS9ORkw5RXc5cHVKdm9pVzdla1VkQ1pLOVNDSkhEd3BzQXYyQ3NVYzFZZldBTm9jazR6VWNiajRRWGRnPT0=,2024-01-02 00:00:00+00,infografis
b36f0668-0035-4901-a8b1-89dcbec0367b,Perkembangan Indeks Harga Konsumen/Inflasi November 2016,view_pdf,https://webapi.bps.go.id/cover.php?f=sU8u/QS0qc86zf0zMr3Gk1VWeHdYd3BCbE9PdUxCYjlxL1dnVmpzUDBGUTVkbTZwaHBOOXI3TW9SWDJGQU9NYjBDSzRjcGpOYkVhOWpxOTAzQ1hGUXY4d0kxNVFoVDNqcUQ2QWRRPT0=,https://webapi.bps.go.id/download.php?f=7ezmKy2n+Ou/g38st751iE1DeVZCZjNQQUJMOE8ycHR2VndSVHE5NGtocHphK3VBMkwyWVJnNGJuUGtrdzBEd0VEcnljcEJPZ3lNb3FCZDZtNjUvMXNBVFhCUDRMMDlPUzl4cHBVYUNNYjFCWlU5Z3pmcXNnSG1oeE1NUFNtVFRyaEg1TnplMTE0WEJleDV3cndER3hZU3VrWDZUTHV1cWZVcFlvWktydnZ3MTNicm9ISVJ1Ym52TjdETzdMejdHOHVXNWxsTURhKzhSM05Ga2hJQXBGUUtZTUlkejBiSnh5V3ltdFk1MG8vYkZicGRmbXVEMG84TkpXR0JEWkJpRnJkY0Rpdnh4aktpcEhJaTlWaGVqN3FOQ1ZuUzVOWXRZbDN5WXJGMUxsSi83ZGhRVUtJeUl1ZXJNMm80YXhlRTNySk5XV05RY2g1QXdCaVR4aElqZ2FhT203MnlKTnE0aGNZVjBrK1RGOGdvRGJoT0pwUHVqRE0wWXZYQndQVjFGRThKYXA4TnNhYkY2MVFTSw==,2016-12-01 00:00:00+00,brs
b37bb31b-7d49-444d-89d6-320b0f18cf31,"Perkembangan IHK Kota Malang, April 2024",download_file,https://webapi.bps.go.id/cover.php?f=xrk24XMgkFDothXfrwGOw2h2eS9tbC9jbW5qZnUzN29MdlBtTjQ5bWt4OHZVSXZvVXZ6dE9WRUtDNmFBK0Yzbi9VY2kzN3dRclNrczhFOGw1MHZmWG1jUXFSTlN4SnY2djBNYitFeVpHZXk2eGZCYWhrQUROdDhIQXFFSVNIV05WN0JUY3pnQWZ6WGJ2cUJhejJaVEZmNjRNaUVoelNqb0oxb3FEQT09,https://webapi.bps.go.id/download.php?f=XEXNzswBlEXUSslKX3f8XjN4UWRFMTlVVkZ2WU1FV2pLYyt1MXVONThGU3BGSlFIZU9xVEJjTTRzQjV1eDBHenRzM1FNOS93a1BkK2JhRDdRVEZRSkI3SVlsWnc3RWFMeUF1NVZZYWxYNWVidTFLY0RVcnNuelJNamxidEhJVDluWnJpMlQ1YjErQlkva0c5d2dvOHY3U0g1VWFudnYvNkh6Z05rWi9OeU9kM0h4d3FRMGZIT1RDS3hFRjN2bXZKWFBRL0pYeXdFamNSdVFzcklQa2hPemtPUkFjSVRhQU5nMThpTXhSbjEwNWQ0Vmt2cUVXRGxBOXdkbFBxRHdxSUg2Q21DYXFQeUh4RVZ5Zmk=,2024-05-02 00:00:00+00,infografis
b40e63e6-070a-473f-a7ae-a7df42c358bf,Statistik Daerah Kecamatan Blimbing 2012,view_pdf,https://webapi.bps.go.id/cover.php?f=dsiffurv2u1aIfKHRz6gplAzWUZvd3pTWUoyNncwNzIyQ2M5cm50dmVwUDBoaTlMRExkMXVLY2VYUTlYSjM2eVFFSENQekpkcG0xOWZseUNrUTZ2bnFtTENrVytKVWhNMFZXdUo1UHJiZ0I4YWJwL3MzSlhqMklxZjY1aEVzWkJaMGNGRXhaZnU4NEE3MTR1,https://webapi.bps.go.id/download.php?f=jXoxRYplQr4cN9HXN26IM0E0ZGFtR2UyTCtvWW1GYS9ZSzJMVS9HZC9IZ3pPNlh4TjRsbTBsYnlWMFd6S09Rd0ZrNjJaQ3VwRXRocVNhS25LK2lVWmxmaktLaWRYY3ZEU2hKZjFqbTZRYjBUY2ZMMFE4VG1rM1lMejRkQ1pveURwdHhUalFyeDRoeTdGZGhaVjg4eHhzb0VyL1dwd0VHdTZTdWFBTFpWUWMzcyt0V2R1OGROM015azhxU0lGMlliQWVlLzBWSnhHb2JhbmFHbDFkMjBFd2orYVNJcnlaWTZoaFpWYk9DSjBxZ1Jub05vU0hoZldwTTVDVDFGTXM1OGlpNm9DcVFEVzErcFhoSUVzY29sMHh2SUhiZVI2N29ZeVlOUkF3PT0=,2012-12-11 00:00:00+00,publikasi
b4ae57fe-afb0-48a3-8fb5-6fa3b820bcf6,Perkembangan Indeks Harga Konsumen (Desember 2025)(1)2025-12-01,download_file,https://webapi.bps.go.id/cover.php?f=/SmZrbSb3hIGVUNgTq5ZK3YwTXRuTDZWc3Jjd0RzbEhYczlEbmJFWnp2dHJvMmFwTWxFalg1ZG1rcHFCT1gxSmVPbmJzSk81dmtud3ZGVG9zSUVsOEtESy9memVhVXZQSDZVcUhBPT0=,https://webapi.bps.go.id/download.php?f=XLGShYumV/aaHdXKvR9E2HQwYnhCRGlMcDVmd2ViTksrc1ZKZ0FGT3JmajNpS0poRURRL2Fxc3hucG5McUlKT0FzZXMzMm02TEVXMmQwZG0yOGZvV0dQUFF3TXMvWnpJM0lTeEljb1M0MktiNWw3d0syYURNbzNJSEViTFREZkwxS1JaWVNrZkpKa1daNGRPYVgrRndxS3J2ZUlCaTlLeU0zQ0lGMTFmSURFdFlPd1d0eEtwQk03dHNxVGtoSlpTTFVpNUVLRzV6bTdPdFZDNUUrc1hmckF4aTg5WW5LdnBHTUhMZ0N1dlhRa3F5YmNTYlNSZ0l1OXIyWkE9,2025-12-01 00:00:00+00,infografis
b620af51-633e-4386-9145-b929b5047895,"Perkembangan Pariwisata Kota Malang, Oktober 2023",download_file,https://webapi.bps.go.id/cover.php?f=eRtxBAjXFSsqQuP5akX593gva1RqeG93aGsxUWZKeHFxcE1VMGduVEd4TnBDU0tkYUpjRXNOdWd3MXI3UTE3ZnBTbFhVNmdETVNNdlRNMkV0SExTc3doVmszSGRUdFpqRjNwVkV5c3ZBeTU3aXh0VUNmVWYvYUpIV1hSS3F3NEd6UTZSWGEzMXdqdXNpT29RRG1aTVNYWm5rVjJmVjRrTEZPNmFMUT09,https://webapi.bps.go.id/download.php?f=+LgRV6fFg/fBt/8dDXwkum9lbzV1b0NGZmFOVFlscjNnTGpBbmJuNk5KTkhmSFFWVzhiQVhxaDR1YTRuM00ydis4R09FT1lVeE1VMUhxSVpyRnprbzhYOHVQUi9hdlVKS0VVbEJtU1UvT2lTTjJLMjIrTGlvK29ZVEg1Ukx4RWd2eDlKTDg1MnJQWFc1ZHdzTnY1SkYva1dScVNMNlQwWWRvdFhGK28zQzdvdXRyL1hhK2RSU0w5UVVnTk5rdkNaMVQyYmNOYnlwYnhlVENhbnRRcU9vM3F4UkFHVjBzaHNlWlpHOS9JYTd5TUdYajBkQUVWY2k5V3dWWlVJTDdkb0hPMm5oRi9lUmx1eldYNVVLVmFwVVZSK2tQbHJDRGVxRTd2QXN3PT0=,2023-12-01 00:00:00+00,infografis
b621ebc0-ffa7-4442-98e5-ab06a7df7875,"Tingkat Penghunian Kamar (TPK) Hotel Kota Malang Bulan Mei 2026 Mencapai 43,48 persen(1)2026-07-01",download_file,https://webapi.bps.go.id/cover.php?f=gRmnO410szR8p9Bg54Jb0HlrOGdpd3JjZ1FyUnFVZU00WFVOd2RSZ1hnbjVUeWVYNWJhNzZJU3BnZVRoZW5ZTDdFL2xWVzVxM21CUnFLYnljN0tjRVVHMnByeEd3NENHUHlGaStnPT0=,https://webapi.bps.go.id/download.php?f=hORb6Lq9KrvM35B+wRVjPDNEeEJTem92WnRXWldaVlRqWHlnKzMrcWtuNUhHNzlCSHpvUGJodFBYblFjQXZyZ2tySG9jOU50dGtHYUk5Wk1iWERQNmtoUWgvYU8vMit6WVJYemJPRkpwN1VPSkpuNU5WeXVjeWxFUjZvOWN5eFhlMEhpNTFSMEpvQW9QYkhQSUpubXJhZGtuTFVrVzl0bUZpcFpibmpRRW5oWGZOckIzbitiVEx0UStldFMvZ3EyM1M4UFVCMEVFclROMVZzeU5nMGgxdmhWbW1SSFpaV2pBQUdxT2FJWHNpeDF6aDYyKzFZOUcyT0pOeVNaWVpmSGZiMHRvYWkzYTM2OVFZUkdSLytRQVFyd2JFNkp2d1BPS0I3VVZ3PT0=,2026-07-01 00:00:00+00,infografis
b624bea8-3e44-4bed-b779-0fc9f54102d0,Statistik Kesejahteraan Rakyat Kota Malang 2021,view_pdf,https://webapi.bps.go.id/cover.php?f=N0BfDC9wwkeqhYwZUCseMEhWajBML1VVZTIyWG9waXV2RFpsbUtvL3ZVMHZCMWNlcWZ2WGR4aTBYUjR5OGUwQkZyRWJZVXA1WWc2MmtiYnA2dWlCV2ZSNU4yWHU4THpPYVIwZG9RZ21talFVNTE5YWNIYjZSakNGRmsvMGdUbzdoUC9zaXBEZWRaODAxLzB5,https://webapi.bps.go.id/download.php?f=0lIoMMqfZJPKP1LeU+igfnREeExhekdXRUp3YXpuRWJlTXJWcnBITmN4OFZtZDI3dElBUjBjT011aGswQmlYVGV3dkxJcHVIZElPYitVUlVjRSt3MXd3a2JmRjVZL3hIQ3ZnYUZlMFBYN2JKT0ROa3pweE1lLy9hcVFoZUd1cVBlUUs0OERBR01ER3hhbmhScWlFemlRbWJKSDdSbmN2OTFjQzdIK0ZFSWpuTmsvUTBUZWIxYjF6MGxtbnZCeVgvbS8vVjVzek4rWXd1Qjl6RFBwOGp5ZCtmNUlnZTUvbzNPYXVTNGdNeG5LSk1FbHFFbGRwU2xUSk9MNHkvTUdiTWp4U1ZIZzZWSUVuRGtNTXFEeHlLTWtmZU00bEUrOVEydGFBZW9nPT0=,2021-12-28 00:00:00+00,publikasi
b65cd689-feb3-4aca-98d5-d19adcfa51c3,"Perkembangan Pariwisata Kota Malang, Desember 2022",view_pdf,https://webapi.bps.go.id/cover.php?f=DeRRozV69M5m7tKATy6sEGVzeWh2TkRXbU02R0pucHVOZkJKTzFCY2cycU55NkdZbEUxNXBTaGJhWldqN2dnUlZBa2RTcmt3VGJrc2ZuR0oraEdBU0VtSm13WE1lZmREQjVVUmY0a0VVS3pPN3FJMlRrYnhvdTVRWTV4Zldad3g5TFU0SGhnZEg4aVNWa2lDR3UwY1M3YkhGZTJWb0xmMGNnbFdUUT09,https://webapi.bps.go.id/download.php?f=oQuXWF9xV2Qgi2t8qWaGXTBxcjEzdTgySlhlaFR1Tm5tc3FuclkrdElCcWt3eldvOXg0a1lLWGJWbDRPeCtvcjdHQ2NOdlJCc2xWWWxmK3JCUjgyalZvZ1FIL0lKckd6blRYcVRxWUJaNjdEVk1XeDNOVU1OaXR3WmJsY3ArMWlvK0JQMmhWVnArd2NxMnZEUDhrUW5XNGpFZ2tRcVZhZ2k3SmxNT1RHQkZQYjl0dWRlbmpWbStUcWo5djNiaEUyL3AxV215dTQwMHpKMnFqTE5YdlBpWnkyNVFYckpjUE1YWFBpdVExYi9WRW11ZFIxMGtDZ1krT2RDb0I1NDJSWW5NQmxoVjdWR2tNZHN0YkVwdUtweWZ1a2wxZk1ITjNYbnd1TXJ1WWR2SExRaGQ5QWduR3hQeVpneVNvbkd0MFFDWk5NcjFlVmU4Y2J3anpsRDhNOStaOGpINitiTC9iUGIrdUVydE9CYzNHSU1Nb3FpN3Jid21KWERGb203M1lXTVVrQkhweTd0L1hkR3p3VQ==,2023-02-01 00:00:00+00,brs
b6bfa0b1-0c07-4989-a1ca-560da075a87a,Hasil Pencacahan Lengkap Sensus Pertanian 2023 - Tahap II: Usaha Pertanian Perorangan (UTP) Perikanan Kota Malang,view_pdf,https://webapi.bps.go.id/cover.php?f=e5Gl/A3w4AywfvAxDjywMk1KUHpNTlBUS3BGR1JFalpZRHlma3VlK0I4bFlycURqVk11RmxTR3hoZWVNUmM3RVE1dE9BeEJrWDZaWnhEOWVVc2tXNStRM0NORnF5K2l4T3dmeU5Md1dnVWZ1NnJuOGMzR2x1eHlTZFd0YS9yRjZRL284MEtaY0gvYjloZXBR,https://webapi.bps.go.id/download.php?f=lqSBdt6aLajKgBmzeT5GwjcyVG5mUFFLWGloaVUvdVd2SlVqSmlMaDdNbjZETnh6Rms2eUFhcXdmQi9MZ1lTaTBoTzFYOHBtamdHNmR6QUFUTFVOTWdSZGd2aWYwaXZ3TnpvZzB1L1o5ZUdJRkhnZ0tMZi85b3VzMEh0Z2Erd1V5SVJ2MTE1ZVpzRHhlYjJBSEFTOG9HQTdzVEdWZy9SSGF4Z3ZkcDZ2MXFDTXRYSVh5TVI5dC9xWldWWXZIUzEreDB0Q0wwNmxPWXVDalBQeUZnVkFaakNFblRReCt3UDZmZWk0WDNPU0plZ3BqM2JwSkVUalVRNjdLdWg1N3FyZS9sUElNcGQ0djAxRE91YmtId2VucXpJcEpiQytwZ0Jpa0w1WDZTdElnbE9CeUFoTFdybk5nclNsSkpDNXhTZ2p6Q0NQbzBMYXlrUGZDQ3NqR0s5NWQ3LzRjem5tTkVNcHFpMDBxa1pnbE9LQWZld2Q3bnFCTk5tUTRYZz0=,2024-08-23 00:00:00+00,publikasi
b76f4ca7-7e6d-408c-9b9b-bc5199fcaa82,"Pada Tahun 2024, Luas Panen Padi di Kota Malang sebesar 1.610,91 hektar dan produksi padi sebanyak 10.496,55 ton gabah kering giling (GKG).",view_pdf,https://webapi.bps.go.id/cover.php?f=DDG6VSfi++HHmk9ShZUhs1JBcE9PdXo4d1hlOHBZdHd5V2pjRXJaTEVBL2xoMnYzcmpJMzZHcU12SVVzeWhmNUlyZ3pMVE1oYy93c2ZqUFlZMVZ5SGxFM1o2eXcwdzd6Q3VPWlBBPT0=,https://webapi.bps.go.id/download.php?f=zsGn188QOZNKMBIZAkqcsE9lNU96dER1bkhPQzZmOHM0bWs0YUxlU3pwODBOd1R1ZUY4V05GMGgrNEQ5eU9Va1hrN3FlUHRrcEI3Zk5tU2U5MWU0b1YxSlF4L3c2dTJBME52VFlHYVEwWGNyaUFMdll3dmFlNGRod3phWExKVVZYYUFkSzF5eXNmdUFEVTFIdGZRbnFja2I5WVZNN2ZEMkJxU2pFY3h2dXFLSU1zSmhRTVlMR01Jcm0ySVQvT0JnNm9UUGMxRzJGY1VCeW9ETjduZGZmdFJmVWRsaktJMVhIUFRSVllEMkt2dEY1TU9nSldUWWVGRXRyTmRqbkRGaXBYYnJOS3cwZlgrYlQ3d2phSFNHSG53SDVLTmpkTStDb2dzM3VkOFhJQVRUVUd2bGV3KzdLR2xLNGtkTTRMem9HS2ZEem1LTnJIWmhNYzZD,2025-04-08 00:00:00+00,brs
b86c3485-bbf9-42ca-a516-825209672df9,Kota Malang Dalam Angka 1997,view_pdf,https://webapi.bps.go.id/cover.php?f=QEXWf+Ux/atKe7kLn1dOQi9md0tna09zeklmWDBvaTJBc0RTSnJvWXBGYmpram5POVUzOFBnaytCWCtXS1ZFTExhZktGbHNGN2huQXp6TEtZcllJcEgzSVNUenI2ZDB0b0ZmdGgyTTF1U2s5U2tzMzN3QTQ5THlPMkxLTkt6NWpGV1J5Qm5FaytvbnF5U0JG,https://webapi.bps.go.id/download.php?f=PHF9/Yw8Dxo6IrugKhzmEDBDWXE0cTIyQVF6V1dSQTZJK1lXSkdDVDVIdkdrSmFldlRUdkg2SVlHZTFDcGxEMTdVbGQ0UTVOeE9qbzV6amxzWjc4U1NCbGxqWjRBbUpaZzd0MVV3T3cyeWROTzAwT3c5cDFDQ1FWM2o4VTN2SVh4MXRkQTlXMCtuY0RqRzZzQ3Bxbm1lcmpUdHJrbEdULzlQVit4QitZYWFhNGlXTHNHY3J6aFc2YTVhM2Q4Kzh4WUdGeUhXcGZYU202SmFRMmt4MVduUTBDNXNqaTBhQ2lsZHU0SG9VeUlRZ05OajU1cjRrR1JOazlKSXB2MDkraldnRlByWHZjMU1EV2pSUlc=,1998-11-16 00:00:00+00,publikasi
b883820e-8d57-4fae-9285-9e4b640669c0,"Perkembangan Inflasi Kota Malang, September 2023",download_file,https://webapi.bps.go.id/cover.php?f=ji4D6KLtTCaPLUPlsWIslnFqNFd5QjBGYzBBLzErL1BKR25IVElvNk53YndUSUdMMkZyT3pPbFJGSjIxNGdaQUNSUnVSNDFaN0tkMXhiSzZCMjhzdStKYUxGei9Qa1IxK2NFY3BNNk0xeVpXM3kwaGY4ZVQ0UE5ncGlYcHBubkFscVU5WjhFWkEzYnJZZVFOZkgyTDlpalE5ZXFZRVZ3RHlRTVE2dz09,https://webapi.bps.go.id/download.php?f=vyiGysPOl2ueOltYCGv6qEFtNGtZeG1KRXZPK2NKdEVhbjRHbHJocUlDellkU2hGRVB2aGJ2cHAyOU00R0RVSU5tZ1l6aEl4OFZhcHRMb2RYdDJuYUlMcEFHbWRUTzNpRTAxUUZ1amNiRzNSOXF4ZnYwZEM5a1h1dEMzaG4zbi8zc3htVXlDMWY4MDNpa0F1K3dXWXVYcVFlWmEvSzRKbXhRSW84dWd6aVUzeGU5aGFTZjZ3c1BjTVBkVURwYTBZamFkKzJRZ3Y3RWJ2bnBxV2V0RzE4L1NSTjJ2NVBhT1RwY2Qwei80VVc1MlBabVV3OHNwYnBuYlhLL1BQdmJXNUVhWWZRTkJrQllIRUcxeXZiZmg4d0NwYldkK1ZRZGU1VDNVSlh3PT0=,2023-10-02 00:00:00+00,infografis
b8acd0f2-6408-4561-9f36-23aa66a65eb1,Buklet Hasil Pencacahan Lengkap Sensus Pertanian 2023 - Tahap I Kota Malang,view_pdf,https://webapi.bps.go.id/cover.php?f=IlNj021HIV2LnGBjuE3z4zY3UFIzdXJ3ckJTVFBWMUYzbzdkM3dCUjdjZWpMWUNDMzFGVmxveXhiSldSMHljSEwxb0w3N0ZpNlNaQU43S1RrNkpTc0lxSnNDZ2NMMjdwVWVUMVVjbnZ2d250RVNuNzNJdHVNaldDcVJwUG81THpzY3JnWXdOWk1LRXdkcmQ1,https://webapi.bps.go.id/download.php?f=uQptJoLRt6eLF/Q8XMVnPmRzYlRsQjVBOHZ0ckwwV3psR3FKTGsxSnFhSDR6V0IyYUI3dGt6dWhvMU5Ic3lIdDVWWERSaUcySlhKQ1NKaUU2YlZFMFZnVG1qRGZpandSQ3R2dStJWFQwTVc0OGRleGFrMWRWZklKbjFsZ2ZWdlZMWVV1RWRVKzVSaUlYbk5rZUdjcUlUOVhPQ1kzaFRKanJXU3pkSFRxN1BiSmdXZVBUdFFVNTZ0emFRYS9CUHNXS1N0RVF5d0cvZTBjbmZsbUpiUEFucjI4WjZ2eFVUQzRFcmNsd3pIOGw0NkprU0lYMnFiK2owanUxRmtBdmF0T3JQR3Jja0JnamdBdEpDZ2JJbFN4WmdocWlDRDNWTE56Uis2MTJhLy9MU1Uza0x2SElScVhHbWIzTHp1STcyN0FQNWpEMDFWVWwrR0tuT1pl,2023-12-04 00:00:00+00,publikasi
b8be8b41-11cf-4151-9a45-0e409f0f4a25,Kecamatan Lowokwaru Dalam Angka 2002,view_pdf,https://webapi.bps.go.id/cover.php?f=xQC5PthYSdvu1sS+/VATGE5WTnR2c21PWFBSRnlzRVh5cUVDeEVlMEVuajJ5Z1Y3dW9KeGRxNjJaUGs0bW9ETFA0Zy8vRHAvcGZZa0VSOE1lS0M0bTNBa2M0QjVNZEI4aktDK2dPSHd1WHBKL1FBYkZuUDN0dmNMd0dmcWhzMCtvZ2tadVpoNW1pQStDYWVu,https://webapi.bps.go.id/download.php?f=runTwhwUv0jCHFyxRkitAUtVTXUvQTI2V1JTNGhEZjAxSnFUd0o3TXd0aWR4bFJwbTBzZmVpY0pGaFlBSU1qYTJiNUkzQXU0RldkNDFOVWZWTGoySEhmQUtvY1RTNDREalJTYTFFRmpUb2JJSFYxWHVoMytyWWxWbWVhZzIxcDdHOXNEb1piakxtYzBHTnFlOTVOL0xwZXlyVUZEdC9UOWFQb1hsNTA5dmtvS0cyVnlETlU5SlFyOTNCb2c1VG44aFNYWVY5Rmd6TENteWdpbFo5ZVhqL1BBVFVxWlBvZk5BNWUxTGlqNXhHQW1MTmlESTZndTZHQXBNak5PWVNjNXI3OUZwdXYwU3lGTDZKYnM=,2003-12-12 00:00:00+00,publikasi
b966f544-7724-4a8e-b905-f21812df72c9,Statistik Perhotelan Kota Malang  2013,view_pdf,https://webapi.bps.go.id/cover.php?f=1PbEtMuEHVJk3sfDE8p4z3F6SURzQk9FZEd4QU54LzQrUzNkZ3ZIaDZKd1FKNzFtUzM3ZnE2eFl3UTJ5SGY1OFhCTFFrZ2lNcUw0OHo1ZzBzNGpOU0doLzFiQ1RITzNGcjVyclp3QTNZSHZaZzMwWlNpOGIveENXNHdodGJTQ0w0NE8wcmNqUUpGZG1kUTJ1,https://webapi.bps.go.id/download.php?f=rUsdO/x8DcL3/FkzpComekVXQzJYKzAvWW1tVVFCWWNCS3VaOWNtNjltbWtzazNnR210YlZNb2VGOWpLaFMxNEVlcUdwRitYR0YvK0Q1UXdKaCsvL3d4b0tHMkFxbTNuUmhXY1Jnd21MdTltbitVcmV3V2JVZUVEMzdQdVBiVGRPalUreThjTERCV2Z1SEdmZWV1Z2FGU3hVcHZLY29lZEFLcURpMytsNHdyNkpnOXpwaEVuMUZqUjFBOUlnQ0dRcTFPRFkrN3lFNFN2YWVkVTArSkVMbjR4VmV2bk5laXdmYUR2cnd2Z2FxNkM2TmU0T0FsRlNQMFNOR0JXYXg1RUhBMUN6WEZDWUc4VC9XK0Q=,2014-03-12 00:00:00+00,publikasi
ba54ae6b-2002-48f1-bd15-715ff412f822,Kecamatan Sukun Dalam Angka 2020,view_pdf,https://webapi.bps.go.id/cover.php?f=dOaujt8AmqSHOtxqG7IzeHdoc1pkRGxYNWlqTi9oV0U5WkJpbHgramh6dHVGZFBuOWQ3OWZ5YnVjZVZIR1E3T0NOZVR4SjVVdW9OUE1VRC82MFFYeXYrV21Rd000ZFZTMi8ya1hCeHlIbkkzYUdPUlNHSVpiTVppVmRpNWE4YVhPNWJiMWN2ZXhaTEdlTDhG,https://webapi.bps.go.id/download.php?f=6jcgzDoUtGR3bpzDwnEgGXIzSldZd1JoTzVHQkU2blVtR3I2T245RHJGUGZlS0owUnpjS3J4VmIzMzNaTWVnb2Q5Z1pzdFR0cHcyZFpnTnoxa3JUWEZ6WGFIeERnOVRVMlNiQnZUeFhmQnROa2VkZUFzTmJPeGF2QStMQmZER01hb1dUTUt5ZllGOTVGVjdHUDl0bE43L3IxTHI5MzZuUU55QVZwQk9BL2pUUUxMSEJMN0M2VkhnRWViUkZSbnJMUWFUQUFzRFF1QjhnbkY5S1BTaGxObDFJQ3E2TWFuSkpLOE0vS0prc0thUHRXd0pRUlJZNzV5VTV5eFZ1Y1dKMEozaVNsdXo2NEpvRzBFZlM=,2020-09-28 00:00:00+00,publikasi
bb06d37d-77d6-43bb-89ee-10a3dec05149,"Perkembangan Indeks Harga Konsumen Kota Malang, Februari 2025",view_pdf,https://webapi.bps.go.id/cover.php?f=x8gqPKNYcB1C4a9myrvSWWYwT0hIOE9JamJ6SEw1RVl5TnRML2FqN3lmMjlKSythamc5cFMyamsvK1dUajAzY056VjJ0MW16V1FVNXNNSVZ6dFR6TUVQalJHZFdMNGF6Q0Z4d0tPblNDVElSMnI1Ump3c1dnR1J4OUtlaXRyQ2lCMWFtTTBiR2VBS2RYbXY0MHAwTW1RMUFJY2x4a3NFNmJyUTYrUT09,https://webapi.bps.go.id/download.php?f=rpO/Hb7FQIa6gWQk1dOMIGc4M1F1MnF5RWR1MC9XZ2RwTlh4RHdlbFU3QUxmQnVIcUdCUUZNTWZaRWwxOVM0Nlo4NkZlYnkxcnFkbm52RTlaRjlQUUx0VzBiTlpTbit5aFNETG5zWnhYWXppeXo1aU5JYlFDZ1RPa1QxZkRoNzVUckNRbEsyenlYYi8rNlFHRFpBRjBqTENCNmtoSHpoN253QW5kTVVBelJ5bFlpVUt0OXI1V244UUczZWpRK0pCdTBzb0tPSm1zQStiTmdCTFRkd2loSk5rYnU3dWVyeGJOZyt1RmhqZG1YMGxaZEhrYlc5QWxESDZJdFBDNXFDbDJPakE1NUtGbm5pVHlqb2NaWFI3WTBRNEEvRU1DQU1ISThBVWtVQWNGMnp6TGZFNFNlalB0V0gwTTFtNm94VFVxUnBicytBVE51RnV3amh3OHBITWptZDU1bUwrV1dLRHVUckt1QlRhdGdHZ0JVMTcyYitlbXJpNTkwN2g0WWhpa2tDZ3g2RFAvMm13MmxJV1ZKWTVTYk9JcDh6L2JtaXR2SUwxdmc9PQ==,2025-03-03 00:00:00+00,brs
bbb3fc20-4676-4a8f-88b6-ea22d23c895f,"Indeks Ketimpangan Gender Kota Malang Tahun 2025 sebesar 0,137(1)2026-05-05",download_file,https://webapi.bps.go.id/cover.php?f=RvNtOuanXEsRp5MSWdX72TdCU0I4dGh5OTlRVlJTdU5DdVJ5a1QwYXZGaS83N091NTd4ZHE5dUVZOTFCMUd2bEtjTjh6QUh6OXErOTRjVmdhOVJZYWRkbmM0eEZ0MjVrQjJUcnJ3PT0=,https://webapi.bps.go.id/download.php?f=OgqpMAyMFOB/6STD0CvNHG4xdTloRzJCSk52MEhMd3V0RHlzRFpjNW5TRDAyS0xBV0prZFZzdXZidjVhUm00MzR4TUNuSmFkUFE3TGxuL3NmMTkvdVB6L2RRZjhXRzR2WGJqMHFubUdHUWJCUGZhMjEwZ2NjbU80NnZib1FwRnoyMHN2VW9ONkpiZ1Nyd3ZkZEo5VWtPazRKaEZpR3d1QXFuc2R5NU5aYzVVeExTdkcrYnBEdjcxVmt4ZTM0Y3RDakx3Tkdld0dJV0h1eU41TllpU3ZlMlNSOENYYkpkelcvNFo4N29YcGt2V29jbEg0NDBFQ2pyL2hTK1E9,2026-05-05 00:00:00+00,infografis
bbf870c3-795d-464b-a263-661169a20df3,Statistik Kesejahteraan Rakyat Kota Malang 2019,view_pdf,https://webapi.bps.go.id/cover.php?f=mde0UmOVNovz5NyqwmrG8UpoYVVDYVMxdUd1Ny84OXBzSUhqcFU2QUI4dFM4a2ZpeERsWUtuOUt4ZFdVbW5aUXBDcXhxU213VDJDaUlEaFFFWDRZMWEwUnFxamlyR0tiNFNJc083TmRlOFRjajNJTDR6c21Xc2VVc0owazZIWWVJeDVCWXBqbWxCbk1QaTJW,https://webapi.bps.go.id/download.php?f=YWgzJaZRm2JK9xCdFQZRdnF4Y1dTSWxvQzNrN3JCSGZWV0g2TUl5V3R6NUFxUXZTUE9ML3pORHQwblJPZUhLSjlvdUVHdERHYWNHMlluQ2pHQ0NWalF4MWovRWZCUzZHSlIrdHpMbTN6QkkrbHZ2bENDMFMrczE4YkpZVDFSTjd1b0ppQldlT1N4cVhwcnRKbTYxYytESjJidnpDQ25UUk81eHFEVk1BVkpPT20weFIzTUh2MW9xTm5ydlhqc2NGZk9IU2xHYjRyY1dtd1RnVkk5OC84V3FXUitoUFpEUEVkME5pdmhjTERCYzRoZklKeU90UU5FTDFQcklWd2ZOM0xYWEpUb2JDWUpIa09ubnZod0tXbG1EbFY3N1c2Ny9ZN3dISTRnPT0=,2019-12-30 00:00:00+00,publikasi
bc1e9eb8-ce85-446f-a37d-94d1c52e8ed8,Kemiskinan Kota Malang Tahun 2023,download_file,https://webapi.bps.go.id/cover.php?f=rWiUmj+c0aMzfgM27FHa9EpRTmRZcnphNEJORmJrcW9OSVUxUFBBM3NvejgrK1dKNWZoWWJpempXK2U4dkRXZUNDVkY5ZTdtMEcxYUhnNmpzUGlabTJqTUFJRGdmMkVQSDE1d2V2Ynd1c2QvaERhTThpZXVHZ0doVS9xQ0ZIK0QzZ21ZZXdtdDl2YTdUUVpz,https://webapi.bps.go.id/download.php?f=EvJv3Fo385TPtdp3qhlORWdzR1hCTmJ6WFk3OUNjbVdrRXN2MTFHdUdzZld3ZlVaSDA0akwvU2l0WEVkNFdyNys1QXcrWDc2VHRKTDh6VUtkdW9pZ1R1SmMrQTVKeEJMNUlQOUZBV2kwaEozTEJJSW5seWt0YXJ6WS9NNlN0NjA4VnloTm90cXg0elFqWFNqMU5tekZJYnM3M0d2N1JOYVFxU2FvMnZ5bVkyQ1dPS3ZIc2pONVp2dHpTdEdDZ1JkRENUTUNQZnA5ZnpUeUtLQ3lFRHhsOFJMczlJK0orbHRaby93TkVQMlJKOUhrRG16bmp3eGlUMDlVWmc9,2023-11-06 00:00:00+00,infografis
bc7a0cd8-64f9-4338-a15b-cd6717a627aa,Statistik Kesejahteraan Rakyat Kota Malang 2016,view_pdf,https://webapi.bps.go.id/cover.php?f=SIUEHTscj2K9Ugj2Gex+IDhteExLTlRWNTlseTBWZ1VkUXNiTG9qbC9PZW5TRmtRelhqNWQ5WnRvL0xTYXhTU1ZCZzhTSE13Z1ZYYlVpZ2NjVVNqa3lLMytWdnNoZTdqWUJsNENsSjZGMDhoanJCdThhekhNV0tjV0w0N0dTakxabEIrZVR1dzVPT2NORjdX,https://webapi.bps.go.id/download.php?f=8fu/PxnBDmOCMt2KmyXghE5ZSktMM3Bta3FnT0o3T1UwMXA3ME53ZzZ3WHhCSnZDZXRBN0ovN2FoTElhV0VZbkZRd2ZYY0orblVOU1k2NmpaV2l0SDg4SUg5UUpueTVqZjdMVFpaTndObkJDSmhQdFlBVFQzRDRDTHRJdEl5QlZ3Uk5ieGRZMlIvbTBta0hiTjY3aW5lQmxTQldyMlVyNnJueklYbW1tWG1jWjNWK2x0cU51RkE5YzVJSUNiRGliU00yT2JYcm9PamtCTGxwZzhXUzNXcll4QlN5OWpRSmdIT1dOanhEbEZuV0wvT1R4VjlVbXdNTjdUK2dpeFVXQ0VMQVZTSlVrS25VZEIxdnR1NGt5aDhyUDR1RzA3dmpwVGN4Q1ZnPT0=,2017-12-21 00:00:00+00,publikasi
bc83494f-d1a3-407c-8614-a4cba6e0369d,Statistik Daerah Kota Malang 2023,view_pdf,https://webapi.bps.go.id/cover.php?f=cLOdiWEZxSzP9bAHngU86WllTmZZYVBSaXhhVTdnZFREVThkTksvVGNSbXVkcFdCL2J5T2l0cEQ0TGI0bllqUXZCQVd0dTU2bkFRT1dRMEY0WWFJUUFiYU1QUk9CUmIwNHA4UFgyMVNkTkx5RmFSKy9UbyszREIyVGxEOHJncVVaK0xxYlI1SnJqU0s5WVhJ,https://webapi.bps.go.id/download.php?f=aYrHVAOIG0NSYMiedBgu/itZM1AzQWFiZlVOM3JnTDE5czNpYmVSWnpvRmp0Z2E1WDFpN0RWNHlxSU1HemJRNUlRTlQ2SmdHcUdYNlR4LzJNY21odDhLN2dtelh0MkI0K21FVitEclcwaHFoUHFiNkYyT1h3dkU1T0EzdWVLWTZzRUZ5L3lTSCt1RkJVYnU0Ym1nT2w4MmdnMUYrZWFtNjlsc2dnbURUOUQzRi9hNEQ2QVFiMHh6MGZJVWFzTHFYZ1NrUTV3UnJwQWlKR2pXWEptTkxrM2I4eDl6K0NSd2ZMOHFydHZlazd5RkowK2s4L1ZMbXFsS1ZtVEo4TVZLRW1xMWtlWnFKYzlxMXlKWUg=,2023-09-29 00:00:00+00,publikasi
bc9f7cea-eed7-41c3-b533-e35906026b66,Kecamatan Lowokwaru Dalam Angka 1995,view_pdf,https://webapi.bps.go.id/cover.php?f=PBqdN3F78SxeVbgYsnF1gjA5Nk53N2RmL244YkJzOWdaQUJoNFNUcUthbkpJTEFIcDNyWE4wRHNuSWUvOGNIa3lGVit1N1V3Vld1Y1Y5eWFSVXAyZzAxcDk5TlF0blBDUlgrM3RjYy9XTXAwRzFVWnFpNklkTWdvdWtEK0tIUkh1NG5rU28yZTZtRW9RblBt,https://webapi.bps.go.id/download.php?f=Omb4nKsShff/jB4SDRTVWlpUSGNxdmRQYmJMNDRkZEF3N2ZBdmRYbWRaOWFpckRZNi80RmpuQzFMZGVHL1c0VUhndmQ5RTgrb3ROeDRTZms5QndxeENkNWkra3g4RWFrNDBpOUY5SFcxZVRMTytRTktBWDJic1pNeTcrUExMcHk2S203bFRId3FjWk9MaHZ6WWN3RXRzck9NdWFOdDN5SURXaVVSSmRxdE1TcFRqUmQrQVZpMEdDR1dGRnlJQVFUbzdVWm9JY0QvcnMvMGZhVlArclJwUitCVjFOZStkSVN4Tzg2bUdKdnlKcXRPWUEybmIzbTVHSUtlUVAyTGFTTnJTV2ZQN1RXMXY5eHBoNjQ=,1997-04-11 00:00:00+00,publikasi
bd661c7a-02b4-402c-be86-223691f14da0,Perkembangan Indeks Harga Konsumen/Inflasi Februari 2016,view_pdf,https://webapi.bps.go.id/cover.php?f=G4Hfoo337f1GGjV9bOYjLFRxUkJCWllML3ZxbEYwUkhCZDZoaWhPaVZmQVdabE9KZU8vVWVId0ozRnIzb25QWGxnZzZIYlFacXN4Z3kwNFBhNktYNDZ5VGdvRitJcWV6YVZzb1d3PT0=,https://webapi.bps.go.id/download.php?f=6JyckaESgTqJl+pa7TJuN3Z6NW05QXk0YUxQcG5zRHJKTVJpRktHQjNld2JaVWVJM3hxUTVDOVR0UFQzWndMNkw3MVVGYWJIS05LRHNHNitYeFBpU2dWcVpXeHByYTJsVER4a3NZV3dmNVFRRG5UeXpUcjBMSUlLUDdMajRndFBEMDdLVVBaS0lJSzRwaGswbFV2VnJOS0NoeXMvYzJ2Ti9hU2hmN25EaHNwelJBMlFKTVJtbm50WGdZZFFZbTdDTkFNQmg4b0F0d3NHOWp0emhYcUlweEF5ZjY2OEw0dkdEVlhjTmFjQXZya0M1QjNBbFVxMUUxZ1ZFSXdaZ3RiSTdSZ3JzMG02NEtuckl6Wmxid045NXJSNm84UDZtTTBtR1ZwTGFBSExLQXFlc0JiVlFJZlR3aTB0ZXVrQ0dFc3MzZG4zVHIxc3R3cVgzcWhJZlFDbkJ3NXF4LzJEVS9YWVVkak9TckhZSXJYZ0R0SnJaVGJFNTdZYzRrRHVWMU8wQU10cGYyaFRrVEdhQ2d2aTV4enFHMTdac2w1eGh0YXJnOFhwQkE9PQ==,2016-03-01 00:00:00+00,brs
bd8b1ab6-dc7a-49b8-87e8-c0510adfdd07,"Perkembangan Indeks Harga Konsumen Kota Malang, Juni 2024",view_pdf,https://webapi.bps.go.id/cover.php?f=uIzHc5rHY7KVPNqrN6bX1npGWkVTV3k0UjN2V1FwNmk2a1ZITytoN1NjakJ1S05zbnhPKzJxSExSS3RLMUhmbXBZMk5iRm5MdW0wK1JYVHVUbEpSczdsdlBYQXFEUDM0VHdtUkIwU3hDVDhuWW5XNVlYVGlyeDZGU1NSZnkxZE5RaWJwZE8zajZwdWNBN0ZIODRDWkN2NkJJMUhjSkcvWW9YOS95QT09,https://webapi.bps.go.id/download.php?f=C62Khnyb/BwHk4zxEVpoGnVyVUlsU1N1Z2h0UXRnRzQ1OUZlSk1jRlJNWmtTeFlRbnFWc1ExRnZxUEw4QXB0RXRRZkd6b0R2d080M2JhYWQ4TjNITjdBVi9STjNxa2M1OHl3akRWT1h5d0JueDVVRHVQTVA0aUFvNXJhM1I3aFo2UmdKaXM3SFRpRGRPY0FvdWtxRGtLWndQY1hTSkxnNHNncHV4NlFsUjJnZ0VUN3BvR3BKMkVjREFjbnhGQTZTdWl1YWFLWG1GTnkzTW5hdjI4V210SG9JUkFtRkc3TDYvTjB6OFZjWDFteDNvM2taSTZOZlBuY2hCczF3dllLaUE4N20xOS8wcnVjem1GT21WeVBGb2tyNmRhTmwrNUVKOUlpYlkrZmxQMEdxVEJyNXgvR1J1eWVidVZWdFpndE9GeGdRaS9FZGRIYUtnK1lXTEZUejBSUytLZkw3YjE5aG9YU0ZCRkN5OVJBS3FwSnZxdnVxcGFna3gxOFRBazh1RVRlMVpoUWZWSGZpdWlXQg==,2024-07-01 00:00:00+00,brs
bdee6dc6-f997-48aa-9c7f-53ccd872621b,Kecamatan Kedungkandang Dalam Angka 2020,view_pdf,https://webapi.bps.go.id/cover.php?f=lzL7P+s1dh8CWSeskoa+YUZWYTVjUEFxNDBSMDlIUFhUb0c2Z2pWSnZocEhsbEJobkxNMXkxWGNWSGh4eDVaQm40RGFQS0xzTDNxNUZCejN1QjZlMjU3NzYyUEFPb1JrbGtab1RUREd0L2M4STlWdEg2bWdhZkw3aUlqQ1BTUmJsT0J5UURzTlErS2ZXSGRn,https://webapi.bps.go.id/download.php?f=dNR79uVFNkGDiQJ3pmbcOFlwQlRORCtOeDdORUluRkRVMStHZ01SSXpkdEhhUkswMmVBT3RheUFtaXRnVFFMK0xXZk1US0hrRVZuWDYzUmpBMkFqZVBUREZwTVB0SFJrNm9vRGEvWFZUOUQ0ODhhUXpBaDVIZkZZUTVnS2puUldqbHJnekRGM0dtL2VIdXZzTFZwLzFRZ3ppUVBRK1lmYlU5RlVaMFdPZXlQMjJobHMwak9xNWlrT1JMVFRuTXJsdDYvZ0hGZTBScElObFc3bE94c0QxK0NCaWtMRmNTTjZ3MVUvMjVBZkZBRC9zT0wyOTF6VmtCTTdldU5hd0phZXBvMSsyaDBqQUxma25jZHY1VkVIUGxkUEVjUUlneER5ZHpMMzN3PT0=,2020-09-28 00:00:00+00,publikasi
be088358-1312-4d34-bffe-da472dfc6862,Perkembangan Indeks Harga Konsumen/Inflasi Oktober 2021,view_pdf,https://webapi.bps.go.id/cover.php?f=+0HjWOhkUwcNiHnCI76YkXhzUmFwMUh1YXNxY0lJV283MGNydmJNdkNJUTh0RU1VTWdFVzBsa0dsaVYyMWJpTVR0S0tHYmZRU2kwREwzRnU3cHdaZVJPb0hhMGs5YWd3WlpiVnlPekZ6dDRNdzFZWUJrTUhiMFVsRTdnPQ==,https://webapi.bps.go.id/download.php?f=m6qaUAHBAooV1UoH4uY4DnZ0L21vUDcyOXVudFFaT1lVeW9tVlNoSXNJNXVvT2pwcHduaHpoSThOOUdyOWRYQUt3dlduTVdyRitsRzl0d2Z0NDVYbnpUbTJnbkp5MWtDaUcvc2JBL0xjTnU2Wi9aaW05TUJ5YW1PQ2t3SWFOY2NDaTltTHJwNXJjLzJ4dGZPR1hrdUgrNER5VUY0SjRCYUlIWEtYdGtIT2VPeEdwa3pXMVpGSWhaR2hQQ1AyTEpOck1ldFp2clhScGxPV0NsTnRnU2l6OWIvSThHWVJJdnpHYXIxMkQ3bUFPKzc3VC9KZ2NSWWFkZVFGc2YyV3dITW10YmNyOGdaMCtwcUVCTSswdmxpNkk1OGhpNDhLRXJsTU9qVHpyZTVBOXUyTmJyK0NiM1IxZ1IwSlN6a3J0UmMxa3dNVDYzOXBVQzZmQ2hpbDhuK2JPMXYyYW5naGVFUTZ0OEZrS0R0czV5ZDBFb1NoQ1BPR0Y0NDNHZ2NBREJKZnZ1TzJ5VGRkMkZtb25sVA==,2021-11-01 00:00:00+00,brs
be0cc6bb-a841-4815-8ec2-14c2f52675d4,"April 2026 Kota Malang inflasi Year-on-Year (y-on-y) sebesar 2,7 persen",view_pdf,https://webapi.bps.go.id/cover.php?f=yJyDTcxcR8l6kcTPMQYFPTJGRVJIMzNjOHI2NEhlM3AreE1qMDZ2bTE0RHVqRFpUTUsydXRwVjlhU1huQ1FwQm84NFFYZUpMZ3NHdnEwSllKLzNkeHJvcURncktCQ01IT1ViTUt3PT0=,https://webapi.bps.go.id/download.php?f=VScTL6Wh/ElOzvCMjDPAp3dHR2xDZXVLK21WZlRWWEhIMTFvVHJYRERoSGQ3bStiaUR3WEJSdk9pRExYZ21TYU92NU82MGxKRDF1ZG1meUYzMG44QTcvKzhhdSsxSXVIb2R0V09FcDNTYzdrcWZNS1FqcnhnOWRYR2FZQnZjSlpHSW5ybWRxN3BVYUFBK1o0L3dEUndnYjhVNnpkWWhET2hOdDQvVElvY0xBUG9IZmRvbjhYTjVPYVJTcFVRK2hKajhORTFKdnRDT0hucExDUEh1SUpZemExTEpsY0tGWTBudmFYaUhRTnlMZituWmxGMjdSNnRWNkhvS2c9,2026-05-04 00:00:00+00,brs
be0e7e7b-a6ac-4693-b4db-8eeccc55b0ff,Produk Domestik Regional Bruto Kota Malang Menurut Lapangan Usaha 2018-2022,view_pdf,https://webapi.bps.go.id/cover.php?f=XNKaIaiJSsXNfQQjvr5uZnNxTkVEZmVMdWdacEkzaTdpMkE2U0Y0S3MxU3ZsOUdUcU9Gem9uaEY2NmIyclI1aXJZM3RRSnhLem90VHdLOElFYVd6UXh4emxVY3RwQmdGZWxxQXZXV1FhR1hYSWhyeExtUHpWRVRmU2VreEV6OFpUNUxUU2RmKzQrblh4RHJJ,https://webapi.bps.go.id/download.php?f=mwa9bivmSG2+p0Kp0vy6Cyt0QnpjSXFrYmI0a3BGVVN4T20vSEFsVmJlcC94eS9XQTZUMFBGTTA5RHNaaDFYR3hwdDFwZzNZQVdIK1RPcGJUaEZoeXdUUGJiRGlCSXVLR0NsYzZjdmJLTW1ueW5sZTVOWFFaZ3RNdWFUNUpYdFY1a1VHenc3U29aeFUxaHFCZjNoMnA1MkpHT1ZCL3lkeDloNGlYSVlhVm9iQVllczduZFJmUXRIM1NUNDFQMUZoamsrK0dGazNwSldZTzlVNTI5VzhlQ0N4OFVtZncxcTM1OHBnQVRvU051RVRsRFdxWFlKdTN0Vi94VzZxTW55d0lvV3RpcnRXVUNOUW5IYzlWUWZvYUlXMXpETXFOS1ZzaFlvTDA2VlFXR0NLOVdhdXhZWFVyTHR1TkFWZ3lXNDFrckFCUUpDTERKcVFqRXJ5,2023-04-05 00:00:00+00,publikasi
be145675-47e6-4247-b6af-14ce1ce7be04,Kecamatan Klojen Dalam Angka 2016,view_pdf,https://webapi.bps.go.id/cover.php?f=8Ru4WIlNsK3QmXPj6YLueWFGTE9neFhGaE03M3lJZXBQRTJzdnFHZWpxcWk2UnJxalZ2aks0V2hTTHNDSnVaMG1tcHJiME5rbnptNlloYm9sdWdPVTlSaVVDVnA2NTI1K1R2QStEaVgydkN2di9WZExGV2lYdnhjTHZiOExYa0tXYThFUEtDM2p5eVRWOGdi,https://webapi.bps.go.id/download.php?f=aC4PpbsLflEHDg2zfXh+fGVkbmRqdHhmenZRQTdCVmxuYU9qNHBTYU04d243NTlHSnBKd0tvMWVQUFBlczNrOGpaYy9uWnNEOS9Scm8yRnFvU2I4eFAybjg2dXVnZ0FUT3dtYzdDZzB4VmF6QjVieS9GREJRRmFONjUxbXRoWjBKNldsU083Y0JnUm1MYzNSNWVhMXJRcDdIM05nTVpyNThTYnBNeFBtWnk4dElkdHFZd1phSU9WSnlhd3pXY05QQTNXczZUSFdQVXh3d2JaU2NwL2hQdHBZOUFTZE8xc041VFNoV0J1VlI5dll4dnRhWTJpVFU1UEd5MkxtYm1DODFaR3hISnNZYnptcHFrSTM=,2016-08-17 00:00:00+00,publikasi
be7dd977-5fa8-4478-a0eb-cfeef341e497,Statistik Hortikultura Kota Malang 2022,view_pdf,https://webapi.bps.go.id/cover.php?f=P0V/ORskIyCw/Ll4FrJ5ZDBieXZXYVRNM2RsRU1wSXF2MVFNckh4bml2TDBRTHVYa0p2UWN4MTZhNXgwVHJaOHExd3N4TDd6RzhZcWNVUzRTK2hGUU5RUURzaWVWQllNWGZRdTY1ejdKV1JaTmw4b1pXRWhGdUlPa2IrSmdraFNDTXNXVE9DN2d2S1pmdUpH,https://webapi.bps.go.id/download.php?f=ZiNVzbzmDEp+MKfbTyDR2ThUU3FqeGNCZWdoMEpxQTVndkZHQVpyNWpjZWJiTVFOVHVkeElta0x6bThSRlAxbHBsb3FxSnQ1Zm5lRHlPUm5jdFY4VFhYWGlLeVpuQUVNV3FBbGIzbjAyeWFQNU1xTVIreVY5dElZclhyeDExdGljYldxcDNVbSs5YWtlQTdoS1hHTldHNGo1U1E2dVBxRFJrWVJqYTNDVVEyUjdTNXRpdHJ2Q1NRT3h2NXhTbDVGRCtmM1U3SHJhcGgvd3c1cFMvYWJBWllkV1pvOFk1eFlkZyt0OGNjRXJodFlFTkZnVFM4RFMxUFNaS09tanZxTnNjWHIzejhRYVNFSE1yRGNkMk9lV2pjb0hudmJpaWVwSHorcnJ3PT0=,2023-08-31 00:00:00+00,publikasi
bf092690-2f01-4150-a035-6bda27846f08,Statistik Kesejahteraan Rakyat Kota Malang 2022,view_pdf,https://webapi.bps.go.id/cover.php?f=/Wx7HpOlsjV3oiafT1oAiHBIeHVTMVZEYjFmRGhEeThOOWJEaWpqdUVOZHh1amhKSG4xd3k1alZhd2xRa0JOVmYva1FvYVByVEtPUGVKdzlVREgwd2tnSUFHR2JlSXduZm9UbUljNER3dnd6ZXFXanZWSlNNdzViSXF6OElBdXVxWEFUWW4zRHh1NkMwTGxK,https://webapi.bps.go.id/download.php?f=1AF9eafgiqKc2X27zYP5AjI3OHEzb1prT1dMWEFsRkI4STcrMmRqNHp4bWtFbU5oUUxRd0JEZGUxV1R6K0I3eGpoN21YL0JNVlRsQS83blI4dTJWekF5a0V3QkljT3FoeXFuWkszWkUzWnY4WmEyamozRFYreVZncFhQeEM5aGk1YnZoVnIyejYxQ1pDeXZwMjVKTjRMME55cVB6M3pROUpVdG5GNllvVTluWU55RENRdGk1NXpRb1RiWFVZQ1VWQWo0QWQwaTZlVThJWldjcmI4SUNrRzBaR3BXbVZTM0hYa0ZwQ1VMQ1F5c0ZaNWdNN2lOUFV0WjFqeHg1aUhsbU43TUQrNU93VVdDQk9Gemx4UUlHaWtXaDFMcmRha0I4QmZkN2JRPT0=,2022-12-28 00:00:00+00,publikasi
bf7b8f6a-090e-497a-aee4-ea00e33e7a56,Perkembangan Indeks Harga Konsumen/Inflasi Januari 2014,view_pdf,https://webapi.bps.go.id/cover.php?f=+25As6hDRqYtlnbxhE/Bo2VhTU44ckR2WGYvUW5MdWRvNjhzTnlzWW5HTmdZQTg4NkwwVW1JeUQ2dGxQTUJMNnA2azY2dWNNQjRjbWpaWjlsSGkzanI4MCtKTkFlTkIvUXZMZ0d3PT0=,https://webapi.bps.go.id/download.php?f=HdXb61wtzN7DI1/9jUJ2PzczYUs4QTFiSTdnUkxHMGx4Ylpka1FFbWpsYjRnQnhuUC9JOVpBdThnNmRzV0liN2ZORFVSSko0V3I3R3REYlZQSFZtR3MvU1crdFc2dFFkdzU5ZUhrMDRPQXFLV3pRYVRGZzdJTGFoaysvMG1wYnd5NXpXM0Q4blpUOTZ2Nno0NkgzRGtoNzR1T2k4OG5KbFZDK3RDbWxtYVpCaDFtczRpWGh1bExoanRqL3Z1ell6M2dCVmUwN2p5elZNMW9TYmdNbUlGYks1SFBkeGJOZ0Y0WFlIdXdpUjVBTnpsRVZ3RDh3Y0htR2lRWlBBQWhaV2krUDlvTTZkcHVPRDRzTHcrZExqR2NzYjltYkt2ZDdCclZvd2lkVWVUQStMUitrZytIR25tblBObTZ5b3g0OG1VejY2U2pOV29pRUoxVThadUdkcHJTVTJ2U0szR1k4Vk9WZGdyZElaSjJ0RlVWeG1sWnN2RzJuN05Dd1RCdW5sTEhZTVg1RGp1cGwvY3lEZw==,2014-02-03 00:00:00+00,brs
bf82f0f8-2fc1-4116-823c-cf46df6bb129,"Perkembangan Pariwisata Kota Malang, Februari 2024",download_file,https://webapi.bps.go.id/cover.php?f=3T5GwVRTsg07vmTofEFUE0hyR2Nqb00vS01RbWdSTndGcXNGSCs1YnR2Q3ZhTmw5QWJWdVZmSk1BU3dMUGFPWTJ6TkN6RkhZNkI3WjNJMWdPT1hMQ3FMck0wTFRvekhlUStSTmRwTWpMSW96RWNWMnVnaDJmTmRsMldUNjJabXUyTUZMZVNGbERNaktzb1BsRHhWYWFiVjVla1hqb1lsNS9ZV2MvQT09,https://webapi.bps.go.id/download.php?f=gzKfq6dXemmgSPybQl+H2Tg3TzZtaWxJV0VkQ0dsMFNKYTVRN2JpUXEwRmtJdDg3N0ZQL0lvV1RLU2lQaHN2M2c4cm5pcFhLQ1NEV3hKT3N6amtSaFRQUytadUp5cXJ6bk1TMDc4ZDBPZEZaSno0REhhRGFFYWNXM1c1LzBjS0lWSHF5Yjh6d1Irc3RmSUdoWmFCSW1GOFZab2gzL1QxYWtDdzJKcVFsaFRVMUIyVnNWcVhleG9mRE1WcEFaeXVsSmI5SVhIRFJiNlAxU1VlM1E5eXVNY3JveTNQN3RnZjhnWUN2VGVsKyt0bEpUSUJXWDlaNzZ3WHZKQlRNNlRwTkhSU09hNW9Id3ZyWCs3R3JhbEd4SUJNQ3hIY09YOXBxRHQwLzJBPT0=,2024-04-01 00:00:00+00,infografis
c0227813-8516-495f-ada5-c69c1d131b29,Hasil Pencacahan Lengkap Sensus Pertanian 2023 - Tahap II: Usaha Pertanian Perorangan (UTP) Peternakan Kota Malang,view_pdf,https://webapi.bps.go.id/cover.php?f=vF1AQ4F0BLoU63xE0t/pc01uVSt1eGNCdlJmMUVDaEp4STkrL2s0VGRreHVIU09uYWVNTVJzZHp1Vm14TGZoVkZvOVBFUzBKZ215Zk8wekR1dHpORUN1SGs0bXRnNXVMVFBJcVM2TXBMN0c4UEc1eVY4cEhkTERTejNtdjZnaWVQMFdkdG1kZndVTWpOdmNV,https://webapi.bps.go.id/download.php?f=R5ixMer1SuQ7SFhNpRmIimFWdEhuUktNMGVjekNxMngycktMa2JkWjBMbHdCZFJLUDF3Szh0bHZJM1hyYitmWG5Xb3A5UW9uelc0SWphQmFzMjVpMkxLRytkOWNKbjBzYmovZUdlT01rVG9naFZlc05BME1DTmtWc0pJeVcwbHlHM3pEdTg4bDQvQk1sRGllY0NROVJsdDVJTjlzNUNDV0U4bEtOQjU0ZzN5cGJxdHFZT3B3aEdmM0JlTVRTemo4dCt3L2pyTjMxcGp2dVh4dlhHWXZtYUpYQy9pWmJOOFV0WURDRW0wLzQxUEx1TXcxdERDL3E3QW8vMVhlVGJqRG1PZENaWmtkY2xYbmEvT1FBaFhrRDhmZVJMV0ZXWWoyOGs2dlQwUS94Z0R6VDZ2RTBNcWtWUEZuQjBaZmxrL0orbzZCN2JJKy9UcnN5M0cwNTFualBMZWQ2MkZ3UERKazV3TE1Ic09MUTNWcVdiUHZMVUxUR0Zpd0VSZz0=,2024-08-09 00:00:00+00,publikasi
c02f801e-307c-484c-ad97-5729f8a89449,Kota Malang Dalam Angka 2018,view_pdf,https://webapi.bps.go.id/cover.php?f=rgU+iaFVjOarhGGHHWlb71FjRGNFUzBQd2dFOG85RW9hRWJZTlp5MW9kUC9PdVRSR3dOREt3QlViWmdFaG5xa1dhN0Y2M3VqL1E2TmQ0R1VDSzNOTUpJT3Erc3JCQjZzWStORUl4azN1MnJQdEw2N3U3S0xrUzd2SVZ1QW5KbVpzTkpNYm13QlFKU0ZLUEox,https://webapi.bps.go.id/download.php?f=RIVtIwiSbd1HEFlGT7XIX2p3NkI0Z2U1RWYrUFVvWFlCWWNsZTdhbTdxdHRTaG5EQnFFNXFNZ2c4Ymw1WFNsNWFTOW9GTmd4UTRVRjRjOFBHdjhONjMzUTdFUERMT3RFWmh1VVREcUh0Nm1EeWNkbFpaNDRocWpGWWxPWkZXK0paelBBaVZKM2ZjdllKcTg2amJia1c5VzVnMVhqc3REZGc2UVlWRzFjc1dFVlZRbEJ6U3gyUCthS2FQVmFYdGNwOE4reC9pUnBTZjhmeENPZlZhT2dwNHVNMVdyS2lCZVJVSk04Nkdka1VTZEFFejU4bkJzTmZWd1F3U25tY29Hb1Y0Vk92anVVWEsxOVJUaFU=,2018-08-16 00:00:00+00,publikasi
c04fe533-cfe9-4bf3-89a4-d3f58ae58463,"Keadaan Ketenagakerjaan Kota Malang, Agustus 2021",download_file,https://webapi.bps.go.id/cover.php?f=S2CwtcpQuDdYGJWgjMiLm0RIMFg2WW9JWThrZWw0bVVrOE4wSS8reWFjZis2OTFVWEozTDJ1d2FZNGQ1eERwcWloWVg1bVYwRlJKQWhWbjFRa3pXNVJIV1lVSzh2Uk9pbmk2cGRRZ0NZZkk4c3JxNFpIbjRjRWx2dDZGZmRpYVFoZ3VEUjd2UUdaN2NNNUsrZVk0Qkh3RldFcm9xeUFQMFo3cUxaZz09,https://webapi.bps.go.id/download.php?f=sFERYMwvIYkygw1aovxE7FdPTk9oeU4waGVaMktJWTJsT0dXRnRQdjhlYXdTUmlRNUs2WHpQS1BpeHM3VFhtd0djbkd5MG1mYmV3YzhDbzBYT1hkdTV4dTRtblU0S2NtOWh0T2NBWmd3YUZDN2I5T2pmRW9kZnFESXhZUDZmRWtnVGprMDE3SWlTRFUvSldTaVkxM3hnSHFQeklvc3A4WHdwUzh2VEtxUm43RXZKWkdzVjRnU3NhdVlDc2UxRkR4MEMreGlTSUNRL1J0TTE3V1owRlFWb2MwRUZBdVFsZWJ1dHk4dXdRdVFpKzY3WmlaTGJoZVZxa2VuSUtBUmptRTl1RktYUlBkTG9CenV6VjJZWExQZENka1BESGZ1QzhDZi9VbEhnPT0=,2021-11-25 00:00:00+00,infografis
c110b7e9-b5ee-4fed-afd9-0ed6222db9d3,Produk Domestik Regional Bruto Kota Malang Menurut Pengeluaran 2021–2025,view_pdf,https://webapi.bps.go.id/cover.php?f=u20cPgYYoCdg+cV0pBpt/i8wRUVRWkhDN1JqQ25DL29NQU9iZUNpZHpjOVhKNWloNGNqOWRLV1ZXK1lkQTN3bkJZSFZhaDI4UlJDclcvaEJwenhFSk56V3dLNElhT0ptV3VSbStxSTQvaXNGdmRTMEY4ZzZkMWZidTRjWkhXRDFKb2lRWnQ4cnMwKzhVVmFw,https://webapi.bps.go.id/download.php?f=0tIn3/r0iliCm9RbGnZhWStvZThwdEtKMll5anNtYUNCL0taZlFGMW5UeU1jL3dZcEdHQ1pjRit2U05lWStoUTZPaVdXQllNclpZbWlxcCswSlYxSitjT3J5M09NWWw2bElnbXdIK0RuemVuV0VWekxXK0NlTUlmQTdzYTdPR0dxdXB0bUFFdEN4djd6TmpYSmpQeFExUDJYZU5BOG9lZlZTcEhMQkltQnNqQjlTbnNhdk1uTTNvMXBDQ1g0Wnl3Wk1tVE80dVJGa0VHRmRMUUFjRVBaQjhYcXpMV09sNGZJSkFjQ1JLamJYNk5BVGpIMm5IQlRWem16dHpURGJaeEJrZkFZSVUwRjJyaWthQXowNE5yQ2VhZzhDeldrMGI3eW45SURvYmhDeG9tUXpLbDF3VTc4UDdzWlMvbm5ZWWd4YjM5RHo2dXcwellwbFcz,2026-04-30 00:00:00+00,publikasi
c158fdf6-848d-4694-9a10-76c1b9393bed,Perkembangan Indeks Harga Konsumen / Inflasi Januari 2020,view_pdf,https://webapi.bps.go.id/cover.php?f=6QbX90DKAIz6C4GIbIw0smZSR3Y3cTFkMU44REViVkwxSEVrZVhCaDNQVEJnclJTc2Q4b203TWtxaUF2ZDA2M1BnUEhFUGt4Q2cvSjYvdU54VDd0UGhndzVlQ1RqT0psc0FNTDJ3PT0=,https://webapi.bps.go.id/download.php?f=8pNeDPAAvUdICR5PAgmmpVZWS2lqZmVCWWhhMzVla1dwaHFOOWNPSmZOdHM5aGlvT0xoRTNrTklmdmE0ZXNmTmlxeGwzb2YxRlVvREpZa2RxUXRnOXROL0JDYkRpb3lnSXdtcFNXRFRLTS91ZzdsUkxJTVpZbnNkK0ZKRkV1L0lOZ050N1lvaGdYT1o5dFd3NnhUVDlIZ1NQb0JBTy9zVnF0V0hiaTZMRkpLWkRIWDhaQjYvSVFzSXNPem1oSUxwaWhKcGF1NW9TSGdVbkdKUG5ocXBaSGFTVzdjcXc3Z0lYdmxTNi8wbVZ2WjE1d2sycmFxc3lWeGY0bDExT3FLQnhtYk8rUjBJV3FxbkZsdzE5aUZwclJqeHk0Zkpqc3kwbVNIYStyWkVHNWJMTHpxL28xWVNTUnJzY1UvdlRJUWtsbU44VjNpSHAzN0h2aytmY2N3NEQ5bDJRVVpoV1lrRDQxMlMveXZJMVN6aklmTVBRWVlhVWhCeUpQcm5QQm9nOExxSHpKZVJseUpmeEI2OA==,2020-02-03 00:00:00+00,brs
c2b7b79f-61e9-44a4-b238-9bfbbfc4b640,"Perkembangan IHK Kota Malang, Juli 2024",download_file,https://webapi.bps.go.id/cover.php?f=nSMbxeta/OlSD2bQu0r70kJLT1BweUtGcUZoR2NLL0I1aHVZU1d2QmJ4Q3lTalgwMHFRTHpBT1ZEenM4U0RVKzFTNEswQllOekZlVWJFUHl2VkdtdUlycHNNOVA5L3oxZmRpV1RMRkhOQlVvMEl2SVNZN0NyWXpmUUU5TUxRMUNPNTJTRGV0YUExbkd1WUw3am8zWXFUVmxZdFhZNUFaZ2w0Vjk0UT09,https://webapi.bps.go.id/download.php?f=/E3ndL3MwuvgmP5YEjCfM28yeGorTkp0QnN2L2RyL3VSemtRVS9sK21QKzA2RW9Rbys2V1ByeVhscThtL2FXQVlsU0Z3aG5VS2dWcTNER1Q0bzA2aFNxb1NQUmE4VzcyQ0tKMlN0S2JsMXZxUDBJKzhTRTIxQ3QvWFl5WkpRNHp5bHBJRHF2ak9kNHJuNERhQldwK1liV2dYUFlyV3JCajJLQlc5djZxSUFtbFJUME1rWDVUS0VjQjl1VG9uT0hZTDFhWVVPK3ZZWnUzMGYwdEJCSFd3MmFaWklMTGJXclVFZUZEbi9XWHBpYmFUaGtraFdkanZwdmFZTWhHYjN2TUkyWjBUcEtWM0hRU1BUdHU=,2024-08-01 00:00:00+00,infografis
c36ed73b-720a-49ba-a440-7a8f514d0916,Indikator Kesejahteraan Rakyat Kota Malang 2023,view_pdf,https://webapi.bps.go.id/cover.php?f=83En/yQqPrWQog94DoGFhkM1WEMzbVg0Y29xQ0p3NzVMNWdzSmxOVXp5YkJ3a00wWTFNU2YweEZDTWdtZ1VjN2pxczBYSFg5ZWMzRjNPWjREejdGUFhQZWdhdWlRb0RPVWt4WGFCTFlqdU55VkpQbzhYRjBPaDZHOEhtQnJKRkNKT2dLVUNRUkdHUTN2cmhq,https://webapi.bps.go.id/download.php?f=U3B9Ith5gr1I+dw6qn7nh1l4bjRHZG5CWXRsUDN1ODBjbjRqbEptZVVYVHh6djY3RWJJc1RMc1cvUHJjWm5taUNuc0c5VG4vMnhaYVBVQ0k5KytTam9Yb1RNdnA4cVRVT01EZld1VFY4a1AwaVFVTnVINGtDbG1LK1NtTjRCRG9FZis5ZEljbmJoK21QMk1xV0QwYTR1eVZDTEtkQjJCSUVJbFAyVXhqMld5WEJBcVcvYnk5eHZiRkNXZWRLNmNGTW9LMzNDa3dpa3JHMmpiOHFZdFJvY2MxQTMxd2IwVmlJZXU0NmdxQkNTU2VvN3huY0k2VVRVL0MyenNxOUZYVVpxMjNHbHJucE9SemNSUUxjdFpuUVk3UEUwZzBUMG5zbWQ3SGdnPT0=,2023-12-06 00:00:00+00,publikasi
c38f90b2-dfee-41e8-9f61-70fcc071cf4e,Kecamatan Kedungkandang Dalam Angka 2009,view_pdf,https://webapi.bps.go.id/cover.php?f=BIbOgEQSRt3vJcrBUVoyLnN6cjFwQzAzSW9STkVMRHl0c3oyRE1LUTVQSmxTSmd4UDJzc2dKSzZxUzRMMXQxWWxpMURmU2NVN2kza1k3SDI3QXpkaTlpT1ZQdHg3NjN4YldjbVhvQXVEN3BUbm5LbENlVW1uQ2FWdlZWLy81ZUhQNnRHSzdZcjYzM050b2RN,https://webapi.bps.go.id/download.php?f=U7KUdJgRta2a8DDdQJnQdTk0WUU3emt3dnR6WkJNRDJtNU1QU2Z6YTN0dU5BWU8zbzh4aCtEYXN1cmVHZTBFeHBrbGFQNnhVbDBaSFNEZXExTzhqZ3lhdVI1WTNFR2ZESDVsN3hiYjBWcVhvbnUvc2VESGhCdVFINktaalZ1VDRkMENjY3RDTzlaeVVRdFhGcWhjUUttUzFtM25sVDJCYU5tZmRLZm5CcVhBblF2Z2dyWTh3RlhlVDhCTEhJWFdiK3U2R0xTZ054WG1UUktEM3lvd1huNzkwRjlJYU1VR1QzOW9WUk1GbEl4RXRDK3RUVnZUYXJUenhZOW9PRGRaaExubDNQNVcrdldmUEpTc2E1VmF4Mm42QjJJKzk4WVM4YUk5bFpRPT0=,2010-01-27 00:00:00+00,publikasi
c3e0219f-199e-4749-be4f-662baa2bce05,"Perkembangan Indeks Harga Konsumen Kota Malang, Juni 2023",view_pdf,https://webapi.bps.go.id/cover.php?f=/tQcrb9MPYpBe3tdAoIoazZHaE53bXQ2ODdYcTJGUmFpZ1dlYkZNM0xjUnhFRzFPNzBYZm13SjErK1NsOHUrazZJZ3RKUGcrNHRrd2wydTRZNnNzbWpiYk1TOGlGKzFEL3ZMeHFVQjBQSjdoL3FLZVdpd25rTWEyUU5ybDM1S3JVNlFVTVpzQStKR1lUOTJhR1EwcGduNlZnNHRkR08yeklxQUU3UT09,https://webapi.bps.go.id/download.php?f=QBKDKqLmkTIz9ndX/r5xATh4UUF4bzI1eXUrbmJZTmpMelY4dTdQLzlJb2Z5bXppZTZoS1Rub2YvZW9McE03N1hqTGpidS9IL0h0UFB5ejFWWHRDVVlRNzAxclRDL2VHY1ZWYm5Dd0tRRlBOU3JCNjFQelE4YmkwZkpLOFNxbWY3OHB5Vmlsa1Y4V0JodzAzclZmWktWUGpvdlVLVkdMcjRCTUFieE1HNVladUEwN1FoS1dBQ29XdGROL1ZsRDhkV3dZOEtYUTMrUUNhQysxYXN1RjFLQVBiaDlHSXB0N0gzT1ZsUmFwUDR3cDhDNU5uK2xqREl2N0VRZmQ2Um9xUFR4TGI3a2pOTUY5a3NjdnlaRkMxNHNmKzJsellkWXZ5bWMvNWJzZ0pWaExWUzErZlBWc0pnM0VyRTI0RlRWQjlFOG9TOEhPeitFcENwbjVwNmF4am16UDA2NVFMM2RDUGdqb3NHQ0t5NUFnZVg4M3hpcGI4ZFVtOFIydklIR0ljdUdxM3pLVVVlbm8wQ0ZHSg==,2023-07-03 00:00:00+00,brs
c4aa5316-5764-4145-9add-3586383a1ede,STATISTIK DAERAH KOTA MALANG 2014,view_pdf,https://webapi.bps.go.id/cover.php?f=qsSrSR5mCYpRrFfKFZuQ/mk3WmVLVUZmTmRKcWNXR0E0Z2RnUkFIUFg5ZTlsTzVJVXRZUEpYTDNnTEdORUEzdHplQU5EYWV6clUyV0RhWmcyZ1NSbWVrcjFKODRsN3NUZE5kNEhvOXRPdEJzVUV1VWR3ZG9lMFl4UVJOeWhkMUxldm45WVYycC9ERlBWVzRy,https://webapi.bps.go.id/download.php?f=z0KtPVYD+jKE2ssLvrbU73YxSVM0bTJoYzF1MDhUeTZRWU4yY2dGMUhRN3lIa0ZUMDgweXMwUVdMdE9FL1NYeUpGM1BBV1Ayam1TcUQyVXdyWjRWbHFxT0xZTGcrblRjeGtSb2oxN0NGN0lOUlhZYXp3RktKSTc4RHhXWXJra0dsVzhQREhUQjF2bGJLekt3OEJ0ZCtUajYveDd2OHRNSC9pd1BzNEhrdlNIN3ZDRHBwN1poT1BaQ2x6Y2RsRW1sQlAwVk15RFVTRVRQNG12NE9uTnVSZDRaaHF2Y0dhUWJKNTNwUC9pOFdRQjA1b0RPczRLamN5amJPcnNQTSt6cTBJVTlzQlVKN0lqbDdFekU=,2016-02-25 00:00:00+00,publikasi
c4d8148a-9f74-41b0-8c22-33d6c17f4f13,Ketenagakerjaan Kota Malang 2023,view_pdf,https://webapi.bps.go.id/cover.php?f=9HDRoCs2hedoBYWt93ken0d6b254TFVUWGhXalg3Sko3SDBOMTdDYy9LNnVoUHdRM0gxYmVzTngwb0EzQ1cxOFY3dmJYcDEyYStia2xNRGJ3NmFoMVIvVXYwSE1FR1ExSi9qSVJOV0J0S2EzdlVYYnloeU12OUQ3RjNrenhoUmZPdHhKdE50cHlFbUFaVHli,https://webapi.bps.go.id/download.php?f=e9fMxmu6dTgaJShr3tuENEFsRk9VU0cxYkVyTU96SHNCR3NlUEdFZGRjM0pnMEFnYS9ORXJOSS81N0w0cHlyRGJkaHR2amdycVR2djZkVGJxa1hLK0swV0RyNGpLazRuSHFhdUhGMkw2NEhYQkJGK2lZWmZkR2hRRlIvVEJJSVUzSFRPZDFFUHB6dU1zNG14OFRaYlIyT3Bsbkg1UG5hcXByM1UrTlVBa003M28vV3JwdGhuaEpZK3Urd0FCMzdTTEIrTnlIalJ6SklOS1ZWek55Zi9hZ2s4YnZpa3B3Qm5RQ05CUUhzQUNNTlJjLy9md0R6WVUvRG1pVjRXSVdYSnMwb3J5OStDR1ZCd20rZU0=,2024-05-28 00:00:00+00,publikasi
c517d7e3-1a4f-4fa4-91c8-7fc98ecb1043,"Perkembangan Indeks Harga Konsumen Kota Malang, Juli 2024",view_pdf,https://webapi.bps.go.id/cover.php?f=tjUCnToc4x31o3FX20qXFXJZSnorcUl4a3JBTmNBOHhYUFpNUkRpZU1DVDF1SXNMY0szcVFremFKNkZqMXdONkRmZyszWUI5dEE2QkhXbzFIVE9iVGt2cU9WMjdNYjN4ejBCaVBxNVJ3Y2N6SzNERWNOTGZMbmNGUVBiVkNPNisvcE1XT0VqT2FFZ2FDSk1qK0h5Rk1uYzVJRXlBM09EM0lodmVvZz09,https://webapi.bps.go.id/download.php?f=dp1Zga2xeNC09nDHAL1/CGdFQnFheDQ1VitUYk1YZEFaVksraFVuQmY5OERtdlRnVDZXUHVSRWFCSFFLT0FROWFWeWZuQmtwa3JhTEEzWmczMUdvTGdDSnBKeFhSZUh0ZlFOTkRlS2I0TFV6eDVCelNxeWEyR2hUa3ZSL1RJdHFpMVNzYnVEMGV4b202QVVUcDE3cnhhdmw4TmxCZ3RObXNaMlpOSE9xTHNDcjA1aFZuOU5iQzlVZjRCcGlBMEQ0Y1d4MFl6OTBFRjlaQ292bk5XMkpHQ3NMWVZEWEFBSVY0Wm9aNGsyU1BrYmp0Mno2d2NFVjlLVDJBL3NDZ3Jyc3pFYWtpKzA2NHhPR0VXNElYa2FUMDM0T2FXWm00TVJwbTEvYXNnUnNHUGM5VXpNU0dlZjNDK0ZjWWtlUWErblRxY2JxNHJvdEt5ZGFXVlNqRG1UUkIyRk56V25aRXFMUkdEdHp4UWIzdzN0NDNrb1VmUFF6UnZmM1M4NnFremNiNk1Ibjl3S1NBeWpsd1FxeQ==,2024-08-01 00:00:00+00,brs
c5763a2e-994c-4efe-bd72-87ee89b750f4,Inflasi Kota Malang 2025,view_pdf,https://webapi.bps.go.id/cover.php?f=arUTj2PPe7LhJwAxRD1FMk1lSUFFNUNocE5ZczJVUU1VOS80WjZQL0VvMjZNQ0hjN2ZMMW5KdEo4ZU82bXhMQjVYa0NaVkViVWFkaFNZWUNRakNMNWpQZWRZTWpTUFAvOXVvT3ZCQnJneFd2Y1g3THlMWFplNE1FSUFzSGpVMGdrN0p2NzFLU2tFQzdqdWhX,https://webapi.bps.go.id/download.php?f=ekgEnJmLU6uuy7sIHnrYs3dCZVJBWTJFZ3FjWWJHRHUybG5xSFAyeHFSdGxsQXdNVXF2QkdXTFFjSk9YMjdoeVhGQmdmbmMwMVBVaVdtVEt4dW9YQmRVaXZnMXZoR09CSUFzMmZieVJsSFBWdXBaSmZSakRFQnFPLzNzdGJTa0F5eGc2WEtvSUllQnlIbER6Ung5U2dNVitkSHlMMmJUMS9VSzZpWEJQazRKS2NmUU0wWlVNYTVwRHpLZkNpazFxcXFHdlRmcmhsTC9NNGRlaXkxeW1CQzZrTDBUYnRRTDhKL0xHd2xHM3p5bUNHdEFyeTJWVTIvZXcwS1dIZXpqcEFDUExURUhZVmNoOXpHQjY=,2026-01-30 00:00:00+00,publikasi
c5d34ff4-6c4d-4544-bf0e-11e5871798e3,"Tingkat Penghunian Kamar (TPK) Hotel Kota Malang Bulan April 2026 Mencapai 40,69 persen(1)2026-06-02",download_file,https://webapi.bps.go.id/cover.php?f=TLjpXjKx3fXgAcbvOT0yYFAxb2RVRjhTVzVVOUpWWDlkSTBXWFFwZmtoQVBZajlmZTJDRzRQQ2g2bXBWb3ZDZFhwZ1Y3U1hhcmFtV1ZXS0JYUzFTSm5yOVMvRDh5OGtzNFZDcHhRPT0=,https://webapi.bps.go.id/download.php?f=90EV8AR9nBIp0bCQsguNUkVMdzV5OUZheFA2aFBlcUs3eElzZVhGcmpiQ2MzRDRIYXNlRzdEMFNZeUk4NTd1anBSUEpBRER4TkFsU2JzaVBFOUp2ZEVjdGdjS0dRK0RJMFFnSzBaTWV4bmFtWVBOb3JzVVFPQ0dva2hUUlVleG9Xd3Eva2pSaHVKSmN5UUVmaHE3QXE1NDlmczBSWFlnc1pId0wrQkc0SWtFb0hjY2o3TTk2bk5rdEd5VWdKeUtKeEZ3S0l1SUgvd0U0Y2hqZUVmeFNrUmJBMGxTZWZLdmdTQ1ZRblBzSExZVnBOTmZxMGF2cEhrVzZKOFBrWk44dGMzQlRGU1pFTW9FMG1DYkYrVlUzUkJwd3Q4WE5vTC8yVTNHaStnPT0=,2026-06-02 00:00:00+00,infografis
c64c6548-7bf9-4f55-bc92-bfdd11c5195c,Kecamatan Sukun Dalam Angka 2008,view_pdf,https://webapi.bps.go.id/cover.php?f=6oGfQEAE5sa89yM07uhNOEhtTVU5ekpsVkljaXp6Q2R4dmtkdjVkMG92bFVvK2NVMlkzaWxyL2NpODlJZjJ4OSsxdk9IMndWRjd5MFdLVjZ0QXg4aURORTQrQXBNb05RdHFIRTY4czdOZmF2OTFqUnZaeXZhWm5VeituNFBsOThFSVFGWXIxMmhTTXF2bmdT,https://webapi.bps.go.id/download.php?f=LcwVRoPfJ8O1ArIvuPlJFGFLRmJON2psbmU4NlVIWUpvOStNZDk5S1UzcWRITTRMR1BYNmpyeFB5TWJtTm9Jd002R05TNnpEeE9wcUdCTUoydlRJNGF2bDZxM0EwZ3lDVDVEUEpMNUNGZTdSWFJaaGdpd2E4UU9qT0JueFlWVDNXdm81TUlPMlVxWERkczByVVNvTlZkOVQ3STczWGszQ0hFQ2Ribjd0aTdSb08yRlZQQlN6bjlJOWJkQzJqU3hnT1lkeVdOb3V6VlVPaGllMVlrTXFiVk5OWFR0TDNOc2FJK2RPUTE2bFc5TGtxYWx4US8ybUQycjNwK3ZUbEdtN1U3Rm41bTkwMnNVc2J1eTI=,2009-02-25 00:00:00+00,publikasi
c6b8952e-eb13-43c9-a18d-9ee600f44c99,Perkembangan Indeks Harga Konsumen Kota Malang Maret 2024,view_pdf,https://webapi.bps.go.id/cover.php?f=amtahayh9Hd1H9NBq/oDPWlidmptWWwzV2ZlVFNxc2U5aEllUFlVcHUvTDU2bWFEU1VsSUt6MVN4MFd0b3V4U0ZwSE9qZ0M0eWkvZThnSlR2NWFFcUZvazFsc2N2RHhYMWNiYlZnWEVRRnpvYlR6ajNoR2Z1cmhEbGNOeW9walZqeVA1elpqK0VEajJxR1JSMGxYWHczSDZjeTdlMXlqWHFiNi9Mdz09,https://webapi.bps.go.id/download.php?f=3Eu3LK7XWladOs4n0vVrGEEwWHR6S0NPMVg0b1ZsTGE3UTd5SXU5UHFDUCtXOTlDWHBiYUtuYko2R0NrOHdDc09rMGNjbnpBcW1aSzJaajJRNUhNL09pMTh1aVJTQ2UxVUVXMTlydFJRR0tnNVIwK3RJeHJ4WmhVQXc3ZWhOSWNUN2V3L3ByZ3I2WFUxbW1xR1FabjExUlBsUEYzVHZvb0tCbURXUUF3alZIcStjN2FOUEt4UFFTcTV3bEdVVytWL1dQVGdxWml5ck5vUXE1YjBaL2R2ZHhMaCtjM1k2RWd1bzhIcllEb0pGZDJodGIySXAvNVUvZWIzbzFEMjNwYmpHd0NpQVViWWJJZWdzblM2RS9qRndnU1lSaTFVYXRkSFY3RnVYQStTNW5mNUZwTUg0ek1hQkdSVENuN0xsUXI3ZzZPWUVTWXhOWEFzb3pXZFhkTFJXVU95VHFEK2JZZVl6VEJEdG9uMVc1NmZPK3gxOGIxNHVaamptcUdQc1NFOGFBTC9ZU3d4RTA2eEJlMA==,2024-05-02 00:00:00+00,brs
c7063b7e-3533-4480-a421-4740c34115fd,Perkembangan Indeks Harga Konsumen/Inflasi Juni 2013,view_pdf,https://webapi.bps.go.id/cover.php?f=/m4tn1V/sp5q2ynS8Cja03NqNWZVU1dVRWp6M3NFQ1hsRFJuMGZjZ1hUTjg2YnRCQzRFbWs1TG1MS3NJU1JTZzludW41QmxTVUdqVVF3YithNCs2Y1NBRy83cnhocHNHM29XR0hBPT0=,https://webapi.bps.go.id/download.php?f=dcSJ59IblLG/32+A9TThYTZiZG1ueVJZa0RVRXFXOW1LVDVmaDVhUkZ1SThYV1c4ZUtqVFZUa3dHNHNhMnNDUm9kT05lYmVySE1TV2czbXg3SzZjZjdlbkhBU25XL2tHVXJuSEJydFR2Tk1JNld4NXYvbFd5M3RBRWVwdzYrdHNXVktKKzR3R2JTUGlvRG8vVUZ1QzlHNVMrdndaS2UwcFlSc2F4WlNQVSt0TXI3UmtlcWJsdFlCeHV0ZjBUOEEyWUhUTHdJT1lCNkJYTEpRU3Z4M0hucmdUZ3Q4WE9jdjhVSHVQTGZRTVk4VWRSRFhHM1BhZFhLYUFVTjdEeHdEKzRNdDFIZW5LWDAxY3ZTNkFzMnFxdjJleTNOa2Y3WkVmeERNWUtobFhDWEQ5NFMrS3hRUWJwOFdONjUwQ2ZPRW1yK2FaRWtFeVZJRngyYzJLdDdFejdGdGxXMm1iWlJpb2tHeDRNazlkTXpFTHZRaHBWTFlBczV0QndtWGd3clZZcThzTlJzQjgvOTZNS1Z5WA==,2013-07-01 00:00:00+00,brs
c736b45a-1c98-4780-a09e-0659788ce7bb,Indeks Pembangunan Manusia (IPM) Kota Malang Tahun 2024,view_pdf,https://webapi.bps.go.id/cover.php?f=v2YNI6+yJ5sD9r0GhhG1cjcrclJlSWFYaFA1ancyYlM0Y1ByRUtqWnJwbk1JT2lOQTk0K3VCWUpzdkQzdks4M2MveDRVbFd5Z2NQTGh0YlllNlVLUmVMalVFWFRCZCtMVU5ycVhFWEx1RjFpT214L3h0VmZTd0RYZ1dEbW5EVEY4a3JndUN2MEhsV1dEYmg5b0lRTkJ3ZW4rTmJCdGZ6a3l0SnB3QT09,https://webapi.bps.go.id/download.php?f=oPSQTNHvdhQdXVwjPZKIe1ZvdldrTFNPMTc1dmZMSlJrM1VvbXlpV2xPL3J0WnliSmFLamR5YnlkeTYxenJrWkJlLzdTaFMrakp4ajY0dUhOcVRBblp6N0xUQUlLMDdZaHZ5Y3kralZ2YWpVQkZSMjdhcysxaUtLaEpGSng5V05hVXdqZ0RSemMxQjNYN0VueExhWU9YbkV6dG1wR2Q0OWNoeTE1UmtWb1pxOGV5aVlnejFucXBLM09ZNmx2Yk91eTV2SldPUWtZM3FHcDNlQXNLUjNXZ0RoSzIxL1p0alpLVXJjdDhsbWVaUzQ3K2U0NXFzOVJ5TThKNmZ4bTVuTm9RVXExdGR3NkdvcTNtSFJtNUZ0aERJMC9SbGQvVjFzdVBOK0VVWUVIYXI2SGRpQXZRTmxrS1lKdmFQYnJEdGt0OUo5VTNaR0JMWit3VmxCcHpMYVlGVUFZQytVZlN6d0tITHZlQ0JiUllMN0lCZllWTGczTFB3eXN4UlJUMXJuZjVrS0pLbVd5d292UzZLVw==,2024-12-02 00:00:00+00,brs
c792208e-5d7f-4c29-a296-4907724edb75,Inflasi November 2020,download_file,https://webapi.bps.go.id/cover.php?f=r/YRjhBrTz3RZ/xAtm3ZtlljbHovVEJOcXJaRElCNWp5U3Z4alc1MnpYSlM1ZDNydDU5eE83VE93MkFTRTVCQTcrbTI1Z214eUNkNUpCUUtzaHZtRUtETjA1VUNsYlFmcnpwQUNCYkRJckJZa1g5K0VkVUdxb0h0RWo4Q1FhQVNQdGNCbU5NQWhQV29RaUxo,https://webapi.bps.go.id/download.php?f=xmm0HEQhhEFXlxKJS0zPAm1pOUt0Q0tXVGdJLzgyU0k4cDNtOUFmN1F5UVpVRnBFdkxFaVNFSUliM2x3RVRCMllyb2pYWHRUOHl5RGFSRTJoNFpPalV4RmQ4b2tmeUlQSFRiakZkbDZRYjBFZUZMekw0L21ldTVuUlYvblp3OEx1WkJDT29wL3A3UHEwaGwvY0U0YTVEV2ZObTZhemNoeVRIWXJpa0x6Mm1waUVxQjhpVFY5ZGtjSVdMRXg5Z0c1MFd0KzluL0FoT0ZPRFNZUA==,2020-12-01 00:00:00+00,infografis
c7f7b672-ee7e-489e-b80f-abbed5b4fdae,"Perkembangan Pariwisata Kota Malang, Juli 2024",download_file,https://webapi.bps.go.id/cover.php?f=u8g1X8/dvl/u6Tit2aremUFoUEJCcE1uaVBoNkhDOEt1ekZJRkVYUDVORVpNT0QxUUN0WlJjZkoyNnNJQnYrb3k2S3VEOTYwZklNeFZ3YW42QXo2WnBaZjltVUFpYjRwQ2Z4M3hHRjlnUFMrcUZuUjlNaDhkT294RDJ5bU5wZVNlS1JrTHBzeWVna1Fad2JkWDl4RkQ2NmhqWkVZZXBkNFJ5NXg2UT09,https://webapi.bps.go.id/download.php?f=XjMXRVZ6bwBu5vm623G+E0FnRWZHbjBZQVFKZitXSzY3akhVbjFYWWcwUndGV0dhODYzdGhONm50ajVYOWFPcFpUVkJDbFpVUXdPV1JwdS94TU9uZVNSN2pYeEplVTBRQUs5UUpHTzhNRGg2VHppZnNYRVA2UFpZbDI0WGVDUFd4K2lRa1B0YWhjUURWM0RJTGlMa0tmOTRxek5jMDB4bDE2UFpmOHgzNUhURmczYkE1VldJR2V0aTViOVk5cHdwckZSaFhHN3F4ZE9lQ0lYT2Q1S2QrVElFaTk2VkV0MldzWGRxSUVTUUtodTd2eHA3ZExsY3FwZEZ0TTZ6cHhkdWZIZkVHZ3lDOTQ4eUk1QnRFeTg4S0R1blhPUnZibjRiQnpEM3FnPT0=,2024-09-02 00:00:00+00,infografis
c85505fe-69f0-4e73-b0c8-460270a7fdc2,Kecamatan Kedungkandang Dalam Angka 1997,view_pdf,https://webapi.bps.go.id/cover.php?f=LWLyqKA6q06O7+MMzyzt71B2Y0RhQ0ZYMG02cWYyK3NKZ1UrYlBYSGEyNFNieFkyNlp2L0hpSi9vTXdQVEwrQnROQ29aUnV0MkI2SDlTS1ppMzFPem9BZkw0OExRSnc1akdMRUlqaEUvdlgvVlhYQTZieWp6ZTJZd0VqRVdaZ050eC9Wa2JVQVdDdnNpZTB1,https://webapi.bps.go.id/download.php?f=QfwDuvQVD9O+9mIkLtz4T2sxRXNJT1FsbFlKRVNabVVST0xNbmdQZml6b0lOc0hMTTJmcHlPdkhHVmtaWWM4ejZwcmo1N2NEWmtrV3B0cWltN3pXc04zRHFtKytRWFVhTnhqV1JBcnFXTlZhUW5CdlFJY01tMWRFWEJ0ZXFzbWRWNk5ld3RjMUNEMURoaWxPRzBlVm40RUxJN1RuNmh4OXFwZ2hvcjgxOGZvcElyVGhkakoxNTB3eVRYdWxldnRERzdCdlhwQ3Y4c2lMNnJzd3NoQjJ4a2RwRHB4Vnorbkt1K3BFU2d4TktkdFhrYVFici80TGc2ZnBtbGRkT3ZtcjN6dE01Zk9ET05hS0FRM3pja1ZGNHFZUmR3dzY0RHYxYnM2YnlnPT0=,1998-08-07 00:00:00+00,publikasi
c86bee40-d30b-42ae-b246-e63b0a8f5f68,Analisis Hasil Survei Kebutuhan Data Badan Pusat Statistik Kota Malang 2023,view_pdf,https://webapi.bps.go.id/cover.php?f=BjtWjZM75UoPn4DPUmBVQWhDY0tMd1dpQWZydUZFdWZ1NXk2VGRXTDZUY1pKNHN3TVV0Sk0vT3BuNFdsRnByeU8wRityU3BwUkVJTEZXTlBJbURqK21Db0NNRHJUOTRPdzROWEFPQ05zYWpkQ0tMV1d0UGVqSGdKczJieDVqR2JNSmM4cnhtekV0MnRDbVBE,https://webapi.bps.go.id/download.php?f=++CcgREaEcdAPtptcXLLDjFmS3A0OS93L2cwYlBIM1o3ZHlsbDE1RStIUFlTejdFL2lLY1JRMmV0MjBWc3lOeWFQd0Z5b05obFlrK3hJVEdvakt3K0Fyay9ZNUx5UHVPak13Y0UvMVA4MjN6Ykg4Tjh4dUYxdjFlemJMOWVBbnhodFZJcmJtVVdCMTI3UEsvSVVoM2UydytBcmkxTUQ5bDcvalcwUlphUHVmdGV0NHBZVnZlQXpDZEV6dzl1Ri9YcEYzVStlcnAwLysvaisxL2YxdUR6b292cURBRlhjM1JMNk9lam1vZ1I5SFlWSW9JZElmY1I5T0VBYnNwbXVpdXoxMEZ3dGlITkt3aDJ0d1BCaGo0MFpMeFh3MTJJRnhvVGVXUE9SUno4NnF4dE9zalBQU1VSenBSajVoMnk5VTBoQ2JpZThSQ1VmOVNTQWZH,2023-12-08 00:00:00+00,publikasi
c878565a-acdc-4c15-a17f-49ad202009d1,Profil Industri Mikro dan Kecil Kota Malang Tahun 2021,view_pdf,https://webapi.bps.go.id/cover.php?f=AN+9VdrV8fYT/qczEqqcLFFGRHBJVGlmTzNMRjlFdCtscUNvY0lxTDVFb0c2bnRxQzdTTnB0SzAwcUQvOWE0RVNuWExtTFdJRXF0WFVZbmphYWplZDZ3WGZ0c0xNd2hEZ1FUQ1d2Vm5SbS9FdlExd1JaK2R3Q0F6ZSs3MTE5WVNSNm5HWUhPUW9kek9MNU9o,https://webapi.bps.go.id/download.php?f=VTMbbKw+EfagMWJIq5KDSnNZSmxnNTdUR0FRajV2Z0Y1cmd4NmlERHRrUCtVMUV1UVhMWGFqbWYyc2RIU1BwcmRydUc3dVNyei9VVnJBNzZYTXZ6NUFxUzBoeVEvSWVPSmg2ZUdlN090R29qTkVqTWp4QmgvTlU2NktyMzFZTUhRN2tuc1RnSkYyLzA0dzVtQ1RDaEhodzJ6enlpcUVXUGc2d00xQkhFc21GKys2UitYaVczUTR3cXdwbXkwcjVFbjJ4dDVlWGR2bTNUTUxFdG4zdm43empMbjBlay9vZ2o3L0VyUk1MbEtzS0NFMG51SGpiVXZUWWIxUFdNS3Z0K21hNDdKY0orbXhDTlRVNTlSMmYvZWRRZHNSTGlNZDNqSW1kYXlRPT0=,2023-09-07 00:00:00+00,publikasi
c8e2e647-56d8-4c00-98c0-9f106c9d7285,Statistik Daerah Kota Malang 2011,view_pdf,https://webapi.bps.go.id/cover.php?f=nsb7+wUIogCZZX+Yq48AmFY2QmE2dHhoRW9QU0ZLaGdUK3dtMXhEeTNxNk9TQm5KSHZIeE9OTzRtYm4wWjVTeEMyL1lsUjZTdFVJa24rVFNIdllNa0E5YldxZmE5WDluN0FuWitHRFdlU0Y4NUQ3TVBlL2lLQzFGcUtkY3p6dGtGN3Y1NjJ6dlROR211S0I2,https://webapi.bps.go.id/download.php?f=Kkdzht+VcOzdPm2JK+vK90ZHNk5lMGJyWWdCY1FsQS9ZZlRib3hxdW4yOE1nWTdUUnk2c3VybExqR21WRmMvS3czcUg1RElZN3BKSGhKMm85ZUlXR1B2Z041cm9HMDRUNjJGOCtkVFVGNWJJNUo2TEtEWEErU2JuRGQzN2hYUWNIaTdXSks4bEJyWnF1R01NSm4zWGIrMmpBL0wwVllSNm1vQWdTQ1k4TFpBU0EzcTY1b3BIVzl3alVocVc4aExvWjZwVnNJSUI5cFRaeWpUM2EwakVwYUphQkk2WlBGSFJqQWpUVjh6UG5TZ21pM2VtSWErbU1VVjFmaFBMZ00wSGxWQ3RjVWpLQ3FYV3VKa3Q=,2011-12-15 00:00:00+00,publikasi
c9428b1c-3d7b-495d-963f-1fd3cf137db1,Kecamatan Lowokwaru Dalam Angka 2016,view_pdf,https://webapi.bps.go.id/cover.php?f=eS4Ad+4ssxsIQ6eE6xSWTWRjaG9Bd29jS3JpOTYwSnZFdURVVUMxa1NnbWlHQnBGLytRT3NoREZMVlp3eEgxKzNINXJwVk0rU09Ja0s1dmszdG1pQVJLeVFHYURNVi8xMk01Uys3RnR4OEVmU3JtL3E1MGhuYXZOVThlK3dLRyt4U0NMeDN3SVpCUWMwMnpH,https://webapi.bps.go.id/download.php?f=1wgA0ckWLav1pJVi/XtHZXY2S2YrSFZxNG1kaVNUWlZGKy9meXB3ODhhd0ZHMkw0dXNjVXpldWdCRGp6bVg5aFZZcy9vb0wzbkJJR3UwVkRMM0o0RkpNVmJmUE96N0ZOcDBvdHRyT3kwc3dicTROUDVOMGRoaDB2SlpHSVBMdlZaYVdNTFlNOFA3QVdpOGRIK3ZDUVZuK0kycnU0RUxzQW80QUlSajZWN0tabWIxUXpBRzR1N2ZpbnoxeHdTZUV6TCtkeWpzRHZOY3I2Si81MEJ5ajk5TmtOYktldGkvRW1lajlEQ2RmRi94dERTT0lHYWpHYUJNYVBJbWsra3FTUzZuQXFSZiszbjkvRzJvNS8=,2016-08-17 00:00:00+00,publikasi
c9a55236-db10-41e2-bf0d-f1654dc04e9c,"Perkembangan Indeks Harga Konsumen Kota Malang, Mei 2024",view_pdf,https://webapi.bps.go.id/cover.php?f=2NKp0IGt8ZlZEggdTqQN7jNBeVcyaEo5SGtrNTFFa3FPRXBTdUhNVDFhVEw0T0psRzdQeEZkbkVkdXhNTHgrOWszczVjSGxZVTMxb3RITGsxeTgydVRNSkFVNTRLcWtXRGV6WHhZcDIyM0IxY2J6bWkwNTNJbG5FeU5ERklkUmxyUXI5SUNBT2NFQjZ5eDdvc3VJdjdyV1FTMW5tWXdmSVd1N2lSQT09,https://webapi.bps.go.id/download.php?f=b1U/z7xMcRNZIIxnm1yG13h5cWFRRUtGQ3JWZUswRzE3MVJGWGJHYmNSaFZkNGlQbzFDK1Y5ZnlITitVZFBMTjBIeWUyOGJKOUVmeDdvbFhXSlVjdUJsNXVGRHVUSFNCTWsyRkMrd1J1ak1yYnRoWTRCVUdwVkkzOHFjQ3MwTUhxeFFPSE9zdnhpQlhCSTBleDVOdWVqdEtYcWV1WXg2N2RRY0RHMWNtZHBHYkRPWHFDNlVScUtRWFl6cHF4SkFqckFKWUVPQStpU29YT3hEbG50b0V6S2RSZmo0WklORVBlVml5MGYzSEtROWZUdHdEcWJsNzhxYWVxb0tPZlc5d0xaajBJdE1NanBWdDh3K1ZPUkJDdUJYaXphYlFTbnVsaXg0UGVIekhhTWluMDFWVVVISmZzNG4ySldxVzFzQVhycmZmVE8rMGwxdk5JUE93VzJhckRyNXcwTE0ySDBrK1BPVjdDUkMrVzR5WHg1SnlzU3dTYkVwQ0RiYWc0Y1Y1QTlaQVFZaHBOamw3K3I4OQ==,2024-06-03 00:00:00+00,brs
ca16876e-f5f2-490c-8e21-b630a3f74389,Inflasi Mei 2022,download_file,https://webapi.bps.go.id/cover.php?f=nKDUYMlvUsPIIYD4kgTKfFVMQVk0eVlyazZYTGQyOGhHT1JUK2RUQnNPdWsxNkl5czVONjJJcUMreC8rK2FNczFKTkFhRzRUYjA2Y1NpSHMwUVZwWllQQTZuRzBKSEMxOGV6VkM1cXhpTDl0ZDMwWHBuUkFZM2NmOERjPQ==,https://webapi.bps.go.id/download.php?f=L/OqXG7mEPgk7+vIkxZmVkRvOW9MaFlLUlNvK0VTZ3pjQ09UN3E0L0Y3ZzRXd3JJYTBnaVU1bTFHaVJRQ1dlOXFsQ2FkRmdQMUYyVllCQjhCTnNmSk1IYmNFakZZOXJZMldXcGhJZ1hPem8xajFWWmc2cFk1Mk5nSlhEV2drNVRiVmErU3JnMFp4cllwcUtjc3pGQmRVYWVaWnVPMFpYRGpBK2RISFhTeXhkRjFLYzdwa2FSVTZOTnBLbEpPQy8wWTlxRFpRQlFPZTY0YkZzag==,2022-06-02 00:00:00+00,infografis
ca93dd9c-7b70-4ea9-a12b-bcb9054e8fa2,Kecamatan Kedungkandang Dalam Angka 2015,view_pdf,https://webapi.bps.go.id/cover.php?f=u5Bw9hS8/31gR7psLROSMGlPQ3dSZCtxSEpqTE5CS25FazNqT1ZoS3FEMmJKSHUxbHhMd0t2OVB0RlZ1V0ZWdXoxS3FRM0hSRXBxaVZnbUtoNFpNN3hiVjhrSTdha2luZmlBajRsU29DbEpBSkVZMWc4amVDU05LL0JzK0w0MEZRQVAvVHc0dXZQSWdqNXhI,https://webapi.bps.go.id/download.php?f=hbgMf3x9masqeCX7QOLYLUxIbEloTW9RSzVITXB4d1pvTllGczY5T3c2MUU1OVFtdklDN0R1K1lHYWM5by9zUVJHQktYWk51SWZkRHF2K3EyNFFkOERVdURGcnBjYk1acE0wdU1pdWU2RHpWb0ZIN0xxcjFiQjlzdmJDeVZBMUFUcThuU1BNY2FHRmdKWTRhUzdXc2JXNldBUVYvU3JSbnJMNEU0YU1NS0l0Qmx2aXF3eDZ3dFcrN0NiWlB6b2c0SGU0VU5JZDg3YVNmcjdiYWlIVTNjTUs2Q3BpWFJOTHpBOFkvVnV1UUxlR1llaDFuVkFMRmFKV0V3ZVRJUGpYSjd5RXpHcmw4YjRTb1ZuSUlKWElYU05RSEVRdWRtYU1mWTA5QTRBPT0=,2015-11-20 00:00:00+00,publikasi
ca94f724-4e27-4852-bbbd-8777ce1e44e4,Kota Malang Dalam Angka 1976,view_pdf,https://webapi.bps.go.id/cover.php?f=YUvLfwzFTl7kweLU7cdjslVGaHdseEh0bWpMSDQ0N3REWjRlV08zSTFIcG4yVzYxaEpsOWRtTURKWUFrMUJaRnVmRDRXKy9ic3hlWXlGQTVZV1Q1bVpSS21aWDZEY202R0ZDRVNHekl3V3pIMGtFS09nUDljMGlTMEVVNHQ4LzdXdjlBcnhHQktnWnpKdEdz,https://webapi.bps.go.id/download.php?f=FN+42pmzDkAR4ov8sVWWwEh0V1F5V2hOS3c4STBlU1B0aEhwRkhoRE84aktVWjZJVDhIb0JQTUtlZm9MdnhYNGk2bkRyRGQzQ1Zock0yZTdSdXN2ci9ncUd5UmFoN2ZkanhGQ2RISXFjNUM2eC9uWGJGdzg2eG03WVQzTCtiOUM3TTJ6UGxvR3M5c1RMZ3ZQbVh2N2lWb05jQnVPUFZjeHdncjJreks5QUU4MDVIa1NLbWRHUHhEdXFNR044TUliM0Z4ckhsU005cTE2RWZMeHRndVZiclhrUW9QT1FXUGE3eXdGZDEzOHRmVUZLT2hBbThMblJyakhuNy8zSWlyV1VLNVVPSWxTM2ltbUNxQTY=,1977-10-10 00:00:00+00,publikasi
caab8b76-3491-4793-8fbc-3dabf728281d,Perkembangan Indeks Harga Konsumen (Juni 2025)(1),download_file,https://webapi.bps.go.id/cover.php?f=wLcPqc/ZqD+GHNnCkyj1ak5pZTY4a3pZWGNieWdlRWVrdzJjMFdGZGw0UVJxQ0tPV1YvWmQvbFQ4aTJZREY5RVVLbVZ6aVF3SVlwM2sramVySWtJVkl4QW5VWVJ2NzBzZUhtZGF3PT0=,https://webapi.bps.go.id/download.php?f=jH6+jTtiQf/v3hfzG0W5GmhaQWFGZzM1TzNNVjhuVmpRTmJnWGd4UTlkSWNkVERISmljK28rNFRMOE95TU5vMnMxM2UxOG5MY2xQdXVXQ01HZWthSC9QcDdMUjZKdC9HRmp1TFlwYVBNc1R5cVlkK1JPMXRHY1hmS3dMYVU2UTU3Z3lXNU0xT1hTYWdsSDRINXFBa29zL0I5K0lid1VxRkpjY1lZdWJmeU5uOHlMZnV2QWxyOTVFTTVvR0l1QURtL3lOaFdib2xPWGduOE11NTZhWlN2TnliRitIU1VYNjFqb0NkdEE9PQ==,2025-06-02 00:00:00+00,infografis
cab2d36d-df06-41a4-98e2-8f53950cf83c,Kota Malang Dalam Angka 2006,view_pdf,https://webapi.bps.go.id/cover.php?f=45hDVIeShIsW6PVq4e5CczNuK24xcW9UaTlJYjM1djRLVWd5OHJYMnBpM0xieUpQR29CS3NvdGlBZDAzVjhnK0RoZjVrS2t6bkJjN1FDV2E5bjkva3U3ekthQ0d4KytVdWN1dmFYcnNQZjhzK1ZHaXFWbFdrZWZQRXF3N09kQVB0enY2ZURUU29DbkNiTm5R,https://webapi.bps.go.id/download.php?f=j9ZyOBpn5IZOxbmjeRG+uVIyQkhzR3hiWmMxbkQ3UjdUNHJVWEZGa3RwR0ZWcWFEakQ1WGhreXc4MC9XMDJzVFBFQnd3OFB1SXBKNUF2RXl2aFFOaUk5ZWxBWG9POEU0blk4ZlNYQ0RnRkEwM21aQmRJS1hSb2FmV3NtYzY1T1ZBUmdzYi9NQ0huaDN2MzdqNmtNWjFlZzVTSEdpQmVVcDFVZ25zWTJ3SXN2TE9OaWM3VW9HSTB2SzBoOEpvV2t2WVIwN2tWb0FPeHZZVGVNaXVpeWUrMUxwR2RoOWJ5TDJ2ZFZoaENjT1BINXplQlpnYU5yMmNHdWhtVUFqZFN3R1JSWGtULy9ra0xrUXRoSFQ=,2006-12-29 00:00:00+00,publikasi
cae921f6-0273-4138-a502-40545106ceba,"Tingkat Penghunian Kamar (TPK) Hotel Kota Malang tembus 40,51 persen pada Januari 2026",view_pdf,https://webapi.bps.go.id/cover.php?f=c+6LLsu/yuyl4R85ll/MQHVCRm95LzQ1OWJFdzZRbjVJaEo0UFZocFJMTmhydVNwN1E0bnQvVWl2T0xPaGNLUnJXN3pTb2JHV2Fjelh2SkszRkZ0MjJNN1lZWW8zNEh4UDB6aklnPT0=,https://webapi.bps.go.id/download.php?f=tKv+gdaOXiUNW4LLuRUzMkxIeFNBYzR4ZzFWb1MzK3ltemZWUVJNQWlHQ3Frd0dkSTllcVBjcE5LSUhUK3R6YmJFejNMZGpWSi96Qkt1SzdSNVlvMUQ0Z0V1K0k2aUswRmZJSHNUNWl3d1BUNTZ2RnJWVVRhQUNwcmxFdFdwOFB5MGxlN2syWkhMbEY0SjMvZzRuZ3dFczYxMlVWMGV3MmFFdW43Sk4rTUpCZ3lkdVVIeGFwUjhsaFNaaDkycEhnTTl2SG5qeWNNcUFnTTJIdW1MdG9DN2NtS1o3OVJyOXU3SXhDZ0tBZHdQMVBmaW85dDJ4ME9zY3QrY0g2emtNMW5IS3JZOEkxUmIxS3pOdzk=,2026-03-02 00:00:00+00,brs
cb4432e2-ec61-48e4-9962-ef0d29bab4c2,Kota Malang Dalam Angka 2008,view_pdf,https://webapi.bps.go.id/cover.php?f=y53jJ4vC5pSTfIJECjxXKDFSaWJwUlR6UHdyVkJlL2ZZREZnRlRqQ0phYmxUZG9DR0MzTWpqVDB3SVU4K21YaUx3aENpbTc0S2IxWHpmeDJkWjBCczYvbXdhVTRYWmM3ZXNIMmU3d05sdG90TnNVSGo1VXBkUUM0RFBKMjZaVit3b1hvWnNHYlNQbGsyNHBU,https://webapi.bps.go.id/download.php?f=5r4Y/iIUCyAoGaWuQLnIAUg1b2c3Yjd3di9XTHdvT3puTU94dlFkZDBQNEtmaVBWVTNzSm1pWE54cFVJL1JkYTdrTlh3S2JQbUllN0pMOXlqbHp2aXJLWktsK1VndmdyK2VrNVZ2cWNidWtIb1VtaXhDOWVyQTRrSGMxa1l5LzFSZmVVbVJoRTBzZDRPWFFzWFFXZFM2NG91bzRoZmQwVS9OQlUyQ0U0NmZPbjZ1cDhzdUdwd1BzUlEzdC82RjdnVlB4VlNtQjlKUklNVnRucTlXVWIvTnhYeHE3VkhmaUY5S3QvSm1SSnZpd0xicnVaUy94SS9NTTZzV25PcDFJN2hiejh3Qll5dWNBQ2pzUzY=,2010-11-17 00:00:00+00,publikasi
cb56942b-4a8d-45ad-ad33-21b32d0de6bd,"Perkembangan Indeks Harga Konsumen Kota Malang, Januari 2023",view_pdf,https://webapi.bps.go.id/cover.php?f=ESx6k5vWCOtFyFEwtyDwNkpGVG45c0l1dlBkRWo4Vk5FSkVDS3RSVStDRzEwckUvYVNLaUhGS3RXeEsvb0Y5NEJVcmR2aFJqM210bVlhVGNINlhRK0V1Y1JkN0xzVURjUmIzZEwzbS9WUElxajVtRmU5am5OdGNXbUtHSHl3OHo1Q04vNmVyOEtxTURFbFpPZng4T29yWGNvdGJjMUxscVVFUzBiUT09,https://webapi.bps.go.id/download.php?f=YO0NmMkNPAeGpjqEH9Dxy3JxeDdWYm0vdmIxdUJZU1JjQjZFdmxSQmYyUVZCbStJNFRZR29zc1I5UUl5RmRtUCtKYmcvdUo3QVVYNVA2UFdwWVR0bVZKMHRjVlE0endReVRTWW96QVNBY2xPdm9PTFNIWnh0SjVzbEpmWVRPdGZCS1BXeVo0QW5OdUVTTVBQdFFsZmphZlozMHQzY1hMMEE2U2dJOEVicnZSMkllNWdzZ0RsNHFFU3U3UUdnNnFJempMMUZhcjYrakdkdDhMdFdqWXJFOXVVdlFSVDhBWkg0K0xFMHIvY1NjOE5pRmk5Yll2dllXUlZLMDk3b2RTS0ZQazRYaDc2S1huOUNPaHZlMU1nUXQ4aHEwRzVIaWd6M2hJU01LY2pDRlhFUWYxUVEycFVoZHJhTitwMjh0alB5K1loNVN5dWtycmN5bmNab3lFY1RzWWJTK3Z2UWR2MEZiRVYzWnMrZ3RiN2VmekVnOHhuU0s0cnE0QzBMbmREaTZORUlVMFdHL3JUT3Y0dExLSWpkR2NtS2RSTStYQXhkbjhXaVE9PQ==,2023-02-01 00:00:00+00,brs
cb746ad3-0bb6-4669-9f5a-6bd983be6bb2,Perkembangan Indeks Harga Konsumen/Inflasi Juli 2018,view_pdf,https://webapi.bps.go.id/cover.php?f=XSQGRmSOnDxB2A6aKQdxRXdtWUpQYWZrNzlGN1JTMTc0RlpaRHprNVVLTjdOajhNa3Zucmc4VXdHYVpCNlc5NGlsT1lMNWlkejhScFpsVG9KRVhiR2hUcTR2RGJ5c0V2dXYwVDF3PT0=,https://webapi.bps.go.id/download.php?f=o6oqIb5lyvV+JaxYX8x95TJjazJnMGh1dFphRXpVS3ZuVGh1aVJ5dlplTUlObmtCdlVWTk1RWVZ0L3pEZnFHSVBZWHREcktvczd1N1dLMkVqMVRsY3Z6UEE4NGxuUXdLT3lQdjRLcDNnVmg4UmlCU0xlcytPbGRLVGRTMkVmenVzR0Foa015S0pabUNWeWNpbldOYnZncTVObDdEUlhpVDMzLytjdXZYZDhqdklXczY3ME5vaWdFRWV5NCtPeVdoTyt5d0J4dUJ0RVFvbGtDSXMxM2htaHl0OXRieU1KeVZmb1ZCSVl0ZDg5RnI5eFM3R0VjSkZnMmdiWCsza0tpTEprQlZMb1haMUpMZ3RMWWZOeTdhWk0xay9RQ0RTSEZWanJFQmpJeUxUb3FYZ1d2Y3VwblhEN1UrVzEvY3MvWnlVaGRacDNuYmVIQUxCMWdTYkl2TjRSdDU2UXRnR2ZJdm1oeThXTUx0bk02c09pTEhSVDc2RUZGMGFlajJPaGNRamZSRkIvb1pHMG1sQ1p5SQ==,2018-08-01 00:00:00+00,brs
cbc7dda3-c6e1-452c-abf2-37a313a46a0f,"Inflasi Kota Malang pada Februari 2020 sebesar 0,28 persen",view_pdf,https://webapi.bps.go.id/cover.php?f=QD0ReoTRLXGdGPSCWgqTYWVqY3NobXB0ZmZGdGhTbG9OSVpKb2h5NkZRVWNzLzhmd2RqYVZWWVJxL0lQVUpsc0RjZEZkOVJmdWp5U0ZiaHVjL3h1ZkJhdzZqNXFqcFdqVmhBNFZRPT0=,https://webapi.bps.go.id/download.php?f=b8x8uf1MZMojW87c980q9TEwODBPTVYzQjVGT1BSdEtVbEx1N3pWY05WaXVxaTl5ZmFnTnlzMjBEM0lJcTlmRWVIczkzaFBtZzlqL2JGcWl2REQwdWo2T0o1YzNBVnhFS2hKVnpyL1J3UzIwUEZhcWZvcVJRUm9uc1dlOWJkcHFudXAzTWU2TWh1cUV2ZTBkQ1N2MUJpOWFhK0xQWGpUclZtbHVMRjJjVG5Sb2V4M0NRang3bjBHeDdhTVBlM21DRnp0b1RUemR0bXQxUzExc1VvbnEvcFhZU3F0Z0hjNFlMeTVhbFA2WDM0OXRscWlMRExlYk5KeVAwVW0yVHJPYm9WMklIU0lmdlhQQkcvcDk0RmV3U1lZV1JiQmFHOWFBcEd1bVlMcm0vV3N2OE50dytVelpGc2JRVW1KclRvTDdmOS9zYU9WVGRLNzc1dy84WmtJVnIxaDRpSW1ucEhyZnprQUtvdVUxdWZzQVN1VUdDNXJOMi9hZUdzYlpMQjUxRzN0RW9kVk95N2g5emM0aw==,2020-03-02 00:00:00+00,brs
cbcc0107-f30b-4453-ae93-3a70e5bad664,"Perkembangan Pariwisata Kota Malang, Januari 2023",download_file,https://webapi.bps.go.id/cover.php?f=uyYBr1+bVAhoqTuOVd7EVG8zeEdETFB3L3lpL2pzakdsaTRydFVXVjlsamRsTnhkT2tlWDVyNWpDSjBZMThyLzlCMFNaK0lrN25tbFJZSURmZklxZ0IrK3B5TlZESlUzVjlkaHI1T1AvNlN6U0JOY1I3dU5rV0JwRytGblQxSnhXZHV2WEVWNWlWZWpVaXFsVGhxQlBheFp0b1UwQ290ZlVQRk9Fdz09,https://webapi.bps.go.id/download.php?f=+HeSeQWhcr8Tyfns54V7hmx1NHAwWFB1cHpUR2JqM05vVmN1L2EwWkJUQzJiQ1hpQ3g5NjIvclZQdWl1REMxRis5VXB6a1ZIV25BTjA4WEFFS1NFdkszSmxZd3VOd250WWhQWDJDZHh1d2RKUERnZFRnMTl4aVdYYzdMNm9kaWlZbXhPSWs3bmdod0V5cDFUMW1CV09mZi8vV0hGSmZvMVpBclRqSkJ4VDcvSUFwS0sxMU9kRGxUNnFHZzBUQXIzTmYxRDlvTkFPSVo4ZWMzU2k4L0VsT2dyUzBubm42VmJHWjBKUTdicmZKZmlzeUlNZVpEWi9SaE03ZnFwY09qUUFicGJPWU1iNkhGd0pmZ2piL0IzVE0vNkwzQzkyc09wTXJzQVB3PT0=,2023-03-01 00:00:00+00,infografis
cc35cba7-fd0b-4786-a636-ae738df8cef2,"Perkembangan Indeks Harga Konsumen Kota Malang, Maret 2024",view_pdf,https://webapi.bps.go.id/cover.php?f=sZpD0OlsqO2zQgl4eVFVcFRZakt0dFN1cWdMUDFhdEEraHRPZlFJaFhQYVRiOFRJSGExYllvVmRZNHZTOGlGd0ExRkZRUGZUdS9Cb3AvaHdVSFVBRXZlWGdBcW80VXZ0cHg5VmJOdVQzUVVUL0JrSkMxQThSU3g3N0FIRmxBcy8yaDhPeVJkdEJSUmxaVjZYK24vZzRkcGkzazc3dktJbnlndHpMQT09,https://webapi.bps.go.id/download.php?f=9yPExQXowmrBkLbSQJ9CQUhMOFJVbVBodVBVVHBHL0VLVjVJd05rR0lPdno4ZWx1SWJXUCtiZU9Tdyt1V21vV3pTaFBTZ0tVSVJMZlA2UGg5Z1ZqRjN5Rlc3MkkwV2lXSDRIWW83VkJVY2ptblAvRG1sbE5oUzExSk9jbGZtNnYzbG4rZ1ZDY3ExQklSOTIvUE9hUmozSVQ0eHdwcFVkUmxHL211dWxsK0NZa2E3QStwZng5MzB1NFZxUktJdDAzWXZUY21PNG1INVErVHRIeWhCR0haNVlsWWQ0TGVUY0ZFeDZPdkliZXFNOUxodzczams5bTVmUm9OSGN1S1pPYmFWZk9Yc1pvOUVuWG4rdzBVMmc3a0grZXZqN0xMeUF2L3BJWkM4V2FRbmFncUVkSTQ5SGNrRnQyaHhqem1oYTg5ckd3OGVkSldNTG9QQXRyWU9KQzdJNFVsallIRjdnTmVLemQrdFl3UysvY21mWUxHNi9nL2lTY0JFYmdDNUJkc1ROYUw5UzVEaE9XNXJoOQ==,2024-04-01 00:00:00+00,brs
cd79a6f9-275c-4c96-97a4-b5f7aaa05991,Kecamatan Kedungkandang Dalam Angka 1987,view_pdf,https://webapi.bps.go.id/cover.php?f=8NhWmoriGFbrzCXT48axfXhZdldZYmIvNmZha0NySzhBZG43MVhURFh0VnRGVlJMRmtnMXNNYVlyQ2k0OEFJM1BvOWx4RXZScnVFSW5GaWNHc0dGYlB5eVlYRzI5U09nbFJMQWFGSVFSSndzR01ZMWNuWWlGZ0NlWjB0MSttL3hIRGNwT0VxTlhmN1lsYnNi,https://webapi.bps.go.id/download.php?f=aEvTEAgVABDEXGE7I+jBlk1uL3dKdC9VOFV2aG5ENUlMRFlvenZObUNuY0JxNVMzaklUTFhYRmJ4ajBWY0tXbTU4dnB4M3NOd0lvMi9XMGh6RFFkSnBZdDdOZzl3NGFBVUlsZzBReHp4SDBMa1M3eEdxeDJqSUUyTkxsdFUveFNCejk2bU14QmM4ZkdxNlRWWnZ0V0NHc2RjS0ZGS0V2VUdKSWJCdjc1MVY1Wm5NYmtDZTVaQVhOYlZOaUord2xLd0RlaFAxaStVOS9LRUNpNDVzVVNra214R3BzdVBXMEpackRvdTRCL3hMZ0lnL3c1Ym0vUzErZXdIYTAxWUlQS1JZZmZOYzY3Q2lNYVRSZ3RsUDdad3hCL1ZZdkM5WTBoQWlvMFBBPT0=,1988-02-05 00:00:00+00,publikasi
cd7be9a6-cdd5-4935-a840-016fe3cbeead,"Perkembangan Indeks Harga Konsumen Kota Malang, September 2022",view_pdf,https://webapi.bps.go.id/cover.php?f=ndx9BbECX0ZP1Z1BGpuaN3ZDalJ2M2xiSEJZSWdUVUJTdjhGeG8ycTk2aGVWb3laMEJvcDRwZkJnYjRCYXBqMTRoTksyUkdtMUNrSjJRZXhuWE8vaVpSVWh0clJRdFdRWllEVmM1ZG8xcG1nUHF1ME9sc1Q2UE5iUk5ONkU0NkFQVzBSY2ZTTXN1SHFKYWZEbC9nK2piTnIrak1tSGF5d2NEQnJodz09,https://webapi.bps.go.id/download.php?f=1NQGseCTbFPVnKCYZ7zZpVQ4L1dPN2tldGs5N0V2M1BWZ0lLZVIzaWhxcTc2WlJBR0lDaEdWMWhhdElYcVV5OURqNTVicnZVV2Nabm5MYjJmM0VGQ2NHalQ0OS9EOHdlR1NkZUpoVUNzSDhpdmo0WGFBSkZ3VEJ5OUw5clRsTTdKWkw2ckowU0JDb3o5Ujc0OFEvajhtNGEvNTRuWFQ4dEhncE5SUC96S0luZjR3NDh3cXB5NlBEbTBScEJxdVpCTEhkb2ZYVTVVcXNucSszWHllTG1ycG9KMDBRc2NTMkNmaWlLYyt3NXpDN2gzRTBTZHp5RG1NLzJYMUc4dWlpb2ZEK3hud0RhcTRKeXUzQ2ptUHhGbVYrZFlRRDZ4d2FKQWVGcnJvamJZT0c4VzRlVStmZUkrVjdpMFhkY2QvL013VGZRb1RzZTFlR1V6SGQrNDVqRDhJbitKeHo4aHp3WE53M3FYWiswcWtpNTZkbnkxRGRxNE9nTGNxV3dSM3NiSmFaWFk0YnE3Sm10UXNqdTYzZ0ROZlRyN1VvUmZzTjNNYXFFZXc9PQ==,2022-10-03 00:00:00+00,brs
cdf57ab8-83ee-4d22-b098-bdb22be3c04c,"Perkembangan Indeks Harga Konsumen Kota Malang, Juli 2023",view_pdf,https://webapi.bps.go.id/cover.php?f=nUf3nMfinju6wLXOYuSiSC8rOURPS1FXaEtieGNoZFJvSGp6SkllQXdJTmZGWXBtcytjYm9LZW5vdjJQVDdiSG42Tko0VEVJRzR3elloM1dWSmZLWDhKSWsrdVZSYnd2M3NHOG5SOWh4aGVoWFV2SUw1b2JTbzFSa3VCdDZaUVphRmJSRy9iNStNc0x3M2RrUU92VHZGOGFwN0hmZEFRUG1JZ2JnUT09,https://webapi.bps.go.id/download.php?f=UbRnFMYFx6FLkeOP7K8bnnc2dW03SGlmdXFMSTZKZERvbE4vZlVOUkFCYTB3ZzhOK1RaU0pGK3B5ZzdSYVpNVmZuVVJ4WXNpRWhSTnR0eVJXTkp3NjVOeXEzbFEzMVZHRlRUclhLczFYZEtrSkhQVFlYSzJQdzFBdm9weVA4R210YXNZRWNKeFV5cWZTYmdTOUZMbm54ck1zOXdoWVpkRkRwU05KaUtSdDYwSm1wUkh6ekppYXRmSzNTTTR2dW5HWTU4bUo2UGlyeGxQeE5yUFBHU0V1WXdSbFpMMUppOWc3QnpHSFVkWVVEUzhEMFRBMHhHRE85c3BUaTVEVUFKdWFDamp1LzFlTE53RWZHa0hVQjZNUU90SFpQaFpqTE9RUHFlV2NLU2dMRVhuUzRRNlV0UEoyQ3BZemxEeVU0VE9UUkhoODN5RWNPc0VFQ2NUamp0V3RtL2FpSGJjTW5NZFM4REdESkM5SWVybWxDNUtSUWx2ZTI5OU9mMWROMmhGakdJcFVYYWxYNERtNkh6VA==,2023-08-01 00:00:00+00,brs
cdf6aab3-2d67-464b-9486-4403c361e535,Kota Malang Dalam Angka 2004,view_pdf,https://webapi.bps.go.id/cover.php?f=3peLMPt2XXxKPivEGn9hkUpEd3Vla0JER3JJbVdTQ055NGFIc2NjbzR0N0ptOUxzMitkOEYvUHRHNnczNWZkTkFoWk5KT1F0QWVoSTF2VVNzU3ZoTjlsbnY2UHZaRjdNSnZtVy8yMmF5emxkdjNDUHJqOXFzaE5SYkhPL1VZa3IzUklkbDlFcmVZWk1MYWR0,https://webapi.bps.go.id/download.php?f=mb6eNlx3I5V4ocM1y/jPnlBmZHArMkoyTnF1NlpUTmNnOHpUZjZPdG9oNkhZeUNsWit4dy9XU3JIeTMxYzIwdjdvaVJydzBwL0R5SmxkTVFCZXQwVWFDQjlRNnByNlltQllFZTh2QXM5WnZ6Y09haUxJdlZiOTBVb3huL2VjekRnQVc5Zkl4eDdMNGJzMEF5QzVaWjBYamF6aDFOSkpzd3NrbWo2bW5XRzM0MnRmQWJmU3ZqWnl6YncrZ0NKVkdSRWJ0Z1BZM0R5ZTd1MWg0eVBQa2F5b2p4SFI5dHdpN2RXQ3Jub0tUcFAremZVSzJFYlJpOWdGUUJVZzhuUTFuUURKbEV2VTBtRTlxaUMrVWE=,2010-12-10 00:00:00+00,publikasi
cef4b1a3-ea94-4075-acef-2d2b861d0809,Perkembangan Tingkat Penghunian Kamar (TPK) Hotel Desember 2025(1)2026-02-02,download_file,https://webapi.bps.go.id/cover.php?f=gAMo3TzfPBa+GKZshrBBqzR6SUxqRENkUHJaWEhMaE01c3VLK3dodUtJb1VhVGowRlBvUGYvYUdJcklGN0FkWjFaSUpDdlBXRkt1eFdGb2hCL2dRQ3U5dER3Z1ZCVjBZNUl0WHZnPT0=,https://webapi.bps.go.id/download.php?f=yp83Kj9aZE/t33jI9PYsu2ZtYTd0S09jeituMCtpblBzSW9BUlE0Qk5NdXlBYksxcCtzUmFzV3dWRVBFTjI1VzZGR29PZFdzSHE0SVFYUEUzNkM5bi9jTDRycVVoR1QwRTdFelhEL0NPaExrcnlURkk5Y0pXZVZqRGdmVXkva2FCQUkvVFh3b2N3Yi9ZNXphVit6TWlLanEyL0xDR3dBTi96WGhiT1MyakFmZzZ1NVJXTUdpMlkwbkEwbUdiaWpiUXZoNkh4dTR2UnkvTy9XVVluVGxIRjBpdWhwOEtoSDBTTUJZK0JmL0NuNnpyQWEzVE1NanZYSmJyanM9,2026-02-02 00:00:00+00,infografis
cf5edbfc-3b08-4b1c-87e6-5c4f7a7132b2,Kecamatan Klojen Dalam Angka 1994,view_pdf,https://webapi.bps.go.id/cover.php?f=cn5m8zrtlFTPouAT5oNdrlJsMUU1cHpYcDkyY2VCM3k1V1dDb2NBQTVzbURMRHh4ZnVkZ2t3QXYwemR0cFV0TzVpdWJsUCtHak1DemRnVDE4QU85R3FSOUlIWVlsb1RIT0hibzQ1OVRLVDY3WHpRYmhQUVV6a2tJcHYyNGZnZkNPSlFsbUtON1c2ZzNvZ09I,https://webapi.bps.go.id/download.php?f=k1E6/oWEQn1smZj9Qzn+VWJBQjFaYk5mdlpLekxkYVN2cUs5emJSOXNYSXVvOVpoNlRjYTZpL1VGUXFaeG5CcGlpQlRBcTg5UmlieWorY2kxVi93V2dmZHFWTU8rSDV0SWw2RWRrSFd3WXdwOXdrbVBRRzJJQ3plZzErM2R5NEFwclprdSt5aFFZSDVvdU9TM29LcTd2QnMrNW00SWdwMkVoREhCSlVNdGJuQUlIdXlWQTZONDg2aG9XMnhQcVo4N0VhOXJrYXVnaWx2MFRoTzh2TUVXZkJyeUMzQVRielBVeDM3QUovTDVnUDg5RnVRSnhpQnB1Nkprd1daODUvUU5MaEpmNkJYQUNTSVdrL00=,1994-07-07 00:00:00+00,publikasi
cfe63bb8-bf95-4ff3-af16-0f7836dd5082,Luas Panen dan Produksi Padi di Kota Malang 2021 Hasil Kegiatan Pandataan Statistik Pertanian Tanaman Pangan Terintegrasi dengan Metode Kerangka Sampel Area,view_pdf,https://webapi.bps.go.id/cover.php?f=dAlHgFQTMlb/irJapa+cxml2VlVjVnBTM2tVN2cxdGxrOWcydUVoRU1uWXJOY0tEdlpZQXJvN1ZqOUFNenQ4Vjg0dUF0dkxlVFVYOHVZeW45aEF3b1dsTzVJY2pIRi9HY0xSYTg2US8xdkU1TE5KeE5Sdk1sRUx4aHc0YmJNOEZjcE8xangvWDdPSGRyYWlC,https://webapi.bps.go.id/download.php?f=l3tm6muzg4pmfBO/u78MHFFnVGh0WVNoRk8yOVlvSHAzNXVqMmoySm5veC82cHdJWkJIK05nMFFURmt5WkNUZElqek9la1YySCtYWmxnaWxCNkpQcGIyK1hDZUpTd29yV1dtYzM4bFQ1amM1WEhJWDltY1hqTFI2b0NOSktJZkNtQm5SdkkzWjBzODlLM1Q2SUd3S3g0REgzY2dvVDJXWUJOanFyL24yS2lmemp4OGRUdkE3eWVGaDZJRFh1ZnQxRGttbldXdXJ6cTNnTHU1RW4zTjFacTd0Nm1NSTZ1emU1YVRRT0FuUTV4UVRRUUN5NE15MVJWTkhIeE1yTVFGM2tuQ2FadTFyYmF2d2xybWVIRS82S1Fnbml2MlZLWXJSS1ZqcDZ2eXVxQzE3enhaNGtGc0tuM2VDRXpnNEVJOUdWeEVxeXFaV1poV21Zd0JpTy9IaGJyK0VNMjVUb0xDRkpBS0M3YTFPRTlLTUN4dFd6WElIL1Vady9RY3pEenVTZC9UTUNMM1hYWEdxVmZWSmpvRXlSMzE5OHhoL09EOG03TTAyenQrMUpyeGoxZ1ptazRjRzBhQmJZdEU9,2022-12-30 00:00:00+00,publikasi
d08cce77-8b4e-4cf7-b57f-f05eebdf11ce,"Juli 2026 Inflasi Year on Year (y-on-y) Kota Malang sebesar 2,83  persen(1)2026-08-03",download_file,https://webapi.bps.go.id/cover.php?f=zjCwAfYZiMZ0jw80Ea8KFFI1cjFQRmlvc2FWbjA2ZXdEV21wQXE1bkJXZXNycmU1R2RVSGR6ZytYOEhTTUZjMkFaMHcrQkwzYXN2M2kydWNQeFN1WU9ZbENGQ0Jad2tnMWgrZFhBPT0=,https://webapi.bps.go.id/download.php?f=sRyyRH4NrDSI6vsq1K4oUXZqQjhVQXU3M0hpSkRwSVFXeWFBd2p1OTNnM2JtM0MvMEl2MmVmc3gvazB5U2R5WlI2Mlp3VFdTNThWcDVFN0I5N1ZuaWNIdFA4SnR4L1ppKytSallHcVF3bHN3bU1ieEJNUjQ2SUtic3E5QkxNdGFtbU5HcGpsRWNWalg2d1RSSThCc1NySmZZYTJzZjVEekNxWkxhejM5TmpnRFN6YXgrSm5TaDV4Q1JXMXROV2d4ejR0Z1lDemNzdzJGSFBnSC94ajdsazdZTFYxYXRtVzlTTVkzMnlpOU1GbVNCalkzeGovSTVtZlZYV1hMemJPbnBZOUpSQ2Zxc1RQZ3M0Tng=,2026-08-03 00:00:00+00,infografis
d0ebf014-0d34-42d4-a0a8-494c093984b4,Perkembangan Indeks Harga Konsumen (IHK)/Inflasi Maret 2025(1),download_file,https://webapi.bps.go.id/cover.php?f=VrDLpfnnxb9jIWSZYBUtFEhITWVNVEc0YU52cU5BdjU4Uyt6TEJzN3hWR200N2JGVTJnUEt2eHpLSHRMTy9Pa05tdkRvZVl6bmFwNk5qVWprYTkzanVqMUk0eGlUTFhwLy9PVklBPT0=,https://webapi.bps.go.id/download.php?f=3SecRvs3MoPIYIwvtAC/V2NGcC9VU2w2YzNRZjBnYkw4OWhQOExTUUpxcU5PdElwRm9XZFBuMGtsM2NXZVM5Q0hkU25MQ1lHaFJlV1BIaEJoby9qWldPK1I1Q3dncUZHZ1VMWkptZG5wb24zd3lOYzBsRlc2QnY5TlRkekdMa0J6WWN5bHh6YmY2RmtxRDhoeE1HdjdRNStRY0xpd0VlVWxHY1plRGNwZEF1RmxWWnI5UVBaaG5ySFlRZit5S2tNZTU0RFVQL3RjcjVjYThtRUxHczlBU1ZhaUw5dHAxYnRzMFhReFkzS2lvYXBDL1doOHZlb05YODNaeW89,2025-04-08 00:00:00+00,infografis
d114a777-1b30-48a0-904f-aad2432fe63c,Kecamatan Kedungkandang Dalam Angka 2008,view_pdf,https://webapi.bps.go.id/cover.php?f=r/tQL0j1eyjNyFLmC/d0FXJZTjd1R3ErZUl0WklvMmgvYk5leDgxMlRCa29YVGZtR2U0cE9ETzNrc0RTMkVSaFV2aDh4ZDFWNTFLc0NEbHdYVXU2UU1kZ2lBTENNQjB2eEwyUGRSenNXY2paL1g1aXYvMTRhREw4eHk0enNyNldFN0swQWRWQTB3Vy9mMWQz,https://webapi.bps.go.id/download.php?f=v0xwZr0fM4iTLL5pa9dO/08xZjdDT3JUOUcyZkVnRGZLT1d6eE9KOXhOL1FDRThqTnhuN205amd0Y1Y3dExaTWg4aHhuMDNmVjFuRE83SnAwdHR4S2MxVWFnejFPK2IvNGFLMytmdzZZeVZUNFRSTVVZd2tzSkJoREc0eDVWRUx4cnZJVmdSNElKdVlHVm1LbVpVS3czM3UzTG9TYWE1WTlDQm5XSDhvK1NrZ1JsYTJEeVk2NVJJcWk4L3d3dEpMaE04TnpYVVZzbUFrU1RtUXZTbWl4OUsrNHVDSHREZTB4bFdxUVE4citJUkxpQjE2ejFna2lmVkFLTVozbks2YlJxWWZPQWlvc0JBQWJGNzBXZ2NuaUlxZG1ESGhoK0VRWDNYeDdBPT0=,2008-06-06 00:00:00+00,publikasi
d14ef089-b540-430d-a030-c9ae453345e0,Kecamatan Sukun Dalam Angka 2025,view_pdf,https://webapi.bps.go.id/cover.php?f=cVweBXBH6r5PBjYmjwixQ0tub2pwMEdYNjdVaTNWNmMySWk2blRKMzB3TUNRK0p1MWJJc0FXZ0swZkE5dEw4Z05OQXJFQytTOHJYYVpRNnE3eDZaK0gzMXI4TlNwMTVFQVpEL2hrMDN1eEMreUNMOERoT2RSMWxOTmMvWFVDWVJnM2VLM1c4NHV3Nlh5a1l0,https://webapi.bps.go.id/download.php?f=dkGz0R3iDEiRITlY8RZdFHk1V3dtZWZPdXkzTURPWGloTm15Qmp4dDRpOEx4Wm5WcC9ZR1BuMko4NnhZS0FMVWs3cDZPa3R3Mkp6SDdGNmV2ZDk4Q01LcmdmTksvaGhFL1RUeVRiNmxjcStoTDJQaCtOTFZHUy9KNzljOC90VVRVZTBUc0xXSDJZbHhMTVV5SHlWb1FpcTR6cXlNQUN2NC9oODZZSVRPMEJwYmNQazVlanp0Vkk5MFhGUFJIT29pMFJkUWxWR0VHcjVCdGVKQitOZlhJemdrbDgzWmV5R1VvQ2VQTUtJUWxtUFg3Tis1TjFLVUlnN3QzdnNJSjJocnpRM0lCd2pyUVJQTVJUN1A=,2025-09-26 00:00:00+00,publikasi
d1909066-db9b-4b5a-8041-a039acd36779,Kecamatan Lowokwaru Dalam Angka 2023,view_pdf,https://webapi.bps.go.id/cover.php?f=6Xg4uu8shq0q3iNYO/yhT2VwTDY5NHNmRWJSLzNldWVocVB1d0VPc2c5a1NPNkx6WmlCcDl0UjFFdFFhMGhsOUJxc2trTHVjNnUzMFVHNmdmNWtWU1Q2MEdaRXhVVzhnVGczQXhnbXdmRlBIRzZnS3kwRGlXekdMUWowZFhqWGRXK2RqU3d3Tkh2QWxjVjVK,https://webapi.bps.go.id/download.php?f=LbxrAuKl12mpzwrg8utRt1E2bjRzSnVVbTdzc202aXYrV0MxZThONFZZYkNiUWUzVU1XejRONk1BSTluNmNFZVdPcmpGbEV1OG5aM3lFTnlTQnoxNXNVOWRtVm55YnFvQXlHU25VLytidmEya0cwVjJXVDZoWGlSbGFFekZDazBQOXNoN0pDMWpPZFJoZ21hNDV3enhORmRMZndBVE5vUkFOZzJ4QXBoVDZtdWdESEYwdmlWSjdUYnlRZ2JvNWFrVmsxQ3NiZ09tU0dPTXdtMzBVVWZtd1JFRlg3a3pFZ3hiUDlPdHpxMXM3cWFWUWZTOUFUOUFPR1JWd0MvOUhBNFljRkgwMjFCMktheG9PL2g=,2023-09-26 00:00:00+00,publikasi
d2682351-5c57-4a46-a36c-66a048e5d3c5,"Tingkat Penghunian Tingkat Penghunian Kamar Hotel di Kota Malang Tembus 48,57 Persen Selama Musim Libur Sekolah Juni 2026",view_pdf,https://webapi.bps.go.id/cover.php?f=z9cy8IRYss493pkuc4i8mFRLQ3hvTmRlMjcvN2Y0aWc2TFM2ZFA5dXBRZW1YQjJXVGwvTURiSEIvOENWY01BdXA3a2c5MFNCZi9kUjRsTys3Z0RrUWN6azMvc0tteVdWZjJhQ2p3PT0=,https://webapi.bps.go.id/download.php?f=/04wndxQ6KWFPTC/DDjj43o3dXVRTUxKamJ3ZWpuQ1dCbWlhbTRvR0IwYlB6OXkxcU1oQVJlMWxGWHpGQjVHMDNXMHRlOTAwZ1MwekpteEdXK0xQQU15dVBqVHJpd2VmL3ZoNUkwYmYzTUJJbURNS2lNVFFtY3VVTi9IS2UrTVJpWEhsVE5GUEd1Z2xqK2pDT1pCTUt3VTE4aTJWRklzQWgvOStqdHUrbS9DT3hGd1BRSFQvL3AvdlB6QXR6R0NtTXVxSmFBcEEvNWh3TU9hSnAvdFVjTjFVQnFNVXJvNW9naVpqSGpXTFl3SDJhUXl3RUVHOCsxWFhvaWRFUis3YzJJY2JZQURYWGE4NUp5SkxFd09ubWNiTWh2b3QxOGZkOU1NcHJ5Nkk5bVRFZFhzMS9aUWN3SWZzdWVJPQ==,2026-08-03 00:00:00+00,brs
d2c6a7d4-05bc-4022-b471-3344f84afd55,"Maret 2025 Kota Malang Inflasi YoY 3,75 persen",view_pdf,https://webapi.bps.go.id/cover.php?f=LN/w/DXiOpP63w7g+/TQ7Eo0a1ZzNlVwL0xrYmNac2dLdkg0RThOUVdIWktBeHhMMStQbzVFaS91SzZhN1p0V2hPVW52T1daeGR5YTNmbWZENlp5TlF1NFI2bjdDOS9hVENZcU53PT0=,https://webapi.bps.go.id/download.php?f=hc2UKj3fbZd6Y0EQPpS6V0gwejhXa2wrMHd2MUNPckl6L1h1YnQvZXl6Um5DQjFkejYrQndoSHhTMWtHbGVVNUs0WUpDTEgyZ1RTazBzY2RDUXFiRnlDSlJ4d2RFeUVONkRZVG52ZHNzMStXVGJJaDBuT1NCSldmUW40OStPWkViZlRlZWw5TnI1d250TGFRQlBySjIrc1QzQzI0Um5QR1F1ZWFiMWMwMnQzdGVOaHFiUDJXUyt0QjA3SzJqOEcwMUh1ZXVVTjNqNnR6cXk2bg==,2026-04-01 00:00:00+00,brs
d2cc8308-3b35-4ca6-b5e8-bdf2d65e5560,Kecamatan Sukun Dalam Angka 1993,view_pdf,https://webapi.bps.go.id/cover.php?f=slzbgg1pWVDrV0ZlOevyIkY5Q3c3aTU5WW5LdVZnQ3hKWG4xS2hvVnZkVEJpNGRuKzhETjRLQlZhbXM0d01UUU1XRVFpbWNMaHZQb1hTbWliVHBOYWhMdzF0UDA2eXFjVDY4OW13czZ1NVcxeVFObStuRkhwbmJab25rYXpHUGlRaWYyek4xNFZIQ3hVUkZR,https://webapi.bps.go.id/download.php?f=UvTo/ApC+C7A2ZNggzsJ42h1NWdJNysvMG9ERzFnL0ZHUmk4SGtleDFkcUUzbk5NSDNWZGVDV0tQbFQxTjFET0hmSDBDYkp6aTRxTWNxSFpzb3gxemd5akpLMzdsV3VUaitEd2tyY2NtT2NITWVCSXJjOERoRVRaS3RQKy9abDhxeHMzWWRXOEIyVGUzaGo4Rkw5S3FnRXR2MXJVUVBKV3lpVFlJV0pWd2ZFWUt0S2Q1Z1ZINXdWbHZCek5FcG02ai9jT0NtMWpVbFFib0JsWE1GUEozdDVPQ2VwaGFBUVU4L3ordnprRVZ2elo5c1ZQVzdMSnBQQ09uQzg4bThnS3kzQkdDWjROLzN4NWdwYWo=,1994-07-07 00:00:00+00,publikasi
d2eaf0fb-a0ce-4a4c-9792-1b39d08c1c1c,Statistik Industri Besar dan Sedang Kota Malang 2017,view_pdf,https://webapi.bps.go.id/cover.php?f=znQcPwqwkDIyTNQhOaC3u2ZmSnNKWkJVS0ZmQlpvc2pSTjlkdWVCcnNhY3M3ZXhnbFNIVFZXbklwV2hTS2VqUEMrbzZsQ0dxbHByTFhSMlJzNDR5OTZrUE15T3F3WVBjQkplMUFjTHE3L20veVB2dHpiYzdiMDRWQUJXV2RVbEFLZVZmcUJlQzBrd1ZtcnNa,https://webapi.bps.go.id/download.php?f=OK0bQGubKh6UHoajY+p+GUF3dDZ4cDMwZ0JraDdKY2I0cUVEUk5JTGNkSWQ3T1dRaW95Qnh0WDN2bnUvNVZOUDhDak5KdGtoSHZ5ejhSeWROYndtenFoQ2xTcHRUbzJwSUdxaUo0TGExL1AvaHpXSkxzTElBWWVsOUh6WGxkSDVSaGUwekFuNzg2TkxFdndudzRERTFEc0I0a21NQTdmR3FxWDFoeTJiQnpjNmg5UVQ3aXEwY2lCZzB1dlJKaVNTYnJlWk5JSkZSUmtsWWZwYlpZSkIrYXBaUmZPNlhYQmI1cktpVlZnUmFCWDBYWG14V3MyVk55V0kxYmxwN21PU2ZwMFV3LzZub3MxdTQ2VDRvejFJNUhXaVFET1YwbTJHV1JOK0h3PT0=,2019-12-31 00:00:00+00,publikasi
d32b6f10-a2e0-424c-b037-214aab8551ef,Perkembangan Indeks Harga Konsumen/Inflasi Juni 2014,view_pdf,https://webapi.bps.go.id/cover.php?f=MSG7loZgUG561v8p4AyLNVovNVJxd04xS1RXMzBmS0t3NnVSWmRERmhRUWdJcEJHbFZOUFplQ2RnL1cwSjB5OHN6MWpXU1NpK0s0d1VpTFhQSmNxeTFvUUpZZXVibkV5ZEtFRXJnPT0=,https://webapi.bps.go.id/download.php?f=SyG/XMxDWN5wCNwYOTaVDkdlcTBGelR5S1o4YVR2eEgvZGxmR2p4TmxkM3lwMlpUWU01czN3d0phOWlGSnlaOTdDODFRdTdSTnI1MTRkY25hSUhXZi9ubWlXN2s4VzlvUVFIN3d1Y0VWNTd0L01QWWNJdmJiamx3RUVtcTRhOWlFb29JdGQxb2NHdGlhc0tIblloQ3ZWSVdMYWIyeU4rcStYTVA1d2tWWWFDQlhpeE94ZEFISXZpaTJuc0VZcmFaMUpmdXJCZEFkQk8yTXR4M2FMSDN6WlgxaGtnZGdTSFh6c2dpeFVPd21jQUwxZCtJOEREVS9jM3hmbnBvc1lIYTkrdXhPQTJ1MEtlNVZJRENCNDBpSlQ3TWYxN05wZmxyOTdlcFNML0t4d3lsSHBVNHdQN1hHVC9pOXY2UEJkVndkRkhLc0UrR3FtQzVGKytBb2hRQ3lORU9jYU00bytsMXVJU2NuMDMxMnV1cnpvUU5pMmNoY2pYZXZBMFAyKzJSRUtRcjI2NEkwaGdFVFZlZg==,2014-07-01 00:00:00+00,brs
d32bdafb-749b-4332-8a90-68afd451d3bd,"Perkembangan Pariwisata Kota Malang, Maret 2022",view_pdf,https://webapi.bps.go.id/cover.php?f=ijFQtcSdPuZdY2rJbrWyjHpRMnVibGdVcm1XYUVBQmhOMXNsUWJFQTV4TkloVEdWWWQ3SGVnZmwzZUVkT2lMUG5FRlJXT1hqdWEveXBReVk1U01lMUZ3QVk0WHF5d2dHekF4ZXhKczEvblY4QkJxY0tNcWhkT2NYaHNCMWZYWFJiSFNmN1lWMml1c1g1Q25D,https://webapi.bps.go.id/download.php?f=JUsZIWxOuzFYsQ33bz90TEN0TzBmTUY3MWtrM0llWVpoanNBQkpMTG5Fc0FaKzJaWFFROCs4aHlJZW5Ccy9odWdFQkEvc3BiYlE2VElXL3Z3THJzbFZ1ZTlFZmt6QTV0MTNxTVZyYmY4akl1ZjMxQlRwTDYxMVoxU2xhczRDaFZ0bFRTWWRSeU4xTDV6VkRmb2lYMTQxQmtzcm1rMWtXeS83cDhuVVpueWxRTTNkUWpJWGFXVDVmTHpQejhES3J3MXltNnFGTGZQRmFSNFQzRlBwenR6NG1Hd2VzcEhuMkhwcW90a1Q0cGNaYThtTXlzTzU5YjV6bUNDSTVNZFA1TVZLeFI0eXpIYlNsT1hvU0hTRUFqUGExTCtBN1pwdURFSFZQNmg4amxCQ21GQlVVM1NITk9UNlJiTjVXOHllMWIrUDY1UXU0UmJIQy8wbTl4RituVG9mNWUzU1FiQU0yd2pnckF3WmhRZGNDYVhrdFBSRGVXQTI0Yk5CSVJrdHJibjNqOFBuUGs1dDIzczB1cw==,2022-05-09 00:00:00+00,brs
d331dfbb-4127-4d53-89da-557668d42adb,Inflasi Februari 2021,download_file,https://webapi.bps.go.id/cover.php?f=hiNTz24QmHl03AOJM1RjzWF2MkEvZmppcFlITHhvV2NxWGtBRDRoN2w5UGx3SkkvcDBUQWlPZjlCRGlnSjcwaGxWY014ODlaSEU5ZmZZQi96bnE2NU5qTVZyYnVDZ0FLd2FCTFNEb3dxVjRldUQ3Q29GUTZndlN3SEtFZ0FjS1hobHBTb0xEeWJ2VVYvWWgx,https://webapi.bps.go.id/download.php?f=pmbiuIR0JLC1KimxtLJLnkZrQWxLYjFKVzlDTlFVYkl6cXY3M2RzMWhjUSs4WHdITzlmejlKMVdzL0JaY0pjSmxQcVBHQVpMQ1NzSkZ5N2d1N2tNWnhuMHFmbmx0M2pnSTQxMXFZM3JOcm9DR1hiM040b2RvMFFRZkowL09CTlhTTXRWYlcrTUI5U0hPRjJTaU5ZbUxxYkhYZ0tHSFIxbjJDQjBscHcwUkhMTDZXRFExZkFUUnQ2UFgydXpTMTU5WWdWREJ2elN5NmsySjlPSQ==,2021-03-01 00:00:00+00,infografis
d36d505e-c05a-4384-9218-7cdcd626dff2,"Desember 2020 Kota Malang Mengalami Inflasi Sebesar 0,34 Persen",view_pdf,https://webapi.bps.go.id/cover.php?f=mJBV4v3m0ojDWvIEO5TeZlB6eEpMZnkydFFpY0FwRnlpTUpjcU1TaDFVRlRlUHBubzBwK0lLamFzR05zSWhFRXcyalVXb3Y2RjJIQWxaWm5hYVBCQm1LNWtMZnJJUGJDRGpuRVVLTkZaUDdlMW5YMFY1dDRPak9LalhTK012dUlMQk1mT3JYdmEvNU93OFdS,https://webapi.bps.go.id/download.php?f=2u/8JJTu6KPy7nufbzV94XdqbjlQWnpJVmJHTURTakVEemFNNlZ2bWFoc2dSa1N3VzhpMVRSUGJicWJVc1ZYQ2pBam9ob2FuanRRdnNSUVA1ZzBxNGJyUmdwaEV5bkR2MlN4eVVTenJkSDN5TnlPOXNQaG5lNzNGZGV3OXpKT1NJL3JGSDNNNFZUMlJvTWJ1UVRCbnh3U0FheWliVEVLNzdWenFacnVIakNya2k3NW5sM2dKcUVoVmlxbnQ4blhQcENTN3l1WDY4cUVnTlh3azhndVl6cWJyMW5pb1M3YnJ2MzBhYUlSeHdkVWJYYXFMVU5XWk5idlhYclpQY3d3TUVvQlRJZ3dNaGJUMDc0cW1tbUpiNWJIWm5wSXVGMmxNWXRTQ0ZyR1pmbVdsc3FhUUI0UVJnUlRSOVhYR0Q2MWMvRStENisvWHZMekxPcGZOK0RkdXFqeWR2dDhYMzBYak1iYjJ3SFN6UDFEemFsaFJ3WWFGWEZxVW9YYmNON1BGN1BORXpTL1pBUDJxZVp6M1MxZGtCQjlJSCtNa2VyTUJhOUNLZkE9PQ==,2021-01-04 00:00:00+00,brs
d3756785-bf02-4325-821c-ab3a39b245a0,Perkembangan Indeks Harga/Inflasi Juli 2017,view_pdf,https://webapi.bps.go.id/cover.php?f=qDBshG9IoWMwzAvfgf1Qu05TRHFBSldtZXRIVllDMTR1VGFXUmxkWS9jWUxmcHVqVExuRzlNajc5d0RudmwzRDhJMUV3Um85dU5rRjczR1RRZm8vT2RUdUdiaFhxSEhpZ21IRnJ3PT0=,https://webapi.bps.go.id/download.php?f=MWqgh8eKc/z0l/y5HxUOMVhpQUJnMkNqM3kraHpUcVF1MUJMRnRrNnJOazc5aDlFOGl1S0RQTU81eC9Yd3JmM0xobUtvc3h0Q0RteDYzRzlnWnJhbHVEMzlKbVpDeUdhMVd5YTBUYy9Pa2c2a2ZvUzdVeE9SMVBNM0NCVHIrTFVQNFNtcldFV3pKaFVGbXBQRzFzN1BnNE5QN0I0Q245TmZhVW41M3dGeHpvcVdZKzdsT0RtK0dDWCtUUDZLRU5xT2xHcWJuNW41a1NpM1c0RjQyVFpSTHlsTWpnSmdoYVZMUXBRTTNobHpqd1MvRTh2dUl4RjhXMnl0ZnR6c0dVd25ZTExuS3hZT1ZCREhTVnVDenAxUnp4Mjk3VE4xN2RKUjRWWUtsdkZQSmZpMEdua0h1WnVYakw4Q1Qrbk9kTUZDY1dMdU5mdjRvMzN1cDJmbnpxMzFTOU91d28wNjdnbU1CK2FDK2xtYlZNTzNZaUtPTmNrUWljL3BnQT0=,2017-08-02 00:00:00+00,brs
d3de4074-85a8-41c3-848b-f139d1bd8505,Inflasi Desember 2020,download_file,https://webapi.bps.go.id/cover.php?f=gfZQHzH+j5hD3L4IVbivq3ZSU2NISG1PaExBVmE0YlZEeTIyTUxmQTdjODIvMUNYK1VIT2lvQ3dzdktwcFE2V1dKQ09qM2VzR2xQdnFxbWI1TlY5M0ZobkpMTnZMQjdKVFJ6UHFNanR1RFJ2dUlNcS85cXVGZzVSb3pkeGpzaFBKbENiZ0pMM2x4ZDJxdDRV,https://webapi.bps.go.id/download.php?f=PQ420JHFH7HJHCsdntVtdkd1NTRtYlZuTVdocysrWEdCNGl3MnkxY1EwUDNSdnZGR1Y4OXEzQU9keDh0S1ovZm9RS0g3dkZFajdyWXBGQVFTNmV1VWpiYi9UQ1pGWGVtUkovMWIwakQ5R3BZMWNQWlNyTVRkcEhWNUhFQnI0eEt1ZVJTU2pzQUdnNXpJU3B6YXVLTTluMjcrR2RRd1ZIQU8yTldCTlI1VG40ZW1FNEdJYU5PZElRd1RtQ2tMUjIzQ0ZtR2w0cHNjWXJRaS91TA==,2021-01-04 00:00:00+00,infografis
d4e19327-789e-4057-886c-acb20220cd10,"Agustus 2025 Kota Malang inflasi Year-on-Year (y-on-y) sebesar 2,13 persen",view_pdf,https://webapi.bps.go.id/cover.php?f=yhiUUrmBKSpPaEuF00u7OjQzZ2VheVU1ZGd4MjVGL0hyNklQV29WVGRQbndRQ1lEaFVVQWFwNHdjWmxCdWpMd0F3L0hlYXFvbWFNYkhTYllESGJETzBva0FGNkFQTmR0SklOVEF3PT0=,https://webapi.bps.go.id/download.php?f=clvdT4h9rutF34nEsOmyz2k0dlVvb2hSR3E1UEJKcUxaZ0JaOStKQWYxRjJsUmhVN0dMdU1janVkUkFWTzJWN0k5S0tQTTFWT3ljZWVpdlN3MDkyZkZoMDVuT1pLZHdSU0Q1RVVlM2ZtQ2pkTGNOT2JZMDhmQTlhbFFXbXdvOTQzSkY3WUwycGV3c3pmTUVFMFFWZlNGajRaM0x2NURhcHo2NHZmVmhBZk1kbmMycmhwZktnaGdMcml6UEVpanVZNFF1Vm5hYjBBcTRlaEh5OGZDZ0NSMVdEQm01TWJoWmNNSUduQXphTU9HS2pyUDY1WTk3QXV3cmp6QlU9,2025-09-01 00:00:00+00,brs
d582d358-51e0-473a-9981-9dcf679e34c9,Direktori Perusahaan Industri Besar dan Sedang Kota Malang 2024,view_pdf,https://webapi.bps.go.id/cover.php?f=3H26hliR/HY0V3b3jdh5kDFNMEU1WFgvc0RGNnFNZ01qUnhRbWxSUGVMK3Q4K21uTVArQnp4R3NBdTFKMG1JNTNoVlRaN1g4eW1qYWtNT0p1ZmtaMzZ6SlZrK0FXb1k2ekxWc1FRUXQzNmF1czM1U2xORVFnT01QLzRwTmlxcnMrNXg0eno3UjFERXpSYjVL,https://webapi.bps.go.id/download.php?f=TsQ50PctPh3g2iGMlgfcg3NLSHp1VG8yL0U0TG9ZZG1ZWURwTU1kRk4yd042WUNYY0FVdkNLWGNmYVh4N0hjazBwR3FGUDhnVWE5WmRWT0d4UHJ0VndncngrVDBSTmZ4R0dFd0N0SmxNRU5vN0JVNjZtTEtHWnlKSTJTY1VJZlh3ZGNMZ3lpQkd2VW8xMWdiSHdIRm1iTWNWVmxpYXgrT2MzUkgzb2J3WnpKc2hPSDdjVzQ3TmJtNjFuQ1FUV1BsQ3QzL0Q2aDdTM2VyVE1qM2gvbmtXaG4zN0xsT3VPeVF2WVpuN1lPOTdpRnRCUExsLzJXOW9qZjZHOWZjOCtpUFFwakM0cTlXSlZLUlJBc24zLzlodXF4K0tqV1JxdlI1MXovc1A0S0xwTVBVWVRTTHdBV1BHWHBXMGVzPQ==,2025-01-16 00:00:00+00,publikasi
d61784cc-4da7-47f7-9fe6-b65104914490,Perkembangan Indeks Harga Konsumen (Agustus 2025)(1),download_file,https://webapi.bps.go.id/cover.php?f=ob/3GzbMHQTX0g6m9EdZvUpqVjNuRTl3VHlNOHJGZm1wZHMzNVhTMjVwaXVWYnNUMnZHTm1rU0NNTUFYbWtQQWJTQjM4MjJEaGg3Um1RYzVNT0d0RFpiNnFKMlV5NG81K1g2SmJ3PT0=,https://webapi.bps.go.id/download.php?f=XISuw4UOI038oW09XBohqG1pUElOK2RoeUNMclhMOFVPY3ErNjdGYWc4dXhINWwxRWpRQ0JobTB1VXcxMzBFZnVsQzl3ajZkaGpPR0JqYlpKWFovbTdxYVpzNlJYZHNrdWxnRzA4amRjMFBUclZJcVRUaCtQYVBsMXR6V3RyYXduaGV3Ny80Y2FZWXBsQ3BvRXAxSjZsUjV2STRQaVR0TVkxbUV5T0tLV0ZxNENEeEFsNTFrc2VJR2liM1ZkRXo3M3EyTHpNYVR3Vm5SNTFjbkhkcjVNVDhNWW1QSVZyVUFGWWh5SlE9PQ==,2025-08-01 00:00:00+00,infografis
d682126c-9733-48d1-8778-80cf3136758e,Kecamatan Blimbing Dalam Angka 2014,view_pdf,https://webapi.bps.go.id/cover.php?f=9/s5EQkMx7uVJg85sP2MODVxNVVEL3hrajB6ZGZmRytjbUdtSG1ZNHp0Z0xpeDVmaURmODd2czE1cTdRT0F2UC9YTngrRE85WEpxK2Z0ZGp0TG1yeGRPcjlicEh5N2RYZUF0S1REYUJrMW15bmVtUDJvcDh2dDVqMWloUEMvaWpFK2hTTFl5V3U0ODIrVmtQ,https://webapi.bps.go.id/download.php?f=e6HISJ4gRRqkJAxMuLXu3E9xN2NGZ25GdkR2QmtPa0FCWk1uRjVDb1lLZGdoSTJkdXFPbjNaNG4xZGprTmczeFNSaXRyRzk2UHFjdGVueXNWTW9hdnJIajFRellBOTJZWldLSFVnM3pUcUdZWk54NEFJTjgvdjRtNmFsWERZbHFFdS83ZlVWbUMzOWZRSzU5aW9oU1plNWhwLzJkRnBxSmp5dDhqUCt1QnNIMmZXQm1UaWplYlNaaUFMc01SbG00R2dLWDBaZjdlek5uL05HTzNxckxhWUpmUlR6VEZhbFNoSjFOS2pYaSs4alRodG8rVmpDaXdXNVBMQUpZNm9tQWtoUkd6ckY0ZFFHb0UrVSs=,2014-11-19 00:00:00+00,publikasi
d6877156-42b0-4b4b-ab95-c3e36b574928,Statistik Daerah Kecamatan Klojen 2012,view_pdf,https://webapi.bps.go.id/cover.php?f=4lE9QevYGPvot2SXktKQamtZSk1nMFdBd3orRDZPWTcwM1lGZVEvejNNd2FlYnBOU01HdkRXUThoYmJaRW5UOUM1RnJReTNaSG0ybkNnelZtM0pFbVdoUUhhaVFaaVczaC9iQjBOMllYNFd6dDVSOHYyL2RyNUNMUEdBNE5PZjc5NExrMGNVRi9Kc2VzSFNi,https://webapi.bps.go.id/download.php?f=0g+jSuxkPaqaNSxtSZiRakhsdXZBTVdzSmtlMjBkb1hXZVpFWlFqWE80K3RVYjBYcXFsM1VveUMybGZYQWs0akJlK3g4ZDlreTIvT1h4TS9LWTB4K0tjKzBDdHVoa0d2VzhtNHFrcWpTYmlXK25LQVdtYmd0bjJkMTUrTkxObnZOZ3J6K3BKcDF2RXhVUU4zYk8ra0xjQzdxck9Gbll1Y0dEc05QZGhjVDlYTkpaZDkrdVpGbnVnYmFKUSsycDBxYnhPNHBEZ2J0MUNsckFSSXF4UGtGc05RMStzYTVuOFRJWDNFejdOc3lBYXYxNHpLL1FTQzJhYlhUejdXcFF0QVBGbS8yK1dhbTRXTWIxb1M=,2013-02-27 00:00:00+00,publikasi
d6d1fc55-0da2-49b2-ac1e-c7a7371258fe,Inflasi Oktober 2020,download_file,https://webapi.bps.go.id/cover.php?f=bPHAoiLfhEaSCVeyvn4kKHRvdEs1UU85emFBRDEwcUl0TVlyQlpSWGIybEdRbko3QW8zS21SMnFKbFU3VE9ROHdhbU1jbmpXZ3RteEN6aVFXSkQrSm43VTlqNzFsazFHdkJBVjBYT3o1S0dha1o1d2YrUThZRklJK3JZPQ==,https://webapi.bps.go.id/download.php?f=Tha2XbLA0TlobdqesEZeJGxuYUt3NUZaSnZLd2hzc2c1TCtpN0FWTlpMS2lyb2JjRFlMdWdwNVZzRUlyV2dJa1dsWjV0NDE1MmppY0hEemR2NDZEZFExSnJsQUlJLy9za3FXU25xaEphZTNYVThnL1d5Q3lDUmhmLzVXWExJeXllTkY4bXZLYVBXVlhOK0p0SzNndTd2aDFNUlh2MVFCK01pWWxkQm1ZREIxRjdkVE9tQlhLN1pZeWUrYVczeHFKRWdSMDZZSmlEdzlQc2hBbQ==,2020-11-02 00:00:00+00,infografis
d7465b6b-4c71-453d-b2cf-7d5e84db7c3e,Pariwisata Kota Malang Bulan Desember 2022,download_file,https://webapi.bps.go.id/cover.php?f=Y3ScEs3V2aMBDVQB/vxmUVU3V1Y4S1Y5ZlRtL01lUG51ZUdvMG1DZ1htdlZpVlpvTTVoUTBmL3JOZ0dpUDZlKy9aR1pzdHJGMm9NeEExekd6d3FXNnkvWnVqMEM2ZVBobjNFekIvZXVlYm05WFFPUjFsaXpTNWhZRE1YMXdnSzBvMDBmTnUxeTZEVU1SRENZNFFZWXpUVjdVV2QzS3kzZ3poSjFUdz09,https://webapi.bps.go.id/download.php?f=hQLNFFIq7ojw0Qe3CoN6aytvbEFLOFF1dXBzc0RYVDZ4ZWhGMTZvRFczbjc4L2Z0UE50VXFEcHNRSHhCSGpmU2Q0dlBzWGdNRkNiT0N2R3JrRzBtQ1EzTU1qbWhlT2llblc5SEJjNmIvcEdnTzFqUDk1ZFVFbGNLWHlQdlhJeVIyNVZGUEo0cU1aWjFrRUt4d1UyUDdHcnVrcFZZb3djVkdrT3NRWFU4Yi9iRlNGSlZlWXE1N0VQbHFrZUp1NXRtb0tMUmJEMHJFTHhmdUYwWEQ1OU55V1J4YWVYcUh4SHR0QjJ2YUpFeTZpdWFZbU9Fd1FBa0c2dXZrcy9pN2IxbGc1R1h3d2pzYmNKcGY5NU4=,2023-02-01 00:00:00+00,infografis
d77d8fdf-339a-4ac4-ba61-dd7491b84095,"Perkembangan Pariwisata Kota Malang, Maret 2023",download_file,https://webapi.bps.go.id/cover.php?f=o5TePCUDv7Ji7k1QgMHivjV4UndPTFI1aFk1VmtrTEZFNzNiNmFhQ3Y0aTluMGRsaGNLOHBnQ2lRQ05WWUFsc1RSL2NEdkFLT0EyZ2NjZTFQTEszc2xNZWtUNWN6b2Iwalk4ZTRiZHFVLy9WWFVFcElpZzBTTVZSY0ZPV2VDQVJqdkZEQk9sRFpzVmcvYlRRQjZhUVBxdklHQUk3dElVbXBXZU1tdz09,https://webapi.bps.go.id/download.php?f=Sn1tbiOEtglR1KybgStcQXRqMHlqd1hvaDVSRFR0WnpPTEhzdFNDcTMwMnQzN2dKeGRqSTRsRmsxdnh3UVpqRFFlcnU3YTZVUmVlWjlQQTBkVGt2NGVnZC9yNThKd3UydGowcTJ0UXYyaFhNMUZ5M21jS0F2NGFVT3k5OGV2dTB5bEsyc2ZRQzhtbEdQdFhlclFFL0RCUmVTNE1UdXdkMCtGZEU0YXc1STJxa0N1ZkdvWHltUTVwc1ZLaUdtQWxWZEpwM3NVM0xVNzB1QTZNUDExdkFLQ3ptRUlMOFdPa3QvbXVzUVE3cVRxRmxRQUp1RmkycFlhR0JMNTBVY3d5ZG1VS2s3ejNobnF6U0hJR0NMV0NIMXFwRXExc1ZxUWQ3TmYzbHFRPT0=,2023-05-02 00:00:00+00,infografis
d78e6ba8-3e70-4d45-8d43-e481aff2d397,*Perkembangan Indeks Harga Konsumen/Inflasi April 2017,view_pdf,https://webapi.bps.go.id/cover.php?f=AhhP8/GO8WjN8CEaheGf9Xh4djlSOWVDMlB6UjV6UmhpMnhueVE1TEFndm5JUUdaa2tjMzNBbWVGakNCSitwV1ZneVAxdDA2TWdjZ3c0cWcwUzJzanVFVXlyS2JNYlRVRXphN3NnPT0=,https://webapi.bps.go.id/download.php?f=dP1GapSXte64V0PeRLVBNGxzd3dBVXFETVJPcDhaR0lpZytEZ0F2UFdrZHpITThLKzJGekV3VVlxdk11QlNIK2U0ekNjWGZKcndiWkRWN3k0MFVoT0hSejR2MXVsM2crbzBPQzB6dFUxUllYRmJ0cDlVRkVsRjlmQW1qY1VTREpGL3pzdEh2ZUliV3M5S3JvTDA3WjFvQWZkNThHcVRjejB0VkZFNkxqZExycndlSmJTWC9JWS93TFIzZjYvMDV5cHoveGd4cTEzU1hrT2tNdnZGelRKbmYyVUwxSDdZVjJiay9KeXR5NTNEOTF4SWlDamVMV0VzNEJNQk05NU5iNFJFald6T05JVXI3OEJqVlZmR1F6REQzNFIvOWw1ZW1uaTVqRHRpNEJ6ZUFuWU8zOHhqWUJ4dXlsVHdwL2hXNS8yNDVmRkphVHlyWHBpaktYdXpURHBCcWxGQUNWL1V6YjBpNXhmWWhMbXdUSWdYeGd2ZWN4RURORXF4SUZ5ci9TYldKZHhkRUpxME1zRWgzVA==,2017-05-02 00:00:00+00,brs
d78fb215-49c7-4bba-996f-0ed71585bf45,Kota Malang dalam Infografis 2024,view_pdf,https://webapi.bps.go.id/cover.php?f=26XHHWyZyhyUBqeEhjqK4ThtY3hQSXdCVjFkSFZtU2hBUU9FSy9NdDJTMjRmZlQrdXUrS3hIRHJSdUJkNm9OV0k4czZrSlRtMXJKZE9IM1pkSUtvajRpYjdTc3JBcGdGbzQxclJiSnNFeHAvTkVPVnpwNHNKckdUSDNoMGR5MW1ub1B3ais4MTcrQ05BMWxz,https://webapi.bps.go.id/download.php?f=CJbjkgk8/YQIBCK0Bg1ZdlZzdTRBNlVqS3lTc0kzcE1qYTZoRlBKb1A4RkFQanpwWlN3MlFIb2JUL0t3S3YrS3V0QmFFc3BocGw1bXRQekFLUGUzZkRiUENqdWVPQTVVS0JGVWQyZS9BYXVva3pzTU90ellUSDVTS1ZOSmFyZXlxTkdvNDd6NmYyMkx4SkxTQUpNc1NPOURyVkJuN29LNGx0T2xjdVYwUG1PZ0d1SnNUMVZKOUlwbVk1Wlc0YmZJQjdLSTRnWHdFU2xZcDRWdkdQS3VhakhMK0xPc0dzTkZCdFlzbUt2eGl0b01TdWtreWVHSXYzNG1xN0luMldtNTlxQXRsdEx6a2I2VDBGSDU=,2024-11-21 00:00:00+00,publikasi
d8b835dc-406c-434d-921e-64d7ca779795,Indikator Kesejahteraan Rakyat Kota Malang 2018,view_pdf,https://webapi.bps.go.id/cover.php?f=08ky/j+rrYDxsWtS9qHl9VVTQ0llOVlmT2F4TzZ2M1NJSDdhbDZwa0wrWjhsbXIyVmUxOXB5Rk1XNmN0SkpCMURNZTBoaXlObFEwUXg1cU4zQ2wvMjU1cHJnOXJ0Umx3bHNCOG93LzFuN3ZXMnVrOW90QWZiekhWeEZkSGJoMG04SkJROEJjdzRMczQ4c1Er,https://webapi.bps.go.id/download.php?f=UbTmYNdKftSlx3P8AHFNsEdiSERIM3RhU2tPVTRmTUFhMXdDWWhlODA5RkRqZHRKNzQyQllSY2lqdlJKcG4wbk5KNHB5T1RscVB3MjE3V0NrT0NjbUFCMlgweGx4VEE3QVh2OE1uYVJMTFB5VUhBNVNMdHdLaFlIZEdYYXp0U3VqZjBTSCtYUFJ2MVV1WWc3ZGhTSDNlOXpscVJqTDB2MEZwVGFUVmllSkUvaWZUeFJkMUZpMm05b2NHc0NnbzZTcHBiZ2Q4KzdOWjFwSExmbjhzbTRjM1dya05JYzd5QnpPaGt3ak1ZMzQ4cVkxREVzKzRGWlk2VGFtRC9FU3FVOFFWbmgyNkJ1ZFNPeEdwblRlQUpqMjNNUTB5TTB0ZE1NMU9VMExBPT0=,2019-12-04 00:00:00+00,publikasi
d928f178-7c47-4c50-96de-fa5049f5c37c,"Maret 2025 Kota Malang Inflasi YoY 3,75 persen(1)2026-04-01",download_file,https://webapi.bps.go.id/cover.php?f=l6ubg2KbNoew7lLWAgPveFN1dkdxOXk2R01LVGFranlzeVducStzRXQzYURxNVp5VEtyYVd4SmpCcnk1MHl4aEI1WTNSMCs0Qk41WjNYa1BZckJ6bjd1eTZsby9rOGJjOWdTTzFBPT0=,https://webapi.bps.go.id/download.php?f=TUdqwRXsnW+vCINhXT2UlzNUYTRrQU9NYjNUdDRQVkxvc1dhc0hhQllwZzlPQzhkS3lTaFA2d2ljVlhJM2tnNHFIM3VZWElCQUZkRUsrUVBzWEVvU3JEcHFOcFhzMFUwS0lOelk2d0ZqUEZlWTdvUmE1V1Z1RHdMaHFvSEpkajJpeWYwL05uaTh0b2tXZnBtL1dVbFRKRUtoRW03azh2N1c5eEpQY3FZcmNycXVOZTZENkhxa09qbU1nQ1JGNnJJdkp6NnpJSkFBZUV2MXhwRmhqL01yQ1VuQXRpQk9kaTh5UittNlE9PQ==,2026-04-01 00:00:00+00,infografis
d936ba5a-45fc-4cbd-860b-34a7c271b40b,Kecamatan Sukun Dalam Angka 2019,view_pdf,https://webapi.bps.go.id/cover.php?f=8Ix7TTpxtDwwXfbLBbUBdTlBQnZjRmRVaDg0TityVVIrKzZjclZaWmxJbEZ1VnRwYW1UMnkzUm4rdFl3aWRFUWxFdnpiWjZTV3VNWWs1RzhFNFR0N2k3c25wVVhJK1lrQWFPUkIvZW9TN1pESDVPQ1krNmtIeDFlSEZpT1U3SjJVa3pQck41UW8rYlBXNzd6,https://webapi.bps.go.id/download.php?f=woPP14pPb/ueIycbS2ElWS81NUw2ajdmM01KWVJUTjlPY2Q2SzcvbFZPc1BUTElDeE0xSUNBZnQxN2pnUWhPZUtrV2tnRmZhZDhDcWdmOCtCWnpkWkZ0QWNFWlJSTXFvTzljdWxUM1hvc08xeE1LTldIYkVLbzI5RXpzaHlKR0pQN1Z5K0ZoMmVzNG9DZXEyNC91VnhQVDZZNUord3JYbUFrWk42NWljLzljdUlIb1BnOXJKYUdhWkUvRVZ6SVl5NlBobXJWaGloVTRkdCsxRHlGOXdqOG4yQmZkY2IxaWdVZVVzc3dUaHgvZVBuZHlIem5lSGtjd0IvNFhPM0NzRGhMTFQ3MGE0M3hlVWVXTWw=,2019-09-26 00:00:00+00,publikasi
d9787dee-8c11-44b4-a3a8-5aa4e532586c,Kecamatan Lowokwaru Dalam Angka 2025,view_pdf,https://webapi.bps.go.id/cover.php?f=VkhlytZONixaRg0c65EErHJFUWZmczhjSVYwcEdmc2FIeGN1VUNkcTByUU0xaERBWEZoL1RsdTZzZjB0QkJOTkRSdUR5RXM3RStCUFo0TkZYZVoyT24rUTB1cHpqNlRaYi9MTERGWFF2Z3pERWhqWVhLZ1ZGZ3ZjVWQ1VWVodkliS0tQVHF4cFNHRlI5bTJn,https://webapi.bps.go.id/download.php?f=g/cejQCQmNLNW+wCI/OlNTZWTmlTN1VGR2p1blFFdjMra2ZjR3lleXd2a2l6cm1taFQ2K281SGpidTZKb2Z4MzVBK2FOU1lxVDRuTG95TnpYR2NtVm1JajZvTjdVb1dFNytHSjR3VjRtYk45Q3hsRWpjTnRncVlDUE5KNmxIdENPMkxxZjk0MGV3L0Z6eW9uRTNrbUVyN3BlaVJpZytWbWlyMUtScFVzNmg1NEpjYlV3RUZSVGlpNFZnaXJzNE0vbis3ZmVNMksvcDZFUzVzaHh4ZUdJVXFWcEpNcWZOSmt4eDQ2SDlnVythUGQ1elh3N2dnbEJxa1ZOdDNOZ0oxbHNFMmhkTUZQZUpGMWZ6YUo=,2025-09-26 00:00:00+00,publikasi
d9c91604-1d9d-482f-b66d-8856e963c475,Pariwisata Maret 2022,download_file,https://webapi.bps.go.id/cover.php?f=5TQ1aBz11VZsdW/Ep9r1ClhLcFRSNDJBN3drVU5WVWt2VUk0MGtDb1B1NlJGS2V1Sko4QzkwT3N4Uy9OOElVa3RaS0tpc3o1bmNGVGJGcnQzVHl4aEo4NnY1a0pCSGU2ZHB4RVM2K2M4Y1U1SW83M1BucVJSeEt2MmxOS1BaU2VTYlozOVZ4KzhPb0ZnSEpa,https://webapi.bps.go.id/download.php?f=KjjJifoBXG+YuP/vWXkJ8y9GSnl4RGxmNWhaZlRvQkxSNTI3MUIwM08yZkpJSEVvZDkwMTZ6TmlYWWR2dERPNjUzQkQ2MDY3dDhFbVZJNU5xemphQ1lhZmYxRzFROWlnRTVHSDY0dGlFb3ZwNlphbkdPQWI4anNSRUJpT2pBbW1zUGtvK3o4NDBOdks0MUtXck0yaWE0VWpIeVBsNDZnWW9LTVFxUDN0VGdsVlFJU0Y1dkt1MHErMTZTVWljSzhJOFpiOCt2ZTdYWjE3aGY3Tg==,2022-05-09 00:00:00+00,infografis
da3a4d76-10a9-45c1-bbcb-9da71fc9e031,PRODUK DOMESTIK REGIONAL BRUTO KOTA MALANG MENURUT LAPANGAN USAHA TAHUN 2010 - 2014,view_pdf,https://webapi.bps.go.id/cover.php?f=JE64uqrT+2q8uk32lAIsgVllZ2xnZzJ5QWlCSUJKb3kvYXMxOTcwMXN1b3lzdEpqTEh6RWtTck9qNS9maGZGbGxyRTJoTVFrcEJWeHVHbTlqTG1nMzF1RjlpUTNDQlRhdkpJN1VkdjFBa1FzanZ5bHhwOWh6TkR0UUN5cWhwWXloaWNtTmIxVndySmJQSGdp,https://webapi.bps.go.id/download.php?f=2sncevFRA/WQmm64iKUWllFFVk5oZVM1UTJFTHFvSDlaM21QVHpJSVpCYVhwTEhwUEcxMUhKZERtRWZGMXNCMXRBdllBZmM1VnNYeFg0cThGUVk5WnJxWEsxWE50U010ak1FS3MrUnZGYitEdE43aTd3OFhQaVJBbGxIZ2EvTndmT0xUZ0JzTFd5ZGhJVndSVE5kMmFVZURhS0NzVUVkQSsxdzNjYWJDaHdXWWtGdVdxZzdmTEcraFNzbnhSZHVmUWl4eWROWXkzbW5UZ295MHdtaXgrdFFka2pUSlNFTFp5dUZWbWpnRzlNVGdDWHA1LzNLMGNWa24vSDFKaFF1Y0VGRmNGZm4rS0FXSWxIQTIvZGdLcE5PZ2wvZHl4OWpBaWlETC95Tko0dWlnaVpZT2dtNm9hdHAyTytBVEJpWmJOdWRRTFB5UmZCR2s0QTNI,2015-11-20 00:00:00+00,publikasi
dae9aed6-9c69-427a-8414-68651168e1b2,Statistik daerah Kecamatan Blimbing 2011,view_pdf,https://webapi.bps.go.id/cover.php?f=jnbOyasbmf8OOGjmo1507Cs1MXRyWmN1MlplZHQxWGlxUFRtekpwVmRnMkVyS0wzbW52ckF1aEVjTE8wZTlMMElzb2RaZUFYd1Y2MkZMWjJpS1c0Ykh4ZWxlTE81cW55WnNXMHRObnBhUjBqZzBuZTN6SzlNQlViWk14Z29OQmZhc3gwL29YbTFaMmhPaStC,https://webapi.bps.go.id/download.php?f=+J6+6CpZvu54Ba753G9hH09YOEV1VWxJbFVLaVliaDlWK3BPMDNqMGNkNnJyYWhGSEQ5UlFZNDdiNXlpeUxhRFFVVkdPbmZRbUtGZm5nNW8xM1NvdHpCbjcxUWF1amg4dTYxZWFFNWFjMm42bzRHemdlVkRHRmR5dkxhS0JwWUFPRXQya01iZkRydlJQVUMzRWdkZFhtNktCZm1weEYvbzdTUTdyNGtnWndtR3I0b2MvUFFWcjhOeFJPdFczd0R5QkQyTEJ2ZjNrV3YrMGtkTkxtcG9YcGNOQUJCWjJhT21iNTYwVnU3NXJwVEoybU9wOU5HcXNuTE1sSzNFR2xJaytaS2pWR29TOFI5UkQ3MXphNGl6d09Wd2FianZXS1hrUEE4TTB3PT0=,2012-01-12 00:00:00+00,publikasi
db3840d6-4ddc-4cbd-8c53-ce6b13edd4a0,Statistik Daerah Kota Malang 2024,view_pdf,https://webapi.bps.go.id/cover.php?f=Rg+CL9ip0LdbeHhR6XuodEsyaUxqS25GMUNVTGEwU0R5SEkvOGkraDVoblJTdU1zZ01iYm9kbm4xeHlqeFlwNzFlQ3Baem5VWmc0eUgrYmhMaUVnS2x0UXN6bmN5aVlPWXNZZ1l6VjFXaDR0elh3TTBBWkxGcm44dVpQN2VTcHBuY1BtcEk2U0lpSHQva0U3,https://webapi.bps.go.id/download.php?f=Erpy1600wl+90PtxgiJ75ExWWitFcVZjaDhsUFZYa09odnhRb2srVlNCVk1DUEhGbER1N2FYaG01UklDaitKc2Z5NFZra3ZWY3FsRi9GZXR5OFRNRFVmTWZhTGc1YTBVNytBK3NrSTlteld3bzl5aVl3VXQ2d3kwZVp0bkxYVTRqdWpFbXI2dVdqYk41TWxXc2h3L3hlZXJZbjVKeVVFdzBmVVE0a2R0OW52ZzMzLzBhVnhCaFpyWTRXdHZaNE1QSjg4TGlVYnRLS1FEUGFRQXcwc3RONzY5TDBOQVVUajNQdFI1Nmprd0V1Z0JKTllnTmUyQTdVWFduelA5dlhDZkNvV2N0SGtDM3JIQlR1aFg=,2024-09-30 00:00:00+00,publikasi
dd5ceff9-57f0-4559-8418-203b9cdd7543,Kecamatan Kedungkandang Dalam Angka 2004,view_pdf,https://webapi.bps.go.id/cover.php?f=5Z4kuPIP7T2khCnrKEd2rlNsYzdxb1JrSEZtQlFXOTlSOVNVaHd0anRXNElpWWM2Qy93cE96K3FmWTdRY0xydTF6ZkNyNXN0bFcvL1VINmV0cU9QV0lWcFZzOWQySG5uVEgyeVVuWklJc1h4WEVpSW0vS1A0U2tQaDNYeXI0MENBWm9vOVJqTFM2M0VmSEl0,https://webapi.bps.go.id/download.php?f=IHMlY7JuqthJWuXETFDghkdmRzRtOWd6eHo4WE91dWtyaE0zTWc3bXJGMVZaRGptRnZTa1RZTEUwT09HSllzeUpwUHJxbE5zam1oVjZzYm1TalkrQXQvWkx2ODlnTXVaM1dINUhaa0hyUVZFbEsvR0YwdDJPU1d4UHpxUTFBbGt1VFZBMXh5Q1JJeVF4N2N3MkpHQjhMV015cUVnVXVtVW9sdE1oSVQ0ZTAzdExOTlk1TVBUWkxMS2plY3d3dzV5ZjV2SkhtUUZTd3RkWHNtSG1sUE5ib0h5YjJwYktrY1NIeEZqSzltbFkxeXhaM1F4cDZNTzV3bzI3ZkltZnFHUXFVbXhPS2g3ZnFwV0s3bG1TQlJvdWY5N2MyZVY5L0djY0YxVGh3PT0=,2005-07-08 00:00:00+00,publikasi
dd6856b0-aabe-4cef-9562-ab37aaaf25d4,Kecamatan Kedungkandang Dalam Angka 1985,view_pdf,https://webapi.bps.go.id/cover.php?f=hjNP8cqsB3tAcTLDLwQBjjJOT3l1Q1IvekFkOEwwRFJVbzA4N1g4RFRhUVg4ZEd4OFhmVHJNV1VycHd2Q3Q2aUU3ZjhhM2NHeHJPbkJGcFU1LzRoVkw2eDhKSk9zOEMvc3dXNjhqdEM3MHNlbTZTczFLTmRidjBlejlESGNnL3FTZjZ3UXNVK2hDYUQ5eTJL,https://webapi.bps.go.id/download.php?f=iEKSGcsugT525eW4pwuYJWZtajF2ZmVjTG5PcmxMWVpmMGFpK2JwMGUwMy93OTdQQmxxQjZiN3o2OGlnNFBkLzJGc3BwQldxbm9iVHp1KzFaYnB4dC9NekIzTGUxdkNFd1d5MnIrVjNLY3ZYUCtyY1E3V0tPc2JsbWJnUmQ0MGh5c2UwUHE2aUJWV0NHSDNpL001bUpNN25sN21oQnpFa1pGOEZlZGhtU3NWUldoaWJOVy9zMkVubUdlTnNOMFk5WEJ5SHZ6VHNHd3lKNnVzaEFFdW1kV01zZ3Q1VW1UUmxqNjJYUzJiYVJlL253TWI1VzQ0Q01xcm9jL3RPaVNHMnVTc3pPMnlqUHc4dXpnUU00R05xUzdyQTNYc0ROZjlPMWZSdDBBPT0=,1986-06-06 00:00:00+00,publikasi
ddb8f931-f7c1-4e6d-9468-2a6eaadeec46,Kota Malang Dalam Angka 2022,view_pdf,https://webapi.bps.go.id/cover.php?f=QuDtssH9OmBR7SLtaFb3G3FMVHVEbzl6aFU2OU8rNWtjMFZnYU85UU5JcWU3ZlJuUDB4RWMrNC9HQXQzUGZtV2NpN2hQZlhnSXFYRzl3ZHlYS28xdml2aVVSZzlHOEVWYUE0QzBHSjBVbGFrMittRVdiMnkrdWZpYVZtV0oxRHlDZEdWK2RIYm1JM00xK1E4,https://webapi.bps.go.id/download.php?f=hxeWIezN9csOwUFqTSEFqnlhYkhYNjRDbUxTNTF4RFdWQ08renFDYjAxTlVRMUdyblp6SGgzU2hwVjQ1bGkrLzVIUHBpaUxBY0FRbTJ4WUZ5eTFMZ0dRWkdEYVBrUjljUFE3cHJHYkxONGRtcWRYbHVONXRsRG9tR2FDamttOTJIMktrODBLQkdsR2RmV1Nid2FuV2wzdDdOclZia2FVRVFHUWY3bEJTbFN3SFI3bnhCdnRGbGVxUGpYYWFIRDArelFxWVgvMWU3ajl2ZkNWc0xJZUI0UkxlMzVHVDVxemJueHVvSVBrQWhjVnZ0c1BUZHhoNHh2dUNMSGdXd1ZXL2NqemNTWEtrcmRuL0JzN2w=,2022-02-25 00:00:00+00,publikasi
ddd72ced-e844-4564-996d-49aa8819a9b5,"Keadaan Ketenagakerjaan Kota Malang, Agustus 2024",download_file,https://webapi.bps.go.id/cover.php?f=Ai6l2O7DYd3y5r55yOzloTVlaTBGVHM3d3hkVW1OUyswRndZVGZyVm5wWEtmOEwzZmoxRnNmNmxUb2lxcVdjWTl1NFdlRng5Q2YwbVA4MTBOU1NpYkhlRXZhL2FWUDA1WklKQ05sQzF5TkU1d3ZFREYwRXd4WlVMaktFZ0lKZ3NTUWJTbWFmbG42TmZ3dWt2UVd0NEc2aGI3aVREdTZsSXpSaEs2Zz09,https://webapi.bps.go.id/download.php?f=Ud8CqJXkQ18jcfL1PEDSe05oZm5hMStnSEpiQURlR2JVaG0wUUNoZmc3akZMZVpCejZmeTFRQStGNlBPMENrSFN2RDk4bUpCN0RScE91WFJrdHBHMzNFUk8wWU5HckZkSE1RZ293Q05VNkdWdVNXUXhudzF3ZW0xMkptMmxHY25ET0dsTW4xK01VbGx2bi9MTnBaK096RVFpNkJwWHpxaWVCNThTeWNjNTk3enFvbHA4bCtrK0FTRm1jVGJXMlF3K3MwRUpob3NiZFZOWFU4SFp6UnVBa2V5a0R1RVg1R3hJWVAwT3NiaHhqWEw4OTlLejJMS25keWxBYWtVeEFOWnJTbHRBTlAzQmJEUGFhcUE3dStxL3pWRUdra3laeVZLcGhGQ3hnPT0=,2024-12-02 00:00:00+00,infografis
dde0c3a9-415f-4953-875c-bebf9ea1ca56,Laporan Eksekutif Ketenagakerjaan Kota Malang 2018,view_pdf,https://webapi.bps.go.id/cover.php?f=snBGXGuvpDwMB3bZNHcT7GNzcjZkaElVbCtOTkRkSDdHei9GNngyTmUxeEx3UnFZU3lxN1g2eHhodWY4M2pKNFB4QXZXZTd3SlQxRi9wYW0reXFVQ2JUdmJTbVpOcW4rREVSY20wTy9YWmZlbkg1N3RHdzg2RFFMOGNXa3JiYXFQRzV2K3pBL1oxZkc1S1d4,https://webapi.bps.go.id/download.php?f=B+PbSFhKHghodHCgieliBno4VUVEVzJ0RHc0YzdCOU92OTlkbjBsd0FnUlR6ZVJEclRHaVNJUTVadjVOK0V4ZnJtMThzWXY1bk0vUmwrb2gzcjBnODIvaUpSMzVYRkcrZGRTYzhOVlN0YXpaOUZaNCtZTFV6aGM2QkQvdUYzanV1WVp4ZUZNQVM4SFZ2S3FGdU5JRGNUVWpjbDFxUk94aVR1RzRpQzczR0NQNGI3Sk1CdUdUekR4OGJHQnlNQTdOZ2FVNzg3RkZja1JTNlNkcVpJaVMwdUQ4WFJyelVEbW4rc3VmTG41MjVkemlGbGVFY24zczEvZS9BcnhxVFlPeEhQMDFRNi9DTElQUkJwWSsweHRteFY2SS94VzhuQkUvZnFpS0xRPT0=,2019-01-28 00:00:00+00,publikasi
decc65aa-758b-4ac0-800e-7feb67cf2390,Kecamatan Blimbing Dalam Angka 2021,view_pdf,https://webapi.bps.go.id/cover.php?f=bxLV0Hn2/dnT2CSbaGM+8EozWmFMeGwyb0ppUmhjK1pSeFVoeXlQYXlialFWRHVWeStHRFhBN01BTnRmKzFnQlM2eSthQXJEOFN0MVZaQVV4UXUxOWJ3d2srZHE4a2crc2ppN0NwVVA1TVphYkc3U0ZsUXVUa3MxdHd0KzJOeDRhTGQ3RDJoR0N4WGk0NE5j,https://webapi.bps.go.id/download.php?f=YeA/yGMvw5lOp9vnW6t2AmlmaXpWc3RaR0RFWkdiRGoyeGFzOHZnaXZUNVFkMlJqWjBHVGk0VFkvdXpScVVkdUlJVE1lOFJJNmwwR0JsV1BQN1pGenF2SGZ1Q2llb0pkdUtKL1o3d3ZLZVNocU82aDlZeGt5QU1sNFVRQmtnSDdXTnN0Vmw3SjNnSUpxbmxqMldER3VvOStnSStheVByVGRqNGRTcWpadVhEcVBrWWdYalFjK29KSjBLYTVGb3V4bi9ScDFJVlB6clhVZFJnamlUYis3bVdYWkFIdXJyMUtQNHNCaDR6RWo1WUhPLzhEOGVsMzlMWkkzbE1iNmkzYzZWZ0w1V0s3NS9ydEFpVjE=,2021-09-24 00:00:00+00,publikasi
dfdeb14e-9736-472c-a7b0-9197ae4b8425,Perkembangan Inflasi Kota Malang Agustus 2022,download_file,https://webapi.bps.go.id/cover.php?f=n9pI537k5aZmgLAOEvZtlzZRWVF0eGwxQ2lHQ2hxOS9xNGRGNm50eGRIaE9rUzlqUmxqZkpIWXpvQll6UUU3NXRtVzZvK1VWK0pEc0NzOEQ3ZXNaY2ZDOXQ5cFdRdXE0SW1GczF4WDFvV3dSMG95NU9wS29VWGZ4WW1lM2RFSDdudkQzUm1OUTBIZEhTaTY0a0pTY3NBRzQ5OU14VWI5K256dExTdz09,https://webapi.bps.go.id/download.php?f=PFx+QsHkr7LHYlE34slkikx3M3pkMGxnVStUWmswMTFFaXJoTXBra0IrVkM2RmtEL3JKRVFOZGtBdEJhQnlJVGIrblIvZjNUVXN3MHpxVUZ4V2xTWEZQUVBhT0RwYS9OVVk2OVN3aFYwWlJjZDRBSzlFRXJCS0ZRdHk5L1RkcDJrUkh3Y05aT1YyQXlPZkxJbXRVSlR0NWpJQjA4ZXJpQWpZY2pVemMyZWR0VVFSVFplTnlIeXp4eE9FQ0JCeUFHMFhQTG1FNU9aeFphMHRoVVFOSUFpOWNEVjVac2prNTBwRmpxd3BLTGZzMEg5UEROWEU4MERlSWR0a0VXNUpCU3hueG80dElxSTZqLzRTMjc=,2022-09-01 00:00:00+00,infografis
e0fe814c-e584-497d-9538-5891c2ab580c,Perkembangan Indeks Harga Konsumen/Inflasi Juli 2013,view_pdf,https://webapi.bps.go.id/cover.php?f=qR0dbHLAwOaDSV7pISxwZjdrOTl6WWdDS2ROS3VDbFlqNUczRGxHaitReHd6S2wxLytDbmw4QnI2NzRqVDhNNGJmOWdCK3ZXa0FoY3pHY3d2djZvb2oxdzY3Y2p2RkxSQnBwZUZRPT0=,https://webapi.bps.go.id/download.php?f=UP0ZfwrO4RpEyfkD8B92EkJNSnZZanlWYjRKUGtReFdOT05aNlIxQzJlWENacEFWZHFXbDN1Zll5NUtEOWpwb0xJSGxvTEw2U2htTTBiQkREUVFhSHY5KzRuaFVKdFhDYXlWM3VuUm16dG0rU2dTSGxjZzROaVVuc3BOcE9MbWgyYWJSRnAyekMxMGFSMjNldE43RmVRUTVSY3ZYWmNsNkphUHlmWmJuTEVaQTFaN3REYnJnMWp2c1pVemROc01QU1R2TjNRSHY0SlFZMUdyYkpaNlBDSkpEbllYS1dySVVPcG14N1Z1Q044cTNML3Z3bzNGejRWUmxWU1dJV3VIM2dUSE9NdUNmWjRSZHZoNDRBUGxMSG8raTNtampTMHBRSUdjZklOUm45UUhLNTJPN1VkQkY1WUVuVkdGb3BtWVVUTmRvRkdJWkhSbEZFbmlJWDBSNHhiT3BqNkNMa0NSY0JHVEdQK2RRbW9TdXphWGZObXhGb1Q5NW5NYTJac3VjNnloMnI2Vms5RFh5L1JsSA==,2013-08-01 00:00:00+00,brs
e122afe7-1d16-46ec-8953-8b11b5fceeef,Kecamatan Klojen Dalam Angka 2017,view_pdf,https://webapi.bps.go.id/cover.php?f=aaDVQAOKF0NxQI1B6eailVlKVzBzMlkyRXkwc21ib3NPa3FJR0hEU0ZWUWdsa2tQMU5SY0N4aHFXQjRkcHE5OFdWQ0ozWVRtZzhIWW9EMlBOTFhYWFQ5RjdoRS9WbnMyVStDRlBtRXdldWt1SHh3RkhBT3l1ZWV3RHFVbTZxem9ySEx4Sng3WDRRcFJ6N2du,https://webapi.bps.go.id/download.php?f=4dXoNjFTq6HzAO478AAS4zhUa2RJVjZKQTNJTk9LTzFwRzRQSVNFbzNVaVkycis1WG5hTzlmMFo2alFrcGp1aTBZWXp4Wmk2R0lpSkRia2ZaUFlaL1FLOGlXbFFvdWV6Y1RSWXM2UHFKN2ZFd05keC9JYmZ3djNmY0psTnpyVWtkT3pWRXFTelBZVEJZbHNwWFp2Sy9uMUlhc3ZmTXRVYml3aFV1c2RrcXE2Tk9ZM2ZUTnhWSTJuUXNnR1pCUXdtbEFqWUxlUTV6REl6SlVodGtXTXZDTmJ0eGRCR0xMcjNzVHlGOW55WG1XbXpzRVpacGJuRzMxZ2t5SXZDSFo1allGU0R0Q1BkcUhpZzBLT1U=,2017-10-06 00:00:00+00,publikasi
e19374cd-9b1e-4641-be7d-3da4950bc319,"Perkembangan Pariwisata Kota Malang, September 2023",view_pdf,https://webapi.bps.go.id/cover.php?f=g4BG9fPiN/3nvag9hV4ofmxPczhjK3FlTWx2UWE1VENEdnVJYUZaNXdrTjRva0JaSEpJTUpzZHdBOElHclEyUGcvKzZDSTVvc1BOem0vdTBUR092NGlqUHhxOE5pRjVqQUg3Qjh5citHN3MzNXgxUzdIOHdqMXhMeGFWTDhKUVRMRk9IbjkzZDJnZ1V2NzV0eE5hOURSRFhCZnJzVnVwVTJ2Q01NUT09,https://webapi.bps.go.id/download.php?f=KEp3pR9vCvxGThqlCX7cenhxYWpzQURTL1djSXM4NSt5SitxMTRpS2pPdkdSWDhlL3Bub1BVblNnR3pIS2paSkFBS2p0V3A5K1dZSUdCdjZrS0ovdHo2MnRwQjVqcllMZDV3NVpOSm14MEJCL2Y1VC81dHh1THFpUHZ0ZzB5V0NKNnFNMmtway9rNEprdUJDa2M5TVVxZCtNZnBQVGhmUmFXd3dEdU5udE5pak55Z3pPOHpyV0NEaFVJNi9IenJqWkIxTjNZQzJPb0NOaDEvMFZxYXJGaGlIQU4wbmlMQnl6TUhuUXpLM3ZLVi9kNTJ4SGRpNjlYWm1xQVVkb0xnM2s5bHVRNkhQcGVYcWR2Nmp4a1g1VytGL3pwTVZCbVNpK0s0YmpMTFE4SGczYkNvcXgwR25jNUVROHVXUENYKytHTzc1b3RLcUxKZ1ZxR0Z2NzFpYWM4WGMycFREMFhwMnBsS3RJc1RvZUt4Q3VWQ2JtNlV2VHBHUW5IZWdYY2RpdnlmUzVmRlpqVUowVW1hcQ==,2023-11-01 00:00:00+00,brs
e199b958-15a7-43aa-856c-0b8572a0e65e,Inflasi Mei 2021,download_file,https://webapi.bps.go.id/cover.php?f=ZSsLn+/buJhW5o7FNuzd4zdZQ25qUHJKdTM4aHhEVzVTd3RzeW1WSDdmR253d0tzNzdrYlZtVCtaWmNtUVNJcTJKbGI1WkJwM2xrMnBqWHRpSGlVVk0zdXFYUS9TbXQ5M21MRkFJQzhub2h2UWZYaWFSUTFqYkF0L2pNPQ==,https://webapi.bps.go.id/download.php?f=6voK9emKdXMZufG5Nkd0q3RWWk0wTVJoSnE3STB6UTRpQ0tkVHpaTkFmOEZTQXYwV1RWVnRrYzkxd0o5VWtsQlFSM2h2ZHZUL21XYTI4aXFOMlg4dDJJZlJhQkF3REYxckNMYWhtQ21EM2NvQlNuKy9UQzgzNEZrS1llKzNmSjUyZGl6VmZPd1h5TFFmeUUvSlpFdUh0TUkrSUFKRmo5UWxORzEzSEJXN0FyZmVBL2ZueERQd05KTGRaTkE1Snp5dkFFMGFqcExMMFg3c0dMdA==,2021-06-02 00:00:00+00,infografis
e1dd3f7d-aeb9-4820-a824-0a91435275e2,"Juli 2020 Kota Malang Mengalami Inflasi Sebesar 0,06 persen",view_pdf,https://webapi.bps.go.id/cover.php?f=TcQDQMbyZ2vYl+OL83rqUktldWp5TGhqdTlZVThCOGNwUkt6TS9nMllaOEFGUVZSZkUzL2JrdjQ2UnVMS1FtK0lmTFZzVnBvYklRaDhLaWhCeUppL2FvT09ndmJxWUdMQUxqc1F3PT0=,https://webapi.bps.go.id/download.php?f=kPZClAEePO0BFG7YHf8b6UdNSXRseEVtZWFrcmZ0dXRjQXpFcitmV25JTW54MUo3YVc5QlpxNFhkQnVjZS9hTkcxUlFXdnErdTk2R2M0Y1hNRWJDckJTb1dRQ0dTdzBORjdnajVtOWJ0dFdUZmhsZFowNS9iSEFwb0hOcUsxcEoyQ0ZINmxkN2lENzJSZzNxcitkZjNkZ0dxTXFSdXFiMlFOb05WbXJnV2paZ2RzUkluWUhJRGFaK2lQMVkwUVBhYzNybHNONHphWUVZRkVsM3ZwSkczT0Evdld2QkNKUjdEWnpxL3FrRjYxWDJrSWRJVmxnVG8xOEpMblRacHEzeis3V3hBdi9NQ1liRXBzY3NQd2tid0x5UVJqTHhSczVlUE54dmNyeHJEeUJ1bnBGSDcxdnN2VHFxaGJEQUk0eEljNC9Hb0VoSGRMc1crMTJNYXVNRVUydXJ6eU1hc3RZMDlXaTArZWFkTWtjcEdGL3phWkJBT3M2OTRoempjSTFlZkprQVkvTjVTS0VwaEpEKw==,2020-08-03 00:00:00+00,brs
e1f8fd74-018f-4bfb-b700-1afa1c51aad9,"Perkembangan Pariwisata Kota Malang, November 2022",download_file,https://webapi.bps.go.id/cover.php?f=SWZGRFfJ/DPnxQWtFS/D4khNb1IweG5WenBsWEUybitWL3FHUWZ1bE1HdUM3ODc1VUxiKzJjUkk1UVpiM2RkbktYWHR6eHN1TEJvcVZkY2dGZEExTjZhd3k1ZUNiNjZvN2RTOUR1bHorclVHU3VmTnYvK3d2QUtJeDFrU3Q0dmVZTCtTYit2eVNmZ1g4NjMrRFBkS0FWdk83R2tuWG5tc0hTZE1Odz09,https://webapi.bps.go.id/download.php?f=gZexGSlQ5zKvYE2hDXu7gldvem9vcmZnZHMvSnZnMkpPWUpkZUNlUVFvcG9GQjl4cysxb3ExWituT3dtbXVERktWdk9zYmEwdnpkMHdyRzdMNitRTU9tOEs3akc0QjBOUitOOGxiMDRhSnF1K29PVUhXN1QwYkdIbk9jL1o2SU1MakNNS2cxUzlmb29Md2lKU0crNkhyb1k5K0JRNXkwWGZHQ2x1anNabnRzL1M2VlNidUJvdlJHbFIxN3RjTngwbGIwVWI2dTM3dXlJWnhLSm9CL0E1cXpMdzBLcFo5UEU1d2Mzc1lZOWNsK2J5TllibW9kOXJoRnpMZFlud0I0eFlCT0dEcENhOURDN0xIdlJFS1loSGpyb1R2UVZXT1dXNVRKUjNnPT0=,2023-01-02 00:00:00+00,infografis
e20e55e4-4aa9-495f-89e4-c1e69005944b,"Perkembangan Indeks Harga Konsumen Kota Malang, Oktober 2024",view_pdf,https://webapi.bps.go.id/cover.php?f=iJdOr2EXTngVVhWrszYKznNxdS9uOUF5TUJVczlsMFVmWC9vckZMWXlrOGRsQlRpdWVUdW5UUFordlNyMEtpdXJjYTBiUGhrYy8raHV2ek5hNkI0U2M4NU85TU9OaTNDWGJpZU9HeXlnUTZHU0c4d0ttWmVjUVB1aUFOZmI5eGcxK213dnJRRDhjOS9rWWNCR3FvaDZJSEprRjRKbHVrQTM0VW9uQT09,https://webapi.bps.go.id/download.php?f=dZzLMgsZ60aaTmJTzw5Ynnh1bTBDc0RyL1ZJY2tDVTgxcE9TNWdSRFNjdXpxRFl3aEppVDZHcDhjc1RIMk1LdnN0TDBrYUJUMnBTWms0dTE4aEtmdzg1a3dGTDNrNk9nYUgwVEQxeUhvMnlqazRWeVhzNDV0SHdiSXFqTko0d1g0UVdUcE1NY0RaQUYxVjdMT2R3WTE3aGFIdXlBSHVoSEdJRnRrSTZyb3laNEhXREwvajJLTi93TEZ5cE5MQjJVUFJEUzkrcE1SZVMvYjg3NDY2RFRNeFdEazlwZi9tMnQweWdWcy80SFpkcVVOOVFPVzlXaDV1MVFvck5yYjIrVk9xUG5WVndTa1lBSDhWOUNHUHBpd29ZMjhGMXhIa1U5ZHo4MnVWUnJkYUEyWDJCYk93UEZWbTMwQnE0UVpaa1QvSTV1d1J4MHFzQUhxWjU4Y09NaDY3Q2RJUTdHSVN2YkxnTVJMd3hWV2VGVkRjVkNsd2ltSy9WbXVkZm9lVVhZWjl2YXhjaUtNU2FBcW9ZdCtNVmZuZ1lYTkRiVDNVdmVubkJsL3c9PQ==,2024-11-01 00:00:00+00,brs
e218cb85-d7a7-4c1e-b288-343a82e70e93,Statistik Daerah Kota Malang 2019,view_pdf,https://webapi.bps.go.id/cover.php?f=11jVI0kfj/1BXGCPr3A7NUlkVXlHYkFuWEVwUFpWN0U0RUZ1Y3pIMFAzc01xbzdFdDhZRmsrUGY2VURteXh0U2tCK2pPeW1SWWxRNWVMQmhFZjR4cDVoUXdiYUtEaDJURjBUQ1ZORUs2UmVaZmVtMmlNaFRnSjN3RnE0TGkzOHVQVER2a3NSOUxCSG91aFlk,https://webapi.bps.go.id/download.php?f=VzSriogtTMMc+RzHeUBajnl6Z1pwRG15enErRWNrWXcwaE9UMm9HWitoSU9nRlVjekkzdnJpemN2WVJqK0liaUk4MXNTLzlpTEZyNWNTRGw3TFhycmhCeFpudUJTSS9mUzE4YVZhamJTaTE5MlcvbC9pYlFLS1hCWHhzMTQreDlKMjRBWGZJK3E5TTZQRDJ3bHZhbHdGbVg0NE92Sk9MSlFhTFZnbHhaZXVSNXBPTVYrMVlNc0lNRTdlRk94OUhHa1k0YTdOazB2aDRWcUE5ZjZxemJINDdKa3ZtTzVZS0VFdHd4emp5Y3NsdDBPc1VVam05MVRUT2lLbWgvc05PRmIxMVJabVBUWThjTmc2WjE=,2019-12-09 00:00:00+00,publikasi
e23b99e6-3fb9-4625-824e-4a346b33bf52,"Perkembangan Pariwisata Kota Malang, September 2025(1)2025-11-03",download_file,https://webapi.bps.go.id/cover.php?f=DdFc0bjsY0W7rxWCzvxXtENMTmdZS0tGSmVPYTVDTGVQZmxXNnpGRmlBd3RwNG90TGpUbnQ1ODlUNDBVN2dIemtYa1FCeHB3cmdmU2tZam9DSFUyTjZ3bytadXlLK2RiK0FaZmJ3PT0=,https://webapi.bps.go.id/download.php?f=KSfBsWB9g/mTwfwRhwQy5kRyeS96S1hUNHdSYTBPcTg0MnR1U3J2cHR5QWRSTTNoYmZFdS8vMjAyT0FUR2ZaRFZCZ1hFcng4KytlMTl3enhWVWR2VGthbDI5VloyNXFiQTVtY2Y4TEt3ZUkzY1YxOGtNRFM4cDU2N1ZETGIxV3hOWWlxMjJpRXhwdTNXMXFxMldiRSthQzQyYUltK2x1RmsxYk5zTElaR0NiWGlKVlFUTFlWYWk2WDRiMUlVa3dQWlhGNnR0djZpVVVUemNuMFY4RDJHSlNvQ0JsQ0pyZ1pDZyt2Nms2ejM2SzM2UzIrZE0rVE5GNFhkTjQ9,2025-11-03 00:00:00+00,infografis
e3540d25-1c27-40d6-b745-d6c273fc5c99,Inflasi April 2021,download_file,https://webapi.bps.go.id/cover.php?f=Y7BDK3sYOPLDi9zu85QG0EgvN1U4dGc3VFh5aHlJMWc5QWlsU09vNklFTFpJZzBnbmY3VUxUZ2hKMFJscHhRR3ZSOTFuekg3ZjV4TW10cWVVYTltZDIzVSswNUVpQ2dUNjBCdkFTemNiWVZ1RlBlcVk3dHV0cUUwLzkwPQ==,https://webapi.bps.go.id/download.php?f=TaJjUAgCBVhrscmb+mDHUTdTUUZwdUdiVUowYVR3czU0d0pvNlFWdnRXamRwVTVTRzNrYUlsVmEwNVg1M2JiMXJPYXJWdmRSbHBkWm9TRzdqM0RCY1VuallZdm43SVcxUk5kU2g1K2lHTDhGZktWNFIvSFJ3N1VacTJDSHFqSUJIekkzNVlCN0RxTVJDV3phUTJJdWJISFVJTTFQenZNbDJmQkk3Z0VYVGk1UjU3bTlmampYNm1SaldGRzNaT1Y0N1h3SW9XSjhnZHUwSytEOQ==,2021-05-03 00:00:00+00,infografis
e3dca214-d16f-4a66-87b3-bd51c1e90009,"Juni 2026 Inflasi Year on Year (y-on-y) Kota Malang sebesar 3,16 persen.(1)2026-07-01",download_file,https://webapi.bps.go.id/cover.php?f=5IymfuiRWLRUcHqArS3HqmxIVE1ORnpwRHJkYkxLVDRWbTh1eEg4aVFuN1liRTFiNytOSlJYZ0dEY25PZWhnQmJGZ3JXZ053ZmorN3ZvVkFkdUQ5VWxzZi95d0hLUGVnUmtrblJ3PT0=,https://webapi.bps.go.id/download.php?f=eOSmDhx85TiMJmJzVfH90nhIb004U056YjVZZTFqSFZwRW5mc0IzbnBDUldKQS9aYmc3MGRsZEJESEpKeityRGdQcjd4eldWWi9WeHVxaVRpdjFERitkSUFjWjVhZ3FKNE9oa2hHdGpqejRTNTJWWmRLRWN3K2FyMFpuejJyWUJvUE9rMW5jZjlhQWpiMm5aZVRBUkFtOSt5VkcvQTNDUnNJUGozb1VuTW9seFNLaG5oNmZ0V1N1bmtuMnA3djh6Wmo0emtWZGJ5WG5yaGlsdHRTY2FFakVCOHM2WlR3aUZOKytnQXNUcXBMUlc0UU1oVWttN1lpdm0yWTVHUDU5RWY3M1d2Um4wanFaT0N0ejA=,2026-07-01 00:00:00+00,infografis
e5183753-f658-4280-9615-ba74989f7602,"Profil Kemiskinan Kota Malang, Maret 2024",download_file,https://webapi.bps.go.id/cover.php?f=a9hgbYd1ieZayQK35Oanz0t2ZHlFd252TUdHUjZ0NlcwSWNlVzdaTUVyTWJDK05vQ2dhSUZXSWxrbDRrd1pjWUpSYXk1ekRrdWM3bFpYMGl4Qzh6cjRRRVNvQ3NRWmprYjl2T1lGak5LeHJ4MWhOMHFNTkNnNElSb09IWGViZzlyZlFSazREK0JaaXBlYkZyVkxRa2VPZnFPZi8waTdJa1lPS0ptdz09,https://webapi.bps.go.id/download.php?f=OYKynTFcJ1h6XLLcB6vxvjhBUnhZZUdZdW1SWEJLMFN2S3VXSlFoZ2RjWXFzVmswQUM1dy9ObGNoRzBEMnZPQlF4bW1XRjErcTk2bTV6ODVUTDlFSUZuckJFTkpTaU4vY0Jkd1BSRDFOcld5NkoxWGJyZW9BT2R1OTFkUzdnTUVpcUpEOWJFQ2ZxL2swbHpoa3FrRlh2bnArNUZ6eGhJUWhXQkt6MFZGV0hlVWVzQ1F1QVlpdDA0TUg1UzFaV0RRek12T2FGTVc5L0FCK0xkTlJpZmRKVVExZGtjcHdOWjE0SjRsQmEwU3UrRCtqWmtHTkkvYm0zNmRrd0lTOWFoSXljOTkzeUljN2d6cytxRkU=,2024-08-01 00:00:00+00,infografis
e51ab844-bd48-4c09-a494-f89028af48e9,"Profil Kemiskinan Kota Malang, Maret 2019",view_pdf,https://webapi.bps.go.id/cover.php?f=PvSBUddLghvysH1oHgHHxHZDcG1XRk5GcmsyYnZWYUlUcXhLUC9TMFduTGttREh2MlVPbkdqaDRobUYvVmpyZEE5QmU0cGNLQWh2MlJkOU1mOEhBN0wrcmpldGNjbjkrcTBvMENnPT0=,https://webapi.bps.go.id/download.php?f=5huPLKAgeMsB4i+Q/qkXjm5nQzZLNi9HMmtxN0VGTjQ3dnpiSUh3S2VERVlrWjBPYXdvLzF6amV3R2tneHdqdUxreFU3U1VoQVBXY1h0Y2ZJNXl5dTkzaklybTd3cllMSlloK2hZMFloMDNTcytUOEdjbHVEamFLd0NVejdRRndHTk9qM1U3ckdKM0JwSUdUbW93T3FYRXVWaEpnanV3cUdyY2FYVVdmdmx3YU00NXFrZGRYS0c0czV2YUtIbVR0bHM2SHdZRnJsVGUvUUd4RmQ4TllUVzlPbTNJM2FhNmJkZnRrUzBNY2hqWkpzS09aalpZU2J1VW9pckdZSUxiTmNObC9LMzlxVTZyN1pEd2U0SER3U3hBcU9ZMUxCY1BTVUhnK0ZkK2RORWt3aVVrOHRnMGY0d2VBTmtjNWFucDJQbHRTZ0IwYURxeXFQK1QzM1dLR3NBUkphTGZvU1RoMFBCM3NpbXVZeGpoOVphM0dXRldSdkZLaTZVdz0=,2020-01-02 00:00:00+00,brs
e5c0aaae-3981-480b-b887-edde6518f12a,"Oktober 2025 inflasi Year-on-Year (y-on-y) sebesar 2,79 persen",view_pdf,https://webapi.bps.go.id/cover.php?f=T9cypZgSndRU+Ih1EQm78DU2TXVyS3hiZ0FOMWtvWitZaEhvWXhPUERRWlUwRHRnWFJ2SWdMeHdWWmlYQWk1QkNUL1o1c01PM3VodDR4bktLdi9hejhkMzl5dTEwSFlob1ptVmdnPT0=,https://webapi.bps.go.id/download.php?f=oJGAp32Kmm1hNJcb6oKhhHY5bCthcmxMbkcvRC92MzFBNVY2MktmWituNnRLaXVRaTQ3MnBaa2hKbG9TTjhiM3B1bUNOUDlyUkd2ODZ1ODBITkNpSFJraXdSbkZ5SHEybFNZT01uMjgrMXc3SjFUQ1pNdnlzL0NYL3pWdE4xb0J4Y1VlOW56dHR3by9RYStrUnBINzV6dmp4QTZLMmtCKzNJcDEvY215RWhJVHovY0RvVlFjQW56YlVvMXl3bFBsdlJTVDNPL0NMRWdkeU1EdE1MQ0cxVmtqSHRQemF1OXorSnByTFE9PQ==,2025-11-03 00:00:00+00,brs
e612c0c6-984d-4910-9312-8d693c8ffdb8,Perkembangan Indeks Harga Konsumen Malang Desember 2025(1)2026-01-05,download_file,https://webapi.bps.go.id/cover.php?f=0W5ZndzB93dKBFK3Irh7THZKQUV4R0ZtU01yTnIrem1oZ2VFWmtaVmxXb0lmbkQ5U1hxc1VZT1BwZUVkUDFKRDF1cG5RYitLOThjMkppcndSVlhRSmIvWjRpVHViNWdwdTdJS2xRPT0=,https://webapi.bps.go.id/download.php?f=mFHasLPZQ0lu4A3ycndK0GMrTnFWSW1LQmJMbGljaEs0NTI5eGFQR0hiL2dIZWFHRmdSMnc5TklIbW51aHA5SGdHQ1pzY0d5SU9wa01rZ2pxOGtXZklyN1ZLSFl3ZW9ZdjIxRnZPK2owbVdEbDJKOTZOTEVqZ2lBd0l3am0wMVJFdDlkazlLR2t0Vm9DVkJzQXNSOHlpRzFCMDA5NnBOWlRLcnZ4Q3RQU010Mkl3NCtxK0lBeEczQmRTVk1xRXRHaVJGYTFXNHJCclJhY0lBa0NmM2p4YisvNFRZZS8rY0hLVHphL2xCelczaC9EU2xiS2lzZmgrMy9NNjg9,2026-01-05 00:00:00+00,infografis
e61db23c-ca61-4d2c-99aa-6fac645b8e40,Kecamatan Klojen Dalam Angka 2025,view_pdf,https://webapi.bps.go.id/cover.php?f=ftN3wx8JhPxrx6oc2niPgjk3NFYrWks0cGJqbFkzL2FGY3RqMzRDZEVtVDcySlJQTUpjc0xQa1d2TVptSG94Z3c4RFVLSFlBeU4rYjdieE9mancrS3o3Y2NzNUdET05RaWVFVjRlWEN6TGdxQ0tzVm1lZlo5QWFiQlVybTZJbjk3clBxSEZFaGhsZEZIRTY4,https://webapi.bps.go.id/download.php?f=YQaK3Qo/DqVh10CnnNc8VkR3TVk1OENmQVFUeWZkbkFzd0xhTDJmWm1MZE01MGpiTVlNQXNSTXhXYkFZVUtCUHh5eU4wSDBXUTdkZ2laZXNDUGlmcXVKdEdkcWszMDNmK3VjanFVdGJDemJDR0VET041WSsvK3pZMGpCUnI0M3YrbnRRbEw2RHdUeVdzdngvM3N5ekFPTEIyL21FOGJsMk5DT2R5ZUx0T2lzbmF0Nmd0QzVsaXQ0d3hUQ1BIaGhXMzQ3c0pJRWtMQzVtRWxsVEZ4WVpDUTAvWEpkRXd2dHM1MlZSYkhzRkdkSmxaOGxsM2hIVTV6MHVUaDBIaWNSeDlWeFdZZFFRcVBvMzVNVkg=,2025-09-26 00:00:00+00,publikasi
e6855914-61c3-4d61-a30a-3de1a5b2ba61,"Tingkat Penghunian Kamar (TPK) Hotel Kota Malang bulan Februari 2026 mencapai 35,15 persen",view_pdf,https://webapi.bps.go.id/cover.php?f=ACF8WuHKT6i4QEqX2c3oPWpDVGtyZkNaa2NQSHM2SmNzeFYzV08yaUIzTHVIbkpQcVZtSU9yNmtmQTljTmtsOHJIb2ZrQUExU1JBaE5KWnFjUEdxWXhkeTJLYVpqRGRxcXZFenFnPT0=,https://webapi.bps.go.id/download.php?f=yPTzK7DNy6eKqm8Q0vqsa0JjRlgvRXNnODIraHQ4Y1czdVRYYm5DUjR5MVI4Y3h0WTFNYTY2R3dzeTljSUpJbTNySmo1Wis4R2pMWFZpam5nTkROL3pVVTYvbXRwMU56WGV3cHptZDR5cHk3S2RDbXUxb1JzaVprbFpBRmxuL09oemg1M0pQZHhuWGVzNDF0Szl4QmhFdGo5RlcxOUpEZGpMaEdGb2FxNUx3dHJFV3ZTT1hFNnJhZFF1WkhpaVlGd1c1b3d3ZnJFYlR2Uzhzbkh2ZXNzUGpOOU0zNXR0ZFV4UTlzM3YxQk9xMGx5UlFTRkc0eGxLQXBOcjdYS3V2WkZBYk1PWEJLYnd3am5aVmY=,2026-04-01 00:00:00+00,brs
e693e5bd-bfe5-47b6-add8-63e267b8c2d2,Perkembangan Indeks harga Konsumen/Inflasi Agustus 2019,view_pdf,https://webapi.bps.go.id/cover.php?f=D8N35utFsKEwYeaXrZ8aJXl0dkdaMmp3ak40YnBXQ3dJcm5YUmhNdld5bnRLUUg1MXlwWGt4K1laTklGWlBkN1RqTzRDNDZiWTN2NVN0a016NElqY1N3MG85QWh1dURESHloWUFRPT0=,https://webapi.bps.go.id/download.php?f=DSWkfZZ1BK2ym/zqQEw/TGhZSlBvS0daWkFnc24vUW0wV1pZaHo0VFZLMmIrV1ZTdmpjZTRJYUtpYStlU1VIOHh4NkFGM3RuRkFpVk82cmVtcXFHNmNqZFhCazUzVVFQVm5heUpDK2tRNU5xSlIvTzFIK3RKREN6V3VlMEhXelJKU1VoRW8wMWwrK2FYV1V0V0ZDWFl5M00yU2pDM1BkUU5KSUFQUUErNVAzTDEzbEVNUlVCa2xQbThWQWZmYmxWMnZpNnRydVA1ZzdObGh2NmdjMFloZGpVVGlDWThaS1l1ZFQ0SE9CLzAvNURQTlRLNDZaQmtoOGVHR1llK3Z0SmpCYmdxSUZ2aTlKUXo2cTZMRmNEakQ1N0VzMEY5OC9QdXZ2azBRSmtpNEZpajFzRnpoRkRoT0JZQUNaMXhFRW0rNUZ3eGszeFU1NjdMWURJVTRORmF1OWNqQ1RNZ1lZY2NhNjBqWTNyNzFlai9ESzFRRFhTN1VxcTgxbHVLTDA2NGU1MFhHUWh5ZnNUdi9DUg==,2019-09-02 00:00:00+00,brs
e7664703-770c-45a0-923b-2337f06fb875,Statistik Daerah Kecamatan Blimbing 2015,view_pdf,https://webapi.bps.go.id/cover.php?f=pVwhUMoK+RTQhg9nXtS0PkNZRXdzVW4wM21uVG8xWDNMK1o2ZjRRQjR4TjdlWndvNDNEdnBuckgzZDQ4VHdQSlh5SzV3NkJDNUhkSXhZTXZ2Vy85Z2pWV3BZcTUrZFg1Zk9EOWhhR1cwbEFPbzZrY0VqbEJyb3JxUUc2ZTVoTllIRDRhVVAwNXlyZm50Rnlt,https://webapi.bps.go.id/download.php?f=aEapzsBLC+hw+EF6dqf7GnNPWWRYM1RCYVQrQTFMVlVNR013czREb2Nla3hqQ1VOaUJsRFNXQkt1RWNwTkpOT2NoVG9CcDkyeWw5MUNYMHcvQzU4dDZQLzRNOHQzRUdldS8wZWdPeFhzN3VmTUpIU3dyUWpURjd4SzVIVURKMmtIMTl1VS9vVUtMTTY0QnBiMXZiUnF5OWNTVFdwbGlFRkRCSlRQY0RVUzRXcUdVRjQ1eGx6aGN2VU1tNmFHTUtFay9VaGxRUmdzR2diYnUwa0tidk5oUjdhVnFJR3BUMktWUGtvMlVXQkJqeVZ5TUthSjRPRlhBYTJ3aGhyRjlSOUFaL1gxTnlLcFdKckhnZW9qSlpTbFpFNGd2cDFoMnFyaUVkUHVRPT0=,2015-10-20 00:00:00+00,publikasi
e79428b6-90e9-45a8-84b0-ae828a7238c7,Kecamatan Blimbing Dalam Angka 1997,view_pdf,https://webapi.bps.go.id/cover.php?f=KrgduQ/lvP8PkZkyxughTGdOemFtRUs4S3dHa2syc2I5QjJNMTAxK3JNRGhJRUtsVUcxTWJIR2NCTFN1UTZEMU1BYXdmYU1KVkh6V29PV052anZsUUlCMXZrT2dIRXpmUWFiU1doMEFiSFV3RUJHQnIvZnBXYURvdUM2QzZZTGdaSEJrdlpxaDNqYlZZRytV,https://webapi.bps.go.id/download.php?f=QOTQo/eSA/mbC9YWfHw7Emg1Nmd6T09tYnBKQmQveXV2dnNKVk9YUXcwMm84MTBWS2pENE9ScGorMkZRUUxUTU1CWFRTSDd5S1R2M09wQ3I5NThRRXR1L2t4VHl5ZmduVjNnUlpta1FnbmhnNUJkdGtoS09PaC9GZHQ3Ukg2d05rNlpDdms5b2JDR1M4MjJ4U3ZHcENmOEZ2KzMyQUVoU1FzdWF1eHIrZWVIQjR0UlBvSi9XamZVaHphd1h6VTdmcnlvWEdjNDVEQ0UwemYyeVN0WExFSUQ4YXEveUpCbDdpWWgzVEdXbWVZMStjWnFrU0lWemxrSVJIVldDaXRUWHNENG9SQUVObVpQVW5kcFA=,1998-11-16 00:00:00+00,publikasi
e8f13b7d-8e54-4f1d-9fc4-c5697b3143bd,Inflasi Kota Malang Bulan Juli 2022,download_file,https://webapi.bps.go.id/cover.php?f=/jEdUxTGIofKoYKv7EuX+FR5LytoVXhPMDk0YzBPYW1HUjhaTVQwb1RPT3RCeFVEU1NJZGFscUJUdWg0UVEyS1ZCZ0xUc3M0VWpVWW5iRjBLaS8vZUVCc0c5NjFiakF3QjdoWWtSaTk5WlNCTVpJanEwQktvaWcrUzRLK1YweDBieWVoWERZL1pBcnZHN0dj,https://webapi.bps.go.id/download.php?f=h02M4tizXu0toNiBLZ28yGdJSGFvRDQ3QVNmS002cFYrSXRON0xBRzlWam93NmUzL3owRk5acExOUFlHYVVDdUdPbFFKc1VCUjVIRjk5N0ZDTUpaL3NoNTdTYTVnWXlXRWdwU2F3UnlhSkVaOVN4RWVFUjEvZjF2RWtTRlJRc1NaT2FHcHdsUU10UVhiRlRlYVU1U1M5Z0cwUGZQR0Y4V3NhaGlQK3ZCc0ZuQVZ3cWF3eXp4RXhEVjlrUUFYc2tQV0wydG9pcjYySlZGNDRuRzR1bHBJOHRieDRBdTB0dEpmbGtWaGlmSnlaS3FCLzlKWUM3YWZjK0JsQmc9,2022-08-01 00:00:00+00,infografis
e9a0fc58-32b4-415a-871e-16fc02311749,Perkembangan Indeks Harga Konsumen/Inflasi juni 2016,view_pdf,https://webapi.bps.go.id/cover.php?f=XfIFPO9yIDUU/T86rg2zA0tsRnZwMzdiM0lmQTZXTkxHbTZFYTkySFFydktxNkhtQmNQdFBCajUvT0kxeFVTRk5mMm5XVTAxSlJOWThSMDlyT0d6SFova2lNbXk4UVp1RVNENXV3PT0=,https://webapi.bps.go.id/download.php?f=oLkHFbcPSgXcO5KI/pOeckQ4aUQyZEhBczBpck9LQzI4ZFNuc2d0aFBPU3lRdjRORG5vZEl6WENzQmduVFVrVkdDVUppamRveXppSGpOcS8yS29WOHJWT3pKcG9MRFZIRDZYbmFiR1hySXF4eHpTRVZEZ1ZSZVFGTTR4Zk8wNk9ZcDc1aXJaUXdGUmsxRUN0anVDK25tTDNERzhKYUppMEY2UzlEZFJiYURBQm9salhpeGpJK1BvUk51RHN2L1FmdHBjVU94eEZ1UkZOd1k0QzVzS1BlVDRPRnpKNE9XcG0zbVZjZ3lJM2VaWTBlemcxMjlpNnVxdG0zRU5rUzN2N2F1RmZzbnNTQXhtR05EMzNmdjlXQUQ4T0FjeS9WMlRTL1ZISzVWUSthYzFFR1dKTS9veEdpMjJ1QldSM3hOWmhpS0Z4cFdHVFhKOTZVc21ZMTNDR2FJZmFTbE4vaVNwRERRNmlrWi8yQmtVOHVvSUwzVzFvYmV3ZGNzdFFta2VKRE1aOGtQN2VFNXdMZHpIZg==,2016-07-11 00:00:00+00,brs
ea4d35b8-ced7-4897-bfd5-e6a284a43a4e,Kecamatan Lowokwaru Dalam Angka 2008,view_pdf,https://webapi.bps.go.id/cover.php?f=hWbbHwE1ifOlZCab1JsSyER4YUY4UzRzUjR2VHpxMllyZ09mclFNLzJqUHg2QXFrdmYwWWNOaXZoM2VVSDRxTkFPVjV1TmhndFVhRStHeHhUZWw1WlhtcXU5cWlEbEVBRkxQWWNkcnppUkVRQ1pnbGpEMVFYTmJDQkVpdERzUzc1M0h6d0xpZXgySDY4TVRG,https://webapi.bps.go.id/download.php?f=vA2/57DP2Nb1rjFFZO/UxlVvZlFrdDJ1SmVBWlgzQVpsdFI5VXhmeTBTbUJmbjFHQWtmRGFhU2dXQ3BzSklCNUgxanFvc3l5STJDZ3kyckF0UndENFRZdWlyNU1zN2d4azY1UllpWXZaVERYdmdsVDlQTjVKbkMvbTA2M1BLRkRXeVBhZnRBY0lpMzFianlQMzZKU3oraGJ2UUhFZ3BoNFBnaS9rZWp4eHFvQ2tGMm9mOFhhTWhyaU5wRHJkWWNERnZoV0lqazlFT24yazhGZnYvbHBvMGJ4Y3UyYXl5b3NEL3ZQOXlhYXFpTjNObkowN1QwVnk3WnErWDZLc2JSYU1mZE1KemZFeHoyMFZkTlQ=,2008-06-06 00:00:00+00,publikasi
ea532400-c5e2-47ed-bffc-0c8f7b82e8ea,Perkembangan Indeks harga Konsumen/Inflasi November 2019,view_pdf,https://webapi.bps.go.id/cover.php?f=VwSPa7X832AIU0XMGFMv2GRtdWp2TGlpZkQvV0RGNjM1R2R4c0o1S3dSc1l4a2ZESDFFZnJDRzVKYlpYbmYxdDhOTnFTRWpZOE1BVTNIM1QxM0ppczdpVzN4NGVYYkJtakpleit3PT0=,https://webapi.bps.go.id/download.php?f=rdJmcWQiFIxW8q1TXOSoDlA3WEpnOGJpRjZXNEIySUhsNkQxTlBLajYrRlJYekhwS0VkTzlaWHpvSXNtZnFUMjA0Y1hCbWtZaFM2clJVejIrd1NwOVd5bnlpV2NJR25DUkRNbk9ZNjBMV1p5cnFtdHQ3NEZSdmptRDJ1dERuMmNRSTBHUW1GdEx4UEVCZWtEUXpoanFQbVVvdGRwbStaRGI3NW9DOWNYNlBPK1ZCNDd0S2xTbjJoR09XM0l0bGUvWlUrNlV0TWNnOWppeVF0Qk9HZXJaWlp1ZzFPOENjbFVLM05jS2hWczUzQSsxZWt2VFBwazRJNGJUVGo2Umw2SXc4a2d0bTYxaFNiWDA3cHh1L0YwWnA1bytrNDJ1ZVM0QWtSRktDb2x1R1MwWTFOclAxRDN2RzhIWHlnZHVNTkk1dGY4T2ViVy8wTXFkMWF2bVU2UkFzcXo2cjV6SndjUmpKMGNpVkJGM0F3QlVoNGhLZzdsbk9Xb1VuUndueHVja3pyaTJQMjcvaEMzeHpTSw==,2019-12-02 00:00:00+00,brs
eb5ac6a6-ccd2-4e78-92e3-e90acfad20e1,Perkembangan Inflasi Kota Malang September 2022,download_file,https://webapi.bps.go.id/cover.php?f=ZIDKBTZgSZ4Y0aEFu1BGHmtwKzNNdUVqODdmdngya2p4emVFK0poKzBTdTlDVzk1ejVHS0F0U0kwSEJvQWxqak1xZ3ZhNU4xUUVEY1pZQmMrZWdVOFZCSUU5R3JCRkc3QTcvYVJPWW9CdkFpVXlLY0J5NzRwdExIYVB0N3FlQVBDazRmOEx5bUhHUWJta1dsazFSdmNvcjRyWXFBREwwMzgveUNRdz09,https://webapi.bps.go.id/download.php?f=8vJQnHug1T3TFr6T9OW41kp2WVBZV0l6TEJZamtVTkJJdHZ5cENrckg3NEFBYTNtbW5FK3BJdUFCZUFCWlA0bEZNY1c5K1NaOEFTZjRDajVvc2RTY2dOcExiMFZvUWZ0WVoyUHBHR0NrS2ZLaEFTMFFhVmU4eXVtYUY1RmtQUGl3eVlRMmxjSUowNTdYaVBhTnBMUTRyVWdnRjJxT0JJeWlBTjd4UnNqditGaE94Q2Jqc0FhUzZOT004ejZUTHI2enovcjgvaWNKNWFHdXBaWDRSdWt5K2VZbWVZamkwYjVSZnhjMjFaV3MrN1J6QTlrYnRIUjlMZmN1cVdLYnhMMGpWL2p5Y2w2OW5rQ1JGZFg5aXpKZFNJdlJ4bnFYY0NSSC9zWnZBPT0=,2022-10-03 00:00:00+00,infografis
eb6edeb7-6a35-4db4-98b2-e8e1dd6c0722,"Pada Bulan April 2020 Kota Malang mengalami deflasi 0,12 persen",view_pdf,https://webapi.bps.go.id/cover.php?f=PxSAq0Iq/zFni1yQcJyN2UxFR21nc2oxMUlGTFhvalpUdkY5dEJrVWI4Y3JiemU1TUpRNVJHR3VEUTlSemRobDkya0pHUUttT2tCeU5PNmduWWJOZmNqQUZNdndwbUUrV0RpYktXbHJFTlcwbzBOZ1haWmZSeFUyaXNiSzN5WHdQQXU4V0N3M1hHSnFHMDVC,https://webapi.bps.go.id/download.php?f=y+799+UKGAbU9UswCmoTIWJ0RzdvdHhWWTVPcFYwZWsrLytPTjUwUGRtTjdzNWNzMDhRZnErOVVXeWlFWDNuak1TeFFjY1k5d3RyMjlncW1XZzg0bnBqQXdHTFB0bHVWbzJha3pKQ2dWVGpKTGcrL0xPUi9IV1hoNytCL2gyZ1pIUHVzSC9qWmJQbldESmpMcUcxSmg5WDdQb0hLaTRXME92NHpoY3VmYXVWRVNBT01UWTh2Q1dKZG9Tbk52TDRteTJnN3UzWmpySktmVms3VXpJdHZOSkVoNWhvZkI1eHpaSlVqRmNvd292Z2tEVG02MlV4ajA4NHdYWURmcnpYL2FXbWhnWVJzOVh1YlVvVmRtVjJZdTU1Q0daT2ZscDQvY2x0d2RxL0lMSERlK0JheFZzZnpNSjE2cGUreDhzMmpjOTkwWjVSVFNoSTJhU1JxOEN3ZVJWMW5PSVF1YmNWS1c2bXBDMWJUWEhRVlkzQ1R1RUdocC9UL2RFUGdKUHVVaXlzVVl5VDZyQVJEM2RmSVQ1QUNnL0c3eThZVCtSeldUcTRiQ0E9PQ==,2020-05-04 00:00:00+00,brs
ebc5c3ba-9d46-42fb-a201-682c26d24a49,Produk Domestik Regional Bruto Kota Malang Menurut Lapangan Usaha 2020–2024,view_pdf,https://webapi.bps.go.id/cover.php?f=fBAbZCv5Onxnfd3Aga7Nx2tGbE5MZWR0SVRlUFp2Q3pZMXlMSFdjbGtzOXh6VGJGTElVV0FpTzg5dnRqYlpRNG9OdTBUWHNiaXUzb3lBZXlyaU9yWkJ1UzJkV1pxY0N0bElpa0M5dnc2VXlBUEFMM0FqVFRxSXNQcmMvYjVCTXFkQzkvbUpZSmpMbWhUcUVh,https://webapi.bps.go.id/download.php?f=BJCEOgyifg9iNbplUaRvLEtTYWMwZHQ5aW03TWR4ZVNaZ0U1Y2ZZVmtNMklXWDB0ejRSWm4rMjZDNHQxSXBVQm84MVF5TEZvR2NFc090TzJteHdNMkJCUzE2RkE4Yk0xWnhmR2NWQzFyWVpXQmlwWjdneXhyODJhWHIybXovdG9ONE04UVZFNmJUOUNwTG5uMzh3R2RlYXNDbWZhczNaNHFmcmNHUkpUVXFTUlh6aVFnOC9IUDFUbnFsMzlKa0FLWFlNL2RpRWx6Y3lYQ25sNUJWU1ROQ0xQZkUreHZOVlpLTEJnWGRVWVl1NkVsMlVoeitmb0ZHd1BXRzZINEdFVTNqaFJuaXpXNVkyaEpjTVdDUGNXNjFYUkVUdUowZmVMSlFkUVNvcTFRMXNHdHcvdXBTR0QwWUlHeWp1K2pJN3VtSS9KSzgva3ZKR1VqQnZS,2025-04-11 00:00:00+00,publikasi
ec760b1a-b950-4839-b4ea-92fee7763634,"Perkembangan Pariwisata Kota Malang, Mei 2022",view_pdf,https://webapi.bps.go.id/cover.php?f=7TE5Gdow4pXcIbJrmsGuNUI5b2NFcVhTNmRpVGc3S1dFa3BnNjJrSVR5VFRUQzdnUEdsb0RNOGNjbGVOQWpTaU9mR0YvQ3FuZk5kcnBPWk83bFVPRzBGeFlGSUJXRmVoSGpPQmY4UXBTVmVvdWp4VnN0ZUxFTmpiQ3daU0JIaWJiT3V6YkpUbnBXZURCejNZ,https://webapi.bps.go.id/download.php?f=D23Vq1daXS4mFw/wLEJl+2t4Q3F6NDQzUjJzcmRnNElDNmhON3RPRmJRR2hkMTVpMlduUHZRNjk1QzVIRVlONEJBSGZZSzRSSStkZmMxVncrR0pNZlBwZHk4cXdzQWZud1VqcWo3cGNyME9LdHBlWlB1OXp1TGdQUm4zWlNTMVlFR05ibEUyVmdZR1hvTHJFMWpOOUQ4SzNkcGFGZUFNYnFCNERFRm5hRVZGaU93ZzBKY3dROEFpeDR0U0hLU3JCcFdSU0h2VUxZOXpLR0FuMmQ5NUdBYUo0cTlBNi9pNzloWGhuWVVnYnlIVmtGSmhETmZUZzVZem0rZjd1OXRJZ0plRENVYks0RCtiN1Z5SEx5aHY4L3FjUjFFZ0J0dDBOQmgzY0RZR0FVbmJJdnN4T0ZSczR4SjRVd3BpSjQ1UzIrVWdqQkRVekhRZk9GaDVOaHFVbDZpeGNRY2cwMXFXdWpBdWlxNHJ2bS94UnY5M2RJTTBGc1hKTklpeUJZVUg3QWRoTm13V1lGL09oNmhwNQ==,2022-07-01 00:00:00+00,brs
ec7ee147-45ff-42ef-8e51-c26e6f0a07ce,Statistik Pendidikan Kota Malang 2020,view_pdf,https://webapi.bps.go.id/cover.php?f=SGCfsiCHNC/F6Tti+sLo5kdHNjdPWUpKTHM4am5saWhFaUtwRW10bnZMTEcxUFk0ZE0yLzlMc1Nnc1kxQjBmM3ZXcUxsM0EyV0dJY0tORWVmcFY3NDZZSk1rMTRuME1CYmhpR1plcDl0Q2lIdlFkZzl3UnBsUkdZamM1d2sycHhOWmNTUDF1RmduQm9BSFRH,https://webapi.bps.go.id/download.php?f=OTaIqCaGsjPYVjVfrzPMBGJzVlIxZ242dDlBSmZ3ZCttNFVIVmN5TXZ4RjBTYmRLUDB5YWFLVEpESE9PMXpKbm82Sm1sTWwvLzlPdVU3WW5aRVJrbVBBVHVreGpybmFzMGpPSEs5N3R4UmNiazVnQ2xFQXArdGZsWXVINVpRSFRPRDRISEc4emVKbVRZR2lKckF1b09STlM2YXh0ejBMSHMxYkFXa2lEUHRXUWRLKzE2NGM0MnlvSjlhTnVDVmV4YVZNaFlBeWRicEFJYnJRQUtlZ3RPVDZXYk9KRVg2anpvSkszVEQ0MldpY2dTMWxsUXFzRmw2T1g0R3NuL1paZzJwdHBSQS9jdHNrV1VQYkk=,2022-07-05 00:00:00+00,publikasi
ecee3b89-93a5-4f4c-85fa-432284aaed8a,Perkembangan Indeks Harga Konsumen/Inflasi M e i  2013,view_pdf,https://webapi.bps.go.id/cover.php?f=4EYtjR1pKo0DOWfMl+vfZnl1WlZibHYzZ2V0dXRFdGlmSzRhZ2pTTlEyRnVzTTU0Rm5HamZkaUJ4VEFmbWtaMVIwSGR3N3EydW52UUpIL0JHdE13VlBQbGptbnBzM1hwcHdXYUVnPT0=,https://webapi.bps.go.id/download.php?f=74kmY0Yz66uy26C01IpcKVhleFZ0M2g1bXUwb3U1aHRteHN5ZUQ3Q0ljM2UxRyt0UjYxVHFzRjdYWUVicmpRalJselpvejFRR3dnRk9Gcy90RHFzT2xqeHdpcVhNejYyZGl5OHFrT0VHOEVSVUlMVnRrbzJtRXc1YXJiNW9OTHUybnN2NUwrL3RZRitHSy94bWdvS0kxVW9Ibk53V0Z3NXE2RHlOWWVlZ3VTcUI3WTBJemZYUGxsd2RUQlNaZEEzNWVWL2thOHFhRWUvMCtVd3RCSE95am5vZTZocldoYUU5Z2ZvT3o1VVFNN0FHM1NkS2VUNVRhdGpoK1VFSzdneEZibW5GMEdvWWJuSXNJQXAyS1MxOWluL1BWaEVmTHUxVnVsdmkyb0JRRTVYdUhIaFFxQzNMVElNaGx6bDFWbUliUXAxMkNFZERXczkzazYxQmJRR3dDSi9vSjkvRlBhajdmZmN0N2hCMkc1ellVS0dMTEdNdTNieHo2Y1czRlZvQmJGUG9GeGQ0UEI5bFNnNQ==,2013-06-03 00:00:00+00,brs
ed039556-c173-4607-b2fd-a3edb3004985,Perkembangan Indeks Harga Konsumen (September 2025)(1)2025-09-01,download_file,https://webapi.bps.go.id/cover.php?f=dTSWaOOsyF69N4sFoHIC6ko0UXZ1bXJFVFEvZml1ZFJIY2RtK3Qvc2lzMVkrQzZEbkw5b1JLSHhwbFRBMWpmUVlITXJrZnhFUjBScFFHUTZVaXhHVjFOU2FhWXZNQW11T0E5UUlRPT0=,https://webapi.bps.go.id/download.php?f=EbfxZudv77MGe1HcRIHYwXRaVkNRTjRpS2taRlRneTJtcTNJZ0M5ZmM0Sjg5ekltY0tUeStaZEhKL0xEZ2ZXRllJeDc1Z01NWXJyZ1FET3dEWktDcXNMVTdFSTBIVFJrZjR6Z0ZJNEl5QmxNd3U2SFJKRXhNdlBOUitoNktTRkltRkRBc0hIVUpBbUZ2bkVCTVlVWjBoRERRMnduVHpFdDNkRlBYY0Z1Nks1Qm5ha1R6ZEU3cmxvWDJmS2V6UCtKaWIxRlZhSlArK2w4SUZRU0VDZ2t4TC9VQ2JoQUNSVHU2TEhuTWEzQlVsMnBUY3hmdGZLRGgyZ2YvNXc9,2025-09-01 00:00:00+00,infografis
ed6a34f7-2bb3-450d-83a5-feec16a96634,Statistik Tanaman Pangan Terintegrasi Dengan Kerangka Sampel Area Kota Malang 2020,view_pdf,https://webapi.bps.go.id/cover.php?f=PUSvjwK3OQosmvveULiHvmFyU1FCTDdPb00raVMwUTBuaDNvQXRWalB0c2ZTejYvZ0gyanRvK0dBcTljRXlNbHA5TklHV0ZFVng4bFVCTk1zVWhRTEV5NEdXbW5IbjNpd1RUTDRUZmNXcWl4alp0K3lPaml1WGIxQ0plQVBsSDRHVVhtWVZGYkdGc2tlVzZY,https://webapi.bps.go.id/download.php?f=ubO8SfwN3ujMQ5c+z9MqOlFHL2pkcFAzeS9OaklETFVGMkNmOTFJWFJVYXlxaU85RkR4MXl0NjBXZHZVYjRMRkNOSGJzZWt1ZkFsaGVEbklva0U1ZFlwemZmeFhzdjRPL0xCUmZVbEM5YXFlZ1ByNG11QXVXaXlldUcxR3FXRGovSXA5WExGT2hGam1NejlKVG9zNm8xbm95RXNHR004Q01DemdSYVVoQVpQNUxpMDNZQ2M1M090RXhxa1I4czJ0cWFmZnNndFpHS0ZpakpUMTZJWnRYZUgzTHJHaFBBc0RtcXpsWnliWDV0ZUJtc0tnTDhKRXBkMGI5QlFneDVVek9UMlpGMDhrK2VNQnlwOEhTOUZjQVplQ1ZQTjJpZDNMZzg1Qno2dTNOOXhVOTJCZXpIRDBPRWJwSlI5R1BQRmE5bDYxRTJwb0g4dmRTVXQv,2022-02-15 00:00:00+00,publikasi
edc4b634-15d6-42c3-b259-18153ae2b53f,Kota Malang Dalam Angka 2016,view_pdf,https://webapi.bps.go.id/cover.php?f=w8mULIJMnMz1LnEXlwRI2VNCYi9YdHhuamxlM0YzOEsxK0pmSTRNMjBPRHZHRjVYZ0lmSlNTTEFvaTBPR1hjV0ZxT21TVnQwUWNiUUxNNU5QMElxQ0ZjNkFCdVVnNHcxc21iRENLczV4cEwxYjNXTTdXa2JHUEdwSDMzd1FCZ29POXJkUjVzMm00WFFabHE4,https://webapi.bps.go.id/download.php?f=JwYjtbnEOCRgxUONQ9kevWdSNGttck10MXpDWkV3SlpFL2c0R1gzS0lYRStwbGtsaWFod0pwQ1hXQzRmR2QrVC9HOWpMSUZNckdrQUhaRCtISlFFbzJidzRUNzRRTHhqV2djdUY4dW85M2U0K0ZJU3dsK3FyTlc2VXhSRk5wQ2RZRnVxd3ZqeS95ZS9QbmdlVGhXVE91UzZ1MmJPMTZKM1JqMThTVGZsZTA2NStXMUtGb2VIbFlpQ2JZcFovTTUrc2xKdVY0UHozdUVFSk5UbjdIcTBSTVppdm5zNGhnVEZnelVVR2swblVCa0k3NG9FZlVUaEJjRVgyMVA0ZDY0NFVRVDVCZmVKRzlKQjNOUjg=,2016-08-17 00:00:00+00,publikasi
edce4e32-d4e8-4e47-8f64-ba1a3ecbc542,"Perkembangan Pariwisata Kota Malang, Maret 2024",download_file,https://webapi.bps.go.id/cover.php?f=QX4906k/ePbOUGStWv0sdUlhOHRObUpBMW1YaS9YVjdkbWNseGl0bFZjMUtPYXgvZUE2anhVUnphcDdTY3VhM2R4bTByMW5hZVlGb21uRFdlUS9VdlU2ZjFLZWR5MzZNWkNyaEJ0V1dCbmkvM0l1U2RRUXRONU1TUWdZUmllbUZEa25BV3NUNmRMMEhxaFhrdG9naGN5dEUrOHRnSWlOVWFWWk95Zz09,https://webapi.bps.go.id/download.php?f=y96YmobK86DH6q6vFc+tznZCSHVpaFdKMFAzZmR2RDRyVkJRRk44SUVVRnFXY21zY1BnbXI4Vks3STltMGErWU50U3Q2TjdGd09NZnFEbXBoVmNwL2h0N01iMVRSd00vVmRhSFk1Y0pPajM0VWFoWk9SbURBVzJBaXUvdFMzVVVNK2ZzY3EzUmU1dlBPMTVPL21xK3RaQTZXSDBMa0xOS0lJTStqSFc2aWN1c3hIQVl2V0s4MHROcFgyYW9nTFBGWXljR1hUY3J5aVMvRXR2T1pPa3YvYTRpZ1JxN0VOODQxWDY0ODcveVpwZXE1MVVqVGYrODF1TVR2eGVNYW9qVDNCUkQ4T0syRTk5V1plckI1VkRmeThFVDRvdzJZUEswcXBFRndBPT0=,2024-05-02 00:00:00+00,infografis
edf9e9cd-2669-47ef-8f17-bbfdbd3a8e49,Perkembangan Indeks Harga Konsumen Malang Januari 2026(1)2026-02-02,download_file,https://webapi.bps.go.id/cover.php?f=icOSx1iz3HBKU2mIH4bN/UljNm1KWVJlemZ5ZXh6NmhtaFhWUy9wVWtTYjA3cWh2QnpLdUorSkIweFdOa1BRcCtHNXlKajNoMXRjR0RNNFR6N2xjZ0gzU0dhamZ2MEZ4WWo0Z2xnPT0=,https://webapi.bps.go.id/download.php?f=RuhgAOLvRFczLblyIbc6Snk5Mlpyend0UzJlZFN1L0dTck1MMEl5ZnNya0F5bVREbVNxL2ZiS2ZHV1RXN1pWbHlLdEc0dU43K1VqSkxTdFlwbTV0aGoyL0wrVVkvUnBOWnpBSXoxLzJRT2hsMy9lbDU1TDM4Y2NSZFB6Mm9Lc05RSnNFNVE4a0pUWWUxL08yOTZ6blRHMGp3Z0tXaFFGMjJoV0tyUENyS2dWZnRtd1BrVXJwbXVsVFRCb2FmbUNJT2xlNGoyQnA1d2JFMFJCcy9NSEVpNHN0blVseGMwU2h5Y0htL0dsdmFqSGdrQU5UdjF2N3F2TW84a0U9,2026-02-02 00:00:00+00,infografis
ee2e8994-3432-4acb-8fdf-d2d0b9410cbf,Kecamatan Sukun Dalam Angka 2010,view_pdf,https://webapi.bps.go.id/cover.php?f=ZvNz9tmgOaWMHaXNtI5YbWIxaWNiNDBZcmpoUzlLenlrT1UrU1dKdGc3QTNpeTdOSCtEek4raXA3VU4xN1NxUHFUdG1rb2I5NkgvTUI3Y3o4YlR0ZzhtMVpXazFuWG1PelFQdlNSTWpBK2RkUTR5YW1zdmFVVXBjc25GaFhUUE5pVzFlN05naW54cVRtMVdY,https://webapi.bps.go.id/download.php?f=Nh2Kn6Na3FCbMgkejDcy2mkxZkFLNTcybkdFaUhHbitxSUR6Z2JZcnVydEZpM1EwQmkyL2xkd3VURXhDQnByeDNtc2xMd3ZVcnI2djMxdklDWDdaQXZHc2FFV0l6NFo1R2hLNGdBbjhpUXZxUitGM1VtekZ0aHM4K2tvWWx2UW5rUUtMWm93Y0RVT3YxUC9VSVpsRS9IQ1NVa2JrN09ITlVjME5NblFTUU1PSHJLRkxuTlBxeXFRTmxYaGtyZHI0TEZiazdtbUpZdjNNWUVGd0t4NlBydm9UemllZWw0TzhvdW9nb2JCYitOMXpjN2gweWxWbFFxSGZ3ZVp1eGp4aXBSdm5BdDNZeGxXaUoyQlE=,2011-02-09 00:00:00+00,publikasi
ee4528d9-4b5f-4f04-9e63-be9e84330835,Kecamatan Lowokwaru Dalam Angka 2019,view_pdf,https://webapi.bps.go.id/cover.php?f=KbXOPxfnibnaiQYcvvuqQ2NGejhrZjIwK29EL2IvclUwTDViRk8rTitJTGZNZWNPWTl3ell4QUZBVFdBQU5xajZFV1VDTmh2NWJlY051RWJEZGx6cm5iYXc4WWdGazQrMThKOVlrWDhHK1lySDZrMC9Wb0FjWmNkdnVxVjFkMWJ0eVk3UkFLMkliNHpHNGhO,https://webapi.bps.go.id/download.php?f=yrVXbO1dAK+fBtw0nK0cmnRXTVpTWWxmZWtQdzgxZ3k4RkU0ZmdEbjNkWmQzK1VFMmRlamt4TjVkMlNGWGJya1duK2dWVWE2aGhhTFpZZjdmMkR6emxGcGlTTmxBK2tHbUdBSytJa0xuaXpRcFdyUitHTnIzNUdITVhtUy9UdzNqY29ZeDdrczRUUDhDN0NvVnRPNHhZTGs0dWZGV1hCcnFqY0F0YlRnUWRqblptZFhJZEdjTFl3M05md2ZqNy9xQ3RBaXB3dW53MEpDNGVpWmdQUVVGa3Z6T3dRMmpzcVhuNFNVRDBhSG1EWnJMOVorWnoxbHRqSyttVnFYNVpEVWhqMFNLd21IOG9TS0ZoRXo=,2019-09-26 00:00:00+00,publikasi
ee8f6c11-730a-4fdc-b356-148df3dfec58,Kota Malang dalam Angka 2012,view_pdf,https://webapi.bps.go.id/cover.php?f=4n5xkMuvhq7C8TU1gYrFBlRCYnNYTFNoZUVrUE9FbXM3ZmNIWFZndUlWcEt2QTVFbnNUQ0loek9tdnV1WnlHQVFHUW1rYzRwbjdIU2pXWFFnSG1ETVUydXAwMjczbHN4TGdOUDlseUxST2JVSk1ZNkJSWlRLTVZlZ2V0QWxpV2RXOC80WmU1eVR5UUlZSGZ1,https://webapi.bps.go.id/download.php?f=jdVyOVytUvZG7+WdiDTqykI5QnFhUjFRZXhaQytUdHlTWDh1bW4wNzFMaUNZNzdmQVp4MXIzMjdrV3JkYysvYXg2ZEkzQ3AwOHRzRmFXK01LZjgvTk0xdmptNGNDc3hmclZMV2Q1R3RtN3BmU1kvckZvRm5HNHVrZjN4L0lLUTA4bWp4ZGZSUGhQZkRGUmdpc2pWZnpONWxWckpKOU95WEQ1SkYvS0IrQUt3bThYN2xNRFAzR0JDQk9reFZQblRDN3gwOVhGNk1SSDl6RHlhUVZzVWdnUG1PaU9mN0IvSlR6RmJ2eGQzTDFjQkJZWUZmRHRpQ291SVdmK1FVU1RVajljY05uLzAvamFpc0ZWK1k=,2012-10-15 00:00:00+00,publikasi
eec0f1a7-be96-4e01-aa44-b420d2fcc069,Kota Malang Dalam Angka 1991,view_pdf,https://webapi.bps.go.id/cover.php?f=aC9uGu9IY9k6mFsA7H+inG1zRHQ0bnQzb28xTExQRW9zSmszUVQ0aDRyeUtpMHVNOStabmkrVGw2b2pDMWxSei9JY0xLMjMvSjd0aGcyR3RLSnJOUnNCRjRRNE5nc0lhb0xrUkhtNEwrcTJqelZra1p4QTNCcWZsNnFvTlVPb0FZWXdmOTNMbnJXVkpka2s4,https://webapi.bps.go.id/download.php?f=BQhGxKJJMGbOO14p1hMj0GVlL013aWN2aUZpc2RHVndSRXQ3YVVrZGpUeHpQRWFpMFVodm9hNHRjRHNvZTNwNlRzSU8ydnlGQm5CMHZWRnMrM2hZZHZuVTlZZUlSejZXMWdmWVFKRDVFQXYxZEc4cWJxTklQWU9rdTdUMDAzZlJpd1BRSSsvbUJEM2I5RzdPaUVlNjN6U1hzWjlJUDdaMDlJaU1heEdyTDVYTW0zRlIxSjdpWGhpRWV3bVprNlVMR2ZWWFZWVmhaOFJLd2R6U0VIQXNGQkZaeVduSUFETDQ1a2VqdnNEbC9iTTdINDE5bWNncnVMaVN2eFFHODA5bFBJSHFGWUhTQzNkRnZyM20=,1992-08-14 00:00:00+00,publikasi
ef144e76-fc23-4a00-bd86-1f673140e039,PRODUK DOMESTIK REGIONAL BRUTO KOTA MALANG MENURUT PENGELUARAN 2013-2017,view_pdf,https://webapi.bps.go.id/cover.php?f=V560N8Hj5VAsF5WmIcYJ4EM3dVFFVUdLWVVQUHd6b0JNRzNUdUZFaEhyZ21sNXo4NlRHZGxla3ZVaUdpWnM0U0lsSWlLMmFzNStYWDRjaFBpT0JrY0orcS9BdWtFL0dKSSs4QVZQSS9CdWVOcEMvbFAxMmFxdm91MEtFUlh0WVliYUFLTkh2ZFNWTkl4a3Nh,https://webapi.bps.go.id/download.php?f=qjPNa+tB9vuWEHQZB9HOF2krcDdQZzRlL1MzS3FLMitsRWFIcTEvbmh5ajh2QmRPZFN6MTh0TjRGNFVHSGdSWDZ2OTQ3UUF3bVhvekFWekNSc0tDN2NibGliVDNLWDZGTlJLekh1LzlDK0s3WE0vdG9ITjhaMFRsVVpJU0MxOTdvclRJZklWUys0NGVqQ1dNM0ViYnNCeGVwYlVqOG5xQ2cwUnNaRFhTTWVmWDdHTFprUHJ2S240NCtPc2t0UFBKZ0QySkZtdzJnKzAyN1hvc2M3aGV2Zk5sSHRwNGlnSURNbWI4T3VUQWo1UUM3VEU4NHV4amdoR2VuUVMwYXRETWpKT2hncnRUYWlTS0YrUUcxSS9SM3VubUxWVk9hU1lDcm9PTzdKbE1WcTdYR1dBQUUwZmlxWkNlU0xrazlxQmxDYzUvSGZNcFhWOTNNSEZa,2018-09-03 00:00:00+00,publikasi
ef8e46a1-c14b-4ac8-b27e-345e90220ce2,Statistik Daerah Kota Malang 2020,view_pdf,https://webapi.bps.go.id/cover.php?f=NYOuFYlOsCyoy1lahNIFoVpGNlRVT2p2YkdXZTNqQ3ZXSWhib2syQWtIb2ZZZUZmNmZoWEM4NkpDTmhidDRTaWV0Y1pVKzhqdmlQeG5iTmdUTkdYcm5senpXbXp6MkhzY3JZU3pPOUFBSkRxZWMzNjM3bmRrc1U5cGs4VllEcVdkUmxiME0vbGY0SVg2dFFk,https://webapi.bps.go.id/download.php?f=4E2E9SJv1c+jOgKsOwCwYjZNQkxtalR5NkZPdW0ra3dEVHFQcTl1Z0lBZUxCL3IvaHU4MGJYZTRUVy84Q2lOQzdxeXB6NjZzMGpYUFVxY2tVUVFqa3l4N1A2Nkh0WUFvS1R2QWJuVUE3UzBramRtWGJUUHBHaXR3Y0NKWmhhM1B3cVovM0tMeHZuMHArUW9JbVREQkpxbTM2OWltZU9tdGljbkZpTkluVVZ5TFZIeVhCQ1BxN1BDQlhNQmhkd0N4VE9WQTJZbzRTbXB6ZStZbkJia2FDYzlISkZ3Tm5UemJGKzRSVFVKVTIzM01paGRGbmVkcWxNR0tpend2OG9mSnFZdWZVRVhuK25uMWt1bjg=,2020-09-29 00:00:00+00,publikasi
ef900852-0097-4158-a253-3a0f629d2075,"Ekonomi Kota Malang tahun 2025 tumbuh 5,92 persen",view_pdf,https://webapi.bps.go.id/cover.php?f=IqAqrfh4Nno1Ky/VM5XzAklKeTBVbHlQMnlEL1dCZS9ndnB5ZnNvbGNYakdSM1NXK085OVZBbnJUbDNhWTRkU0poa2RjVXZ3aVNXSWM4d3diK0llSUpiekwrMEtpNFBRRUdxMjVnPT0=,https://webapi.bps.go.id/download.php?f=9qZFHu7kpFlVLkffjknEOzk5TUN1dmFGblhGZlhoSzB0ejY3OU9YMHlDYkc1Q0JNVVdmbUFac0JWNFpFdW0xVU5adHU2Mmw2VURGSW1jSnpFaGlxVG5QRUFqYVE4dURuaEMwSmxQMzlJeURyZ2lNa0pReEE2NDZzbm1MVDljTndLdTM5TzNIRWIxakh1aE9BRXRnbGh4MUNLbElzbE45dlNqUGNHOFI2UUR6VExwL1BRMldlRHJEbTdIWFlSSGRIY2NRdm1kRldTWlVTN0d5UQ==,2026-03-02 00:00:00+00,brs
efbd5ea1-d6a6-4553-9e17-707ea6bda2eb,Produk Domestik Regional Bruto Kota Malang Menurut Lapangan Usaha 2016 - 2020,view_pdf,https://webapi.bps.go.id/cover.php?f=IZrAfXyHvxxLhFZP9NOPhndvcHh1WGs0M3NJa3M1aW16TVBPV0R0bXlJYXZSaGpJaGRVS0FhUVZnU2hxOUx0OG91dUc0QW5qSzZFd0RPaWhjNFBUWlZ0bDhoODFLUm56Um1QSXF4UzllWG9xM0tOOURuSFByc3VjQmVwcnZCeFowdEJUQUhJeGIvY25wK1NZ,https://webapi.bps.go.id/download.php?f=stUK78l+2m/+3nzxNGYT8WZReDcrRFAyTEVSdVByaXA4QlJ6SmplY0lFOUF2aVoza1pKSnhPbVc4REtqN2tyOGFBY1JtU2MyM2RhLzdIN1dOTU5tbE1STHZpam5MSWFneEZWWFdSYTF3eGl3NGhWTkI0cWZ6bG5oeUorcnE0NnpZOUJDNStiaVFtbGt4RUhYNEZMOW5yVUkrN1l3cEFjczhGazBpeTN2MjVneTJFM2RFT2JIVGdkTHZURzgzVkp6ZUVTV2dRWklXWExYTlQ1NjFEMHEvU3B4bHYwN0JZandLTmpjTXo3YTMydE5mREgrZVRkYlFwTjR1UXhhaCsxV1lLaDBPdFVyRkdCY2Q2MGM4dlo2czR4RFVic2w2MThiYitIMUVzbm96alJLWFRHZUx0Rm9IWnhQTEhhN3pxbG83T28zMzhIZkRvQ1h4c2lh,2021-04-05 00:00:00+00,publikasi
f023305b-56a5-4892-9346-98a9f59bbf36,"Perkembangan Pariwisata Kota Malang, Oktober 2025(1)2025-12-01",download_file,https://webapi.bps.go.id/cover.php?f=FlwG0eVORs77174hXQ1e/kFVWTlTTFE3TXMrdm81djJnYUxNTWR1SzM0YS9UVy9vK25PcEdkM25RMlB2OW5VdnVYUHlRR1d3QmVheGo5bTgzZmZPZjg0RmpyV1BINEZDT05wTDVnPT0=,https://webapi.bps.go.id/download.php?f=B2o1kvOwPd8rFjeqjSTp1HlmaWRJMXJuMzVhNSszbGtxb2RmS0JkOWlaRHU5NVpjTFZKcjY5N2haS216SWdqb1dWcWVmTkY0Ly9KOGI1YlFZQ0FtK3JsTXN6SmJDMmRhQ3E5SWJFeWE5UVIrelk0TlhEWnpERS85NE5lTGRNb01qV3ZkN1NKTmhad09oS3ZneEh6ZUUyWnpiSnZlT2JVRVgvbVRHZ0UyQ3VtSUFYKzZiWXZ3eVVRVm5WOG5NZkR0MGpzcDlLaUhBdUZLc1pYTnZweGJ0QldVdFhMa0pSTERvMS90N2thMXl2SVR1N1lkREFhRE9ZRzJ2MDQ9,2025-12-01 00:00:00+00,infografis
f03e2a57-e7d0-4e70-8699-10b8b78bb639,Inflasi April 2022,download_file,https://webapi.bps.go.id/cover.php?f=A00SARJhNZaOeSwRtY4/OmJrdjZZaFAwRS8wYnhMTjhCeUh1ZHMrYmo4V0U4OGp6L2pQS1VpL25ZeE9kemloSElQZ1NMTXMzbktJZUxPZVBkOUFrM3RIejQ0N3NtZG9zNTVYaFk2TzQ0R0s2RmtvUnl3eDB4ZkZ5TDI0PQ==,https://webapi.bps.go.id/download.php?f=tHMBkY8appjWE29sWhiHuG55OGcrZmhicjQ5WExqb2dITm9pcmNxUktoWDVvbGhQNkhhdU1PdG9XZ2hwNVpaSHE2SnJFaVg4UEZNdk8xYlgrRGdkZWhmZC95RklMckk2aVZxcmtpVDhkRVV2RG9VZnM5aFcvbENZMDlTL1psV3dpclhTejJUWVFwWTAvMTVtTFpXOXV3SHh3MWZUaWtKVVl1RytiM2ZYa1hYRnU1RlMvaXBwVXl6czFyWDNNZzNiT2FaT1FKNUhZbldPMkkxcA==,2022-05-09 00:00:00+00,infografis
f086080c-3cd7-4f0c-9fea-94183f06a6c0,Kecamatan Blimbing Dalam Angka 2017,view_pdf,https://webapi.bps.go.id/cover.php?f=n5LAcbovLA5dHwMmPyXcM1VnYnl0cHd5Tk14Mm9ieFkvRmI2Lzl2L2FQbVA3OWdQQVloS254T1BCVFYwZ3ZBTVJjbGlwYUREeHJHdWkyS0FicFFiaEhmcWttdXZSMGRCVS90cnR5SFZTRm52Z3R6dUNTUi8zS0VVZzFkd0JCaGR0aUw2Ym5xNWZYYjh6SmRr,https://webapi.bps.go.id/download.php?f=bQgdq0dPQEYpYcsXORrBUUVPNjVBNDdMK0U1eFFIM3g1b3Y3MXg1VkdLZ0JDanRzK0toQlltdDlsSlVqNTVQUmVYWGd1S3h3Y2F3cFpSbkMzVzdGanUzMmo3WG5RZmhQOUxGZjFFRFc5RkQ3VGxUNms0dmhZOHlRRGtrTHppTnova2FHWkgwdS9oSEorTDBNNVlpZEp6LytrNVo1TlREaEUxb2RvTEZFT2ZDaTZmcWJaNnhXTWJtQXFSdlNBaktZeGFUbWRsWkhoRXZ4UDNHZzdyZUFnanZLU2dYU0p3V2E3UHMrcmJJNmlUaElKSi9ZUTgyU2tXZUhmbi9WM3NMd09MeUhtNUhYSy9DSmF6dW0=,2017-10-08 00:00:00+00,publikasi
f10de9d8-443a-4281-99ac-1dbeb3b48d12,Indeks Pembangunan Manusia (IPM) Kota Malang Tahun 2023,view_pdf,https://webapi.bps.go.id/cover.php?f=CuW7m2B2E8pg/gPwBIS9jzBCejhFMHFiOFJKWms5VEwyd1o0UVZNZ1I1a2Z0RmZjT0U2VGxjTmtmS3lOSnVIVHRSN2lSeW5VZTQ2RkNiSk52ZXJ4Y2loWjVtOHNJbnpDaVhZYnVoejJXcHdTTlUwaWI4L05UV0dxVHpJY0xlZXBGcE8vS3FaRURVb1NxUTFmemlxVkg3RkttdlVBNE03ZU81SHloQT09,https://webapi.bps.go.id/download.php?f=sWXd4AsSZsfN9essOYyIQXFna1hFUVBWK2FkeTAwNTFFS2h4MVNhUEk0M0syajRFSm96MUl6b0c2eGdqYkVOUmcrREplUUN6blRCNUFhcHlOU0Z4cTFMV1FnTnJPYTE5T3dVUzEzNEF4OThCcE12RXdXdWkzNDVoZnZaRGhhR2RXNFg2Z0RNL05wSnY4eldINzZSTVdzSVF2dkkxNmlGcjYydnlLMTI1NjFnR1pmenQ1VS8wSXB2WW05U2ZLNWdBZDJOV1lzcjJQYVhyNDBJT0tKNjZiUDlPbUZwK2dtWFZ5QmFpenRXa3JkcGdWUXljdytpTEtxYXA2SHFwQTlrTnNZM090eGhabU1Yb0txNmpIcCtWWXN3OWNQRWQyeDdWSlZWRFVBTmVON3JqQTA2QU95NEV3Q24vbWpTcmZVNzZjdGF0cTZPTWdxTXJiWWN2RTRXb2s5cHU2aVNtMENlWFJQSm9qOERJRVdlRW9lUkErQUhDdVg0dzVBa0V1T29JVXV0T2FtTzFTdjlwbHIvWQ==,2023-12-07 00:00:00+00,brs
f193b5c3-79b3-45a6-a7d7-8aeec268b1cd,STATISTIK DAERAH KECAMATAN KEDUNGKANDANG 2015,view_pdf,https://webapi.bps.go.id/cover.php?f=PM6sWqjf9MD+TcVPiyT0gHF5STlvczNLeFpvd2ttVWxBNDdXM2pGVFk1R01mSEIzTndWRHE4ZEpnT3l5MGgybm5JWXFXZ1BrSDdyN1N3UkJqTlB5djJTN28weiswa1Q3UmtrYVJxM1A5RHMxdHE4K3hYTjN4MU5LcjJUZ0RSMXB6RXJNeGxEMWQwSXdRcXdu,https://webapi.bps.go.id/download.php?f=Q/kCwcn6ab0mkCuBdb7vIUNjVGJUSm1FM1F2UHRlUHFYbUlxZzVXb2E3VEs2S2ZYZGJSeXc0Zm9uUlN4Qnk5SHpFNjBkeCs3TUplV0ZoNnBrWm51RzFSeE9sWmhDL1BYMGdiZW9JMEFaR1JEVW1TeVNLOHA2NE1DZjIwbmdxMVIvUkkzajJHbGFrRWZ2YnpXMDI3NStQMmx2U2ppUjlEWjQ1OUtaRVE0cDgxVHBqRVNOek00VjczRU5WU0dwUVZQQ1lDcmtTdXlHTS9JWXJKbzJxTWhSYlBxVjUrVzdBYlRXQ2d2L3VkM3Y4UkF4UVM2RGRiRVE4U3dYTm5qcnBoWWJvRTZEV0hrRFUvcXZIQU85WFhpTHgwRVBFRVRTWHB4clVTL1FRPT0=,2015-11-20 00:00:00+00,publikasi
f1d8565b-19f0-4915-89b5-0f52fc52c9ef,"Perkembangan Pariwisata Kota Malang, Juli 2022",view_pdf,https://webapi.bps.go.id/cover.php?f=eekHvvAdxDFBqoyNrL/tnUVuNkVEWEJldGQwRWJ4VkVnOHBUbTB4cEwyMCs5emRTWFhadFRuY3IwcFN5MFNUcm4xUjBsREJRVDlFOVphSkZrTGFTUDhkS3pYa0JvcEZ6Y0RaMDZqNEJ4QWdiVWlQQVJEQ0J3dzhWTTJBd2ZXektjYmdyeFBZZUR2aGxZdlht,https://webapi.bps.go.id/download.php?f=tmN5/DDDvtKdqe5xksv8WjFtTkdWbWpuZEp5WDhQUS85ZkVVKy9xK25oNWpLOVRWSnRJTW8wZzRoemcyR3I3TUNRb2RXR1pObENLMlE3OVlaRjRrdjdtdU5Tcy9mNnZrR2VXUVBnN3FyQnk3Uk9uK2Fka0d0SkF4Ymd3MCtJZVFWdktQSUUreUpwU1Z3YUFTUE1FNjl4eXM1cWplNVNkTHU3OFRGT2JjMU9NSUROcHd2TDE3QzhPZFJOc1M0UEFJRkFLY1RreEEzWU1YYTFZcjJlMGNQV1BSK0V3NWZua3M1R1dIU2xtZGdqYUF6dzAzcGFmWHdGZVdhSWp2cTBnTmdZQ3FRM3FMdzlKQURtUzlOSWVXSEN0WDdxVWd3anJqYmhsRjJPN1I5b1dXUEU0NXA2M2dScHAxY3BabWxqVHE1Z29ZU3ljWWNzVjlzekU0dWhwTno5K3cvdDVmQjdicnprMi8wVHVGdFJ1WmlkVXVoZlhuNUVIUHRrNGFQc1IzQ2w0RTNDQUw2MWR0MDJJUQ==,2022-09-01 00:00:00+00,brs
f1ef8c6a-a39d-4156-b569-fd363f7b6f16,"Ketenagakerjaan Kota Malang, Agustus 2025(1)2025-12-01",download_file,https://webapi.bps.go.id/cover.php?f=ttLwM/XGu1xLIl4ZL3/axzBvYVg1M1A5M3h0WjBKa0EwelZrOE5kcW01VU83UGtlbHh1bWRaRjNxR29LTHY0TTNyUks0c1lBYndxK1B1ekc1Q2YwcGNhNmVPVC96T255dFNoMXVBPT0=,https://webapi.bps.go.id/download.php?f=8hy/Zqk+kpDwIE6yaSyBOStVblVRZlpSOVR0S0FnWEk1Mm50SnlqcmEraWpsbEhFVW1Wb0lDSXJxT3QwdUlyV0xkYjV6Q3dpcnU5aWc5QjNZRXlWZitIMzVXcXVmb0EwTWZrcGR1em9CZHJUeFdUY1JEY0VMNDB5NnRYR2VQTTBRQXVlVWoyZms5RlN3ck82eXF2ZE9sQXczRFpsMS9SQ05kL1pTOVAwOWx3TWtWUHhsTFdQellMUjFpVEZRbSs3Z2dDSXZzNUhjSlQzMUlOVUVWRGF1Nml1K3k3ZTh2UDk5MTVESGc9PQ==,2025-12-01 00:00:00+00,infografis
f229fbc2-dcc1-495d-8fbd-48862dddece1,"November 2025 Kota Malang Inflasi YoY 2,71 persen",view_pdf,https://webapi.bps.go.id/cover.php?f=VDj8zC3qv6OMbO7RJyhl+jRqc2ZXZStLUEdnMnF1QTN3dlVSa0RsV01Xd3d4Tk11c01TQi9Femh4cE9WMFVhNVllYlRwUys5V2hJdGk0YnJYSnIrQzhCNXhGRy9SU3prZnZtcUxnPT0=,https://webapi.bps.go.id/download.php?f=ZbQuMKf9p2LMLRuwomiy9Ulsa0lFSlVFVzZNcllqRTZ2Y1lENDI0bElYOHYrcWtMc05rRTFERGhtWm5VM0dKQU5JUzQ2VkdIRHhQT25maGRyL0RyR2p4dFVzdU9UVGVXQlJwcmsyVTJ4WUdKVkFhUmU0U2o5ZjZaVmplc0JUeVIwdktYTkhQd2lEazB2WmxCVDc0NFFTOUNwd09uWHQ4RjdBU1dIU1dMOSs1b2V6MDFTd09wWitDR1l4U2F4ZWVVbGx3Z01SRjg3bWU0dHNZKw==,2025-12-01 00:00:00+00,brs
f327ff06-d8ce-4b20-93c3-3f9d9eb7c577,Inflasi Agustus 2021,download_file,https://webapi.bps.go.id/cover.php?f=y5A1ulmIpY6f0Q8o5FGo8Fl4cFJENjh4cFBLYU9uRTRQanVYd09GRXQvd0N5UXpSMzhYQlhxQW5BTGI1S0F3c0ZpZ2NLcFNLVzBEY0ZuZ0I5eWJZeGl5OWE5dUtmV21XSmJzL044eXJNYWhMbWoxcDBLK3ZYVGEwV1FNPQ==,https://webapi.bps.go.id/download.php?f=paPgL6SxCBYFKSzs4OdMhTRBcmpzRFp1b04rMTBRNkxSUytmczFqL0R2aFo1TldTSVR1Qk0zUFJFZWowWGdDZHJ2My91dUExWU9saEwvbVRuVVZlZTZzSmJ0MGxpdnd1YVc2NFlxaDV3OU1mc0pmbTZHL0dWb3kyZ3VUMEY3ejlTVlROcllXWW9ETzdyYzl0NVQ3STJlZHBSNURadVRJa0FJZHE0ZDZFZnp4M3Nzc0UzNU00RUpweUNrSnhWdHlUR3Z0ZkkvVDMwOXpNUGZnSw==,2021-01-01 00:00:00+00,infografis
f36973e1-7fbc-4b2c-89f9-50dd94be2c16,Kecamatan Blimbing Dalam Angka 2025,view_pdf,https://webapi.bps.go.id/cover.php?f=heYnGg8JWcqDz4tkr5s0NVAvclM4UWx2RnduamszY2ZackwyeXZhOWttVk9jcGozUkcxNG4zd1FWejdvRjZ6a3RvSEdTc1RjRlkwdkhWcWEzODFOcSt5NGtiQmdkMHU2M0FiQ2xlRzUxbVFTeldrVVMxRTdxVDZ3c0E0cFVDOUQremZqMVNKaFpwL0xtSmtX,https://webapi.bps.go.id/download.php?f=92byurHATS/PA2i3Yqtol2hKMk9LdmVTRnFCaXE0d2ZkdzZUbDFFdVFTRWJCMFI4dEN5UEFDYWZzUTVwRTdIcXZNdCt1STZsK2dleUhlcW93cmQvT0lxbG4vYXdEZytuZlk5Y2JyZ2NkUmdMNk5EKzZWK3l0R0UzU2NieEE5NVBZZGVXMzJkWGU4aGZhNTVYMGJGNlZWVlcrSG9tRnppUGNMdTkxZURJSjNoay9ieGhwQllrTjhkQk9aaHlPWm5LdFZITnd0d2xCZzlmdUNPMEFrOUdudDVWZUpSWGFzWkZrYzIxUGtHTUFFWXFYUEl6emExWVRLQnIyZm1vUzM2LzFtVFRWaTYyYlJQS0hpL1c=,2025-09-26 00:00:00+00,publikasi
f37425a0-0724-422c-b353-d31524d09d79,Direktori Perusahaan Industri Besar dan Sedang Kota Malang 2021,view_pdf,https://webapi.bps.go.id/cover.php?f=Cxhlx+jKO+S150yyPLs45mJ1WjFMTzlhVUh3blAxNktMU3NIVlgzclE2UUFwUGVWaFJqdEtnSmY5VURrQ0RlZnkyZUF2WmhTTmkxMmMxV05xODQvMDgxVVNXcWpnSEIra2tqS010Qkx1VWszTFpYU21uSnpZdjJJZGlkZWhwUDlQcFRlbXRYQlNLbXpWd2FJ,https://webapi.bps.go.id/download.php?f=rOiVSS62iaCOHclL5yIDp2dieEw4djd3aThnUnAwTkV4aW92aStmS1daWkFDSkFDeHRHVU1nYjlMem9oekhXT1NRWWhYZ0JRZEpZWDk1ejNKT0wzU0Q2OW1DNUJIQ3NSdWNjODkrZk94Z2F5TmVJMnJ1RkJqRWtQRHFrT1dmaUhxb0hFWW5LR3JoVkFkNmJQdnZBOU0xNkZBV1dLdVVnZHFtRWg0ZzBMajJ0RlBiKzdTU2NRenJEY3lCOHNEa09GS240VzFEaTFmZElpaWQwcHppVEtaWXBCRWtJYm5QREpuUEFONWVWdm4rZkF5QjhKVXBHWjRvQUxrSTQ2UlprZ1FQWGJBcVhsaGJkdjBWSEd3cEdhN2tVdkgyR3pJTTBnNUhBaXlKRHljQlF6cWlIU1VXemdHek1zQXVVPQ==,2022-02-15 00:00:00+00,publikasi
f3b9892e-65be-4349-af9b-78ba97a7c76d,Perkembangan Indeks Harga Konsumen/Inflasi December 2014,view_pdf,https://webapi.bps.go.id/cover.php?f=2biPzp/X/F53D+FO03uuRFB1c0lsZVpBODNUKzg4NVJhZjZJQzFFUWtSL21CcU5TYUNJR01BYlRiMFN6RGxVeHBUVHpCWGNzdmp6cjhMK2tkNkRROXJWZWJkRUFWMHVQZzhxTlJBPT0=,https://webapi.bps.go.id/download.php?f=A+RbQYb6HLk8639WrS+j6kJPQUVxTkNtYkJLTjF4SjlKQlpxOHBTMWl3dFpKa3F0S3FxQS9BOWNnWXY0TDhIRnl5dkM1RWdhTDljejBxY280RTN0Q0JJK3E1bWNyTmQzSlk4USs2NXFuTXo3Yk93NU5PMWVCMENoTTRMdW9CcnEzbDVyenBhL0dSc1Jxd0E2U0lub0trMFV6S0NyVzREODdsNVlLcHV3WmF6QjNTQXEwdEtOSlppS1VNL1d5dVFvU2hWdFdCTkM2Mkgxdmt2YVR0NnVtdDFSYktuYm5hNGZvMWd4Vms2RW1DdVo3Z0hRbmNTT0IvSUdQZUppU0luUFluZmZaVVdQYmFCeDE2WWVYTlhMOTN2TndCZGJZdCtBT3M0aFV3M2N3MnlNeGNnWXh3VUM3RUkrcEJJRXBBanoybStRMTVvOXNyZkEzZGZRVURUYWIyVlZId1dDcFJWbHoyeHArTzdKVE1QcTYvYmg2UElhRE9kcklIdituMjVLU2J6dFpaSUxucSs4OFpTenMraUk2Q2JVTnFYeStFWGdHV05IcUE9PQ==,2015-01-02 00:00:00+00,brs
f3d496fc-8331-4454-8cbf-39d257d09504,"Desember 2025 Kota Malang Inflasi YoY 2,81 persen",view_pdf,https://webapi.bps.go.id/cover.php?f=DCpBfjGXip69JWrGRSVbYjFRNjUyMmlTSkJhTHhKczFBN3Y5dVlSU2hvaTRvWkpXZkNmS1BlVXlsRHBUMGJQWkRqWTJBWlVQZndtb3QyTHZiSVhQNzZYanl2NGViMm52alFXOTFRPT0=,https://webapi.bps.go.id/download.php?f=WILFuXA5RzB5+HWfh8YPsjdBZ3JnTjNtSWc3dVpRckZGY3dpQ0dTZkIvMm4weHRucjJGWjBiTTdJZDMybDRaTzZ3aG5UNjhsQ3JBZXZCQ3lNak9xUUR3cDJ0ekJNMXJjREpjUzNucER0Y0ZEdTlGMmkwc3Q0TGRUdGR1ZG01QmU0R2JxUmt5SVhGUmoyaElMNjBxNDdwNmJEQk1JL2c0WlkvMzdvSVQyYU9VSWRnS2sxbzZHVGFoVUl1VU5KNkJyYVRNZmJkMHQrWllDRW5iWA==,2026-01-05 00:00:00+00,brs
f4aa76e7-aa80-4b7a-8e4b-6dd82a790a3f,Kecamatan Kedungkandang Dalam Angka 2019,view_pdf,https://webapi.bps.go.id/cover.php?f=9AdK/98+91f1OVZonPK4XFl6dGhRWHQvNWcwbmozS3A1ckxTK0daZkJ6OW42YmNUMWRlaU5NVlhKWWdpTTY2MjM2NzMrVmhPZFdha3BxRjVaZEhaeTBCazduOFdwbnhxUHZOSHNNNmQ4cjJ5NHFDWCtscFJia3RzRUhxYy9YZ1psaG94OGZXSThWZ3Jlampo,https://webapi.bps.go.id/download.php?f=F3TGZxjjiJGlF+6UK2jMTkxBMmc4WVFlSk9TR2lLbDhmRVBqUklaVnRyeXRZTHo4T3VhY2FiWjQ4Rnp6a2FkNEUvTDNMNlRHY2g5VUkvd1hlNFlqZGVnVlZTTGpSK0hDUDIzMVVjbnAweC92SFdvOW9FQ29WdzF5dnRXYk9aa3o3WlpySVFmT2dLQTR6elZlSTJNNUVlcDlDSWJvL3pqR0pueXFNRUUrT3hwTVFmK3hJUzhmTjBKOU41R0hMTlpqOW85VHR3cVdNaDFNditvTTZpQ0RLUEhtUUVBdng4cmhBV1QxWldjeW83dVY5Z2lKelRScG5zVUFSRjlaeU9ZUVRQRDd4MlA4SFBhSnJYSGVqeFppSmJnTjM0VG96S2s3ZDUyQm9BPT0=,2019-09-26 00:00:00+00,publikasi
f4ae8d87-6e4f-406a-aa7c-380c467baad6,"Pada Bulan Maret 2025 Inflasi Year on Year (y-on-y) Kota Malang sebesar 0,49 persen",view_pdf,https://webapi.bps.go.id/cover.php?f=EQmuAykvzRtxGVKsn9WIkGwrc09aem81elNxamwyQyttM2E3WWhvb0ZydnB5T0pwamRsemczN0JTeEJhaHpnNFFlaTUyNWoxZjVtdTFNTGxuZzluenRSdG53YS9NWjlROVJ1b2JRPT0=,https://webapi.bps.go.id/download.php?f=iKAGiuUKt/FWHghPCJu0421jYzNaUXN0QkdaR2syUGp3TWs3R3Q2YnZ3ZWg2c2RHSHRNa1ZobFpadEt3OFgweWx5ODd3aXlWM1RqZDdYREsvaDJneCtMZWhuZHhZUk5xZUxPTmNJZUNPbmxJbmExdjZQcTBHeDR1R1p5Z2gxd3pCS085aU55NHJhMEpkNXdhTFZlMWtXOURseEJYZE1xVWJqNW5xSlQ4OHBZaThoOUFnRjNCdm5aR1kxb29ERDVsRjBUcmRVVmkyTHYwNGFGRURWdUxUcCtPMnhqalhQRWRHODFlY0tGK2ZaU2x5QlMxZjB1dTNhVkk0YkVHZGtGZURrY3A0Z2hvYnpqQXRvZjk=,2025-04-08 00:00:00+00,brs
f4db29e8-5cee-444e-bc4b-118c84ee4251,Perkembangan Indeks Harga Konsumen/Inflasi Pebruari 2013,view_pdf,https://webapi.bps.go.id/cover.php?f=o9Vj0hgTg0KuMUFaOY+mbTdDbVNJdk5oNnU3am5ZbFVCM3J4bG04eTJ6T0llSEZBaGZPSFppMm5lWFdaVDRuSnVBMC9VVFRpUXdZMkxIZzczSyt4Zk9KUlRQNUJzYnlQVTR0bG93PT0=,https://webapi.bps.go.id/download.php?f=XCWgIXYh/RYUXS4i1KpAIkxydmhUNzk2MlhyK0x5ZUh0WWlOdWZ6YUFJK2IwZjlLN3ZYMEN1T2kxcTI4WEhVSERGSFpNQTRmV1dQMUVjN0RmbjZMUmV2Q2xiWU9JTWhWZ2NUVzdzM0hUWWNOR2dYUmRrREp2aFVyVnNZSGhFbDM4SjFIUVVlM3FUY3lOc3VUMEE2TFQ0OWZCMnFxVnBlWnhBT1hIc0laSU9FUUl3YlpMRTg5SlUxU09qc0t2dHBLQnNaSytCby84VncxNnhQaUJvbHhoTVVjbytJT3ZqaE5pMml6VFNTQ1VjU3BuUlhFbUVnekNHay85SExmUXFBcEU5bzBPV1Z6OGxjYmp4dmZRTnhKWjkwU3hjZGF4MWVwekcwTWY1RWZtS3gzQXpDVHk0ZEZYSXk0YkJvWnQyRWpOUDlTTHpVTlBHMk43c1VTK0NQT3YwUGpTSHVCaFBzV0VWRmRDNHFFdFROeTZYbnUrV2lTakU2MHoyRXZUN1dKUGMzWWtXV3JiRUxVRDkzZw==,2013-03-01 00:00:00+00,brs
f4f431ef-a9be-4333-a0b7-662682e8050b,Perkembangan Indeks Harga Konsumen/Inflasi Maret  2014,view_pdf,https://webapi.bps.go.id/cover.php?f=3iFMQP+gkNkTBP6FwuoD0ThxWDJNK1VadlB2cmRqdWhmTHM3UkhpTDBJalB4WEtQZ2lGTkorUG1HNGQ2M3ZuVk1FaEM0WllsTG1IKzNXdmEwczRybldHcjA3TEFrZXNzVzgwUkx3PT0=,https://webapi.bps.go.id/download.php?f=PithGkv3UVmYjV/5rN9sx3NyNDdqZml2MjNOQm9LeDNHQjYrOGRkbjZUNDNlazlhRWNXeUpDemE2MUVGY2F0OU1QeTcvR2JoUC8yMGhDK3N4dTk5QnNiM3ZtM3YzV0k1b3lKY0FQNDlIYVpNa3IzMDlrd3gyOUw4cVNtelBwM3JlOTRrYzlWVW1LWkVVRFVjcWpnZGZINzY4U3NrVzdmbmMxdUtEUGI4YXZHb2ZnMURYazVOWUY2eklwUFc0Y1duWlJHc2pPcHRWbWxJWWEzNllwakU5ZVlZYUFZNFhvbENJZmEyVzFybGJRYjc0WFY0YzY0TGJTYlhGTHpwc1o5MWZ3aHM5ZFU4eXpPQlByYU9GSFNXc3kxUDhkWFBBalZMVVBGdm14K1oxRUFEZzNKaWVCR2E3Q1hYTTM1YnpiVHlpZzNLb2h4RmxZWkpKYTg2SzBmZXpWUUZLWUkwQlg3VE42S2FNY0Nic05MK1BGYmdLeEhiTHRDRU5UOWRxb1kzcmZZYlcydnVrM0J5a0FOQg==,2014-04-01 00:00:00+00,brs
f51039a3-ace4-4f0b-b806-de13f7b4cf25,Statistik daerah Kecamatan Klojen 2011,view_pdf,https://webapi.bps.go.id/cover.php?f=rKtPEKCTKB6Y+7fjnzC7ZHVia25MWGpIaFlIWXV5M2NVQUZHR1ZucFFtOXIxaTdYL3V0STNPazYxaDdqQWVCdFlxeEVNZmpNc0pGbkg4ZGlvQ3RpTlpiQldHVmpKanFDREFycHNtd1h2QWNNZzhWUHlhWlVFS20xalp5L2VHdmozUFRTMHh6S0NWTnlkODZD,https://webapi.bps.go.id/download.php?f=L/1P2318zLaA1JfaIZEnh2FBQzJPMWpmZFdBcFVVaGhPNHgrZ2NhbDU2VmFZdkpKaFpQa2QzMFN1a3pXdVF1R1poZWtmalZPeFlQNjdrUGRnWDBPcmhNOFZEOFhjaVVHeU5ZRFR5Vm1TZCtmTXBFc0R2QXFtbTVOamtkM3ZEY3lRbVliSFhzVVlFZ2szM2JLcXRxbXBweHRFNGk4R0FvNnlOQmMzMklDdzhkWTByMG5RS0tieEVaNHJaUnE3MFpyYm5BM2U1dVRheHJIazNYa3J1MnVhMmVkREJxeVpDcy9hUDNCZHVkUWpocWFWeUtzSDhZK3RSZFh4VVNRZ2RQRFhoSmNDTWRDSzJPY0NVVWY=,2012-01-12 00:00:00+00,publikasi
f5177fae-3002-4844-b05b-3d386c9d2386,Statistik daerah Kecamatan Lowokwaru 2011,view_pdf,https://webapi.bps.go.id/cover.php?f=t88okoVxxD/MyDVkZy1VxlpRdHlQeXdQNnl5NFBkMUJiMDlpbkhVWWRHSTlQMlBYRW9DVU4wMzRMd1lYMU8zanlZUmZ5L0tlWjM3RmlwZ2Z5SnFqOXg5SmVQL0NSb3NFY1V2dHA4MGk4eHJQNTRpRHB2aklvQUJlUlBFQWpQcUhVN0djRk5ZUFpwN2txRU5P,https://webapi.bps.go.id/download.php?f=3HypzsOX96p3Xd8Cpq1DLkJSZlg1cTIxNFlveVN0ajhMQ2FIMFpaM1duWEpPZ2FYOTRVU240eXNJa1BmbTVqZCs1UEcyaStkeVZ0MGIxZDh0T3V4aWFxc3FuYkRHVnNZeUVxOExTMGNXMUxoaFBSaXhpNUFWYzBXd2YvMm9RZFQ0TVVUdnNDOXFkNU16L0RzaEJ0QUVWbEVNczJJa1Y5M1hxTWhFREZZZk9Ld25yTjJaaDErbHRlV05XcW5RN1VrQTUyUlNwOG92ZXZrd0xEVDZOZFYwdG5INEdjdmZJd0V6T0Z3eUNaVi9SaTdpbnFjQnhtdm4vZDdraElFcGFGdmtqNVBBRGRlL3JJTjY0YnpxVWVjMnpMQWJNTnlnQkI3VzkrbVpnPT0=,2012-01-12 00:00:00+00,publikasi
f51c96ad-83e1-4625-82e7-5df5ed881439,Pariwisata Oktober 2022 Kota Malang,download_file,https://webapi.bps.go.id/cover.php?f=EJFLamlPskpZBVAMYgU6f1g4eEhMS1NBM0ZzbCtOOTlVUHE5N2s5aG5EbDVNazRod1NyYk5HbFF0a3hzTFkzY3A3S3hacnc0WEcydUxHRDBDWHliYklxRWtrdU1DMnJteW5tSTBrdTdBZDRTckVPbVQ0YVdWZWg4Qk1aQi9CV3M4QzJxNU5BS2p1V3RhMjQv,https://webapi.bps.go.id/download.php?f=PcNTtaRCgDNvjyxNFhM0Q05GYWs3R3pMZGwzRmRMbGJnblFzUW1LZW9ncjZNajk3NzNFaFJ6NzJlWU1Ha0N5U3ZlVHVrQ3RmS05sdkZGZHZhcG9VNjBhVmoxb0ptOFY0UFVRRjNWRmxmOXF4L1hEQ2xyTC9lTm4wWFRFem5McG1uS2M2SzlqU095dXFseXEyb1hGbkxhMEdNN24yVmtaM3N3YzRUYVM2MlFQMmNybEF1bURFM21NY01rb0F5ZEZQbSt1eTZyMW1BakZ3Rlk5YnlvOFlENitkcGFuT2Nwb1J4Nyt5RWpjQ21VdHdqNlVDeGtsOGhuSFY4ZmM9,2022-12-01 00:00:00+00,infografis
f53c4828-d058-4aa3-8166-e057f07d50c4,"Pada Bulan Agustus 2025, Tingkat Penghunian Kamar (TPK) Hotel di Kota Malang mencapai 50,15 persen",view_pdf,https://webapi.bps.go.id/cover.php?f=Nb6JwQGwrSX3TCfpbCkCFlhkbitFYldWNkJDanppWk1ka3VlVEhXUXMrRjU3dDdlaGV5VCtZV3ZlK1JYYjFIUTFlMWlva0s3Q05zaDF6S1JxVFMrQ1QzWkc1b1RuWXd6YkNZVmxRPT0=,https://webapi.bps.go.id/download.php?f=fmT0QF6unwokK1tpL5N3wi91V0dXTDlYK3VJUXFtRkd6akNkY1NRUXZjblJaNDB4KytIN1grVzVCYkExb0NuZnhBOGJUVVhRQnp2ZGlVYTVMSDU4RE1kWFJtUlV4QzE2NE43N25ZdnF5bUZUVU1QVWZHdzBFY3dRWjF6MEZ0Yys4S3czbk1yYXpEUVJITXhIblRNd0NLem40dTZNQ3djTi8zWGh5bXl6RnowNXB2dWFtUVkwd0pUNHRLV21DbTE5OWYwM1EvK21ZbXJOaUxrdlpDWGlWOEt5dG1hMTA2SFgrV0Z2d0RBS0NHUEwxcXB2Q3hsV0l2ZGhnZGs0Mm80bGlEV2JXTlRrT3hacTFxbFo=,2025-10-01 00:00:00+00,brs
f57c1279-892d-4dea-a08d-ba97b799e954,"Juni 2021 Kota Malang Mengalami Inflasi Sebesar 0,08 Persen",view_pdf,https://webapi.bps.go.id/cover.php?f=PF5Nd5XGs0RNd/F0XXPnJFplMEJRb3kzbWJ3T0dVRkpUNEJ3bmY1T3RtZHJXRVBGaklGT1lOb3h5dUtnOTV3UkZXOU15QVBXK3BWajhaaWFmYVRjM0JDNEwyYzUwdWxGcVNEWEtHK2dWNHN4cm9rczhPZ29SQytZMGgwPQ==,https://webapi.bps.go.id/download.php?f=GEJRtRTj9ZsBL9nRCjTFv25IZW4yV2pHaWNUSlM1MjNGRm1nKzBySVo4d3VHVEZTWFl0alprRCsyNGhTNWRCY3dweDlnNmlzQzFLdFVkU0tJQUcwRVlnaHptRVpTVjFlY2c5Z1hSNEN2MFN0ZVdsN2hpV29JZnNUSEhTWDYySlFzbzRDVWhSNkxzR0NUWmxYZkgwVkl5QzluWlpLYjAyYWdJQUl5bTA1REtoOEZyOUl0Z0xudG02V2MyUUJrTFQ5cHBCOHB3ZlJFUFNQeWY4eFZteGZjSDFmS09hT2xDanp5V3BySjZOejI1QitTTGVHektXQWpZcEFtMjNtTWkySWQyWkowYUVvMHcxUFVtbktPQ1NZZHRlaDhPdTQreGp4TXRzRFFIVnJ5MHprRTB5Wk00Yk5XdEdIR1N2NGRTK1hvUlgvaFdqTlNUb2NKN0xxcTVCeTBSS0ZWV1VhVjRCTkRxd3hpZVB1ZjRINkw4UVpETUplQkNRb3pzbEJ5SEZHcmpPMjA1cDdWVGpnQUdJWDV4WnJ2SW50bC9FUnBJTnIwVTZ0Q2c9PQ==,2021-07-01 00:00:00+00,brs
f584a30e-0949-4117-9f48-1469eec0b6ab,Kecamatan Klojen Dalam Angka 1998,view_pdf,https://webapi.bps.go.id/cover.php?f=mD8q4l81nrWx9ADz/a9qmXRCM0lkSHVXdi92aEJVclRxOXlkM3dtWHRaZkF0NUNGbmVzUUlUWkc4RmQwblRnN0Vjek4zb3ZDUnVKeWpDd1BSUEYxZFJDbno5Vm9vczhDa1hqZnVHc1llbnF2dGc2TTVDRFBWQi9qa3lOSVYvUk5ZVkZLTGwwTEdLbElkSmt6,https://webapi.bps.go.id/download.php?f=wp03HTYUVGj3RMKhR2yFFDRoU2VzYlE4S2pBRnVNZFZhQWovVlVvK3JyamFDK3J4T2dtNlNzMG5FRXBwVzlCNmVneGNlNEJFUHJFVE45T2MrS3Q5NHdERy83NGp0MUJ0TXUySHdxOXkwNlVGTmEwSjNxUi9aQTM1UTU0cm5sWGNQRSsyTDM4RUFlMzJOcTRqbHI0b1R1SUMwcUlTQXhVNko3TGdaaW0zeE5KN1VYenJxRFhMaXpjS0g5MDArQldvK2hzU1prd2tEUVBGOWQxaWZhVWNGVVlPczMvNnJsNUdQZW5Ob3FWbWo4TlkyWE0zaDB5bkZFTlZHUWxBTWMwT2ZFaXlWZm5vTWErMGk5eCs=,1999-12-10 00:00:00+00,publikasi
f5a1e923-98cc-431d-833a-31b1938a9e7c,"Keadaan Ketenagakerjaan Kota Malang, Agustus 2020",view_pdf,https://webapi.bps.go.id/cover.php?f=6bVV0znZm8ob3+23A/t0eDdoSnBzUjZRU3RoOFdSdjhvcyttU2FPczY3MUlWTHREUE9KM0xwcDhpcS9mVG9YR2p4elVsdW5FV2xjVDdONzR1TkIvdkNKa3cxZDZSK1owYXQrS08zbjJiaWpqa2N6S25ra3Znekk3ME5OOWkxcFRrcktVS28vTGdFeHJlTStqcERxT3NCbWs3Q3hWamZ6dW1Weld6Zz09,https://webapi.bps.go.id/download.php?f=f9iFxwiy8v0CjXKAdWWXx0tYLzk5b2k2eWd6VzdaRFVrZFhkdEVFdC94RUhBK0NsZGVGc2ZGRk1TMENQK1UrNDNPeVR4QmdDMXJtVzE5YXU2R2ErTklGY1llMXVsTXRIVS9PVWt6Uk1GV0lSYjlDRzFFVXQwUlRkZVJNZUJwbUJsYm9lNVBxblRkbG10aUxjTy9Zd1RtNnBqU1N1N1FTd2NxUXdMUnc2WTVQQVk0U25MVFl2M1FER1lic1dEK0RCWUJHemNxbkVsZWdaSjc2ejQ1VWFUVUZ0R1JPRU1hbjE1YnY4VEtjRHlaSnZmRllDenFjRVhyUmRGMzExNXdkV3NVN2t1NkMxNHpOQmVBYm1wNkV3b01IQUhZMldGNnVCVnlGNmhRVXI1aklXOFhZZ1NDVDIxZmN1SkJ3NEdmYWl6c2Mvckt4SlpvMFlNblF1ZFYyWWhUbmNlUFcxWi9GOGFNeWRWK1lrNWhLcXVaQ1hwblFGY0trNEl5Q2h4MDlEOXlDS1VlNG4remZRUS9UZQ==,2020-12-01 00:00:00+00,brs
f64328bc-2bc2-473b-8b56-c4b6ef77b576,Kecamatan Kedungkandang Dalam Angka 1996,view_pdf,https://webapi.bps.go.id/cover.php?f=YlEiacntT5wMwu+2nW7ECVFlL01JUHIydWYwUlNLd0x1K3gvQVB5bTFkbUdIbFFoa0MzTllOa0JEYi9mbzZQckptbG5sMnpxaHFZbksrR2hhMTdFNlNXdzlpNElNanlFYTlpRW5hSVBTWVZhWHFBZXR6M3BKYUt3a1E0OERudGt1Ykd1dHpoMm04MVFXZC8w,https://webapi.bps.go.id/download.php?f=0cWZtS+J/7WE8enkUfW3rUVNOXVHNFlmS1BEYVVUWWJlclAwL29FaHVrVHNJcGd3MHlVUk1TVm56TUVkY25yZ3U3Ylp4QVBPV0ZTN0xWV1BVUi9McFpJbjBXcTl0ZW5ueFREOU1hWU5TQVhFRU9IQXNVdUp1Mlg3YUF6WEg3Qmk5ZkNRZ3YwRkxYT21mSjEvVVE2OVhlK0dSV2lkb1lsdFlYMVdoUmhoQTdxTTJrS2Zyb0xSVnF2VWZnOS9VOVVRbU1iN2RWSEx3MjFQbnJpSml5U0trQ3lncFRUYldDaHFTeVpOYW90M2U5c3VZRllGdEZqcXhNN0xEMTN3K3MvOTg3L0hWUTgzSkl5SGFiYVcvejVtNmgrTlBLY0NpWFhsL2dvc3VnPT0=,1996-03-08 00:00:00+00,publikasi
f6a652c8-1084-4c63-ae33-baf3a02f3a35,Infografis BRS September 2020,download_file,https://webapi.bps.go.id/cover.php?f=LBXHfDkphmcfyXUzvnHZEkNENGZYN1pXbkNiRTBKeXdGaUFnMFFrd1o4aHA4Q2NjazZOWWxRL1FCMUdkU3loZlZtQUFFdG9TSTA1aVNWSHkzS0RwV2V3VlQxZE1NSVZaWDVWQk5QQmVJMzdiRjV4dmpoOXRNQUpmU0JlRFRuc21CQnpwR1liaTVzVWlydmhN,https://webapi.bps.go.id/download.php?f=GW+aZMUDZ5z/9Ay45jIqOXYvek1BdXZnYlcyK3hQZ0wydXgvV2Q1Um5UcGs5M1ljM3N5NW1OalR6c2R3cktpRG1FQWY2bTEvNC9Ha3I3Q29KYTFwVlkyS1JkYjUxSWt3cjhHNFFDbUwyTVJQR1VZZlVDWmU0SGNrRzdnMXhWcDlJRnZsZUpYYmhQa00vQy9jRmdEbkU1cEdXNjBLdGRpQXVxSTRxNEhGQktxSzd6RHo2b3IydVBwdElzWTFCcktHNTlSK2VFMFBWeGJuUHcreWFuWi9QK2RNOXc1eVJCdlFJb1FXQ2c9PQ==,2020-10-01 00:00:00+00,infografis
f6c8dd8d-083c-49e6-9c54-d981da0d4b1b,Pertumbuhan Ekonomi Kota Malang Tahun 2022,view_pdf,https://webapi.bps.go.id/cover.php?f=zQjJ87r0EGWz4ce45lu2d2pDYXpEUnlzVFhQaS9DZzIwcEg5dlVCaHc4bzJYdWx2T2Jud0c0WkY4WXVxKzlieDl2Z1c5MjU3dUFZMXhpOHNCcDlFWDlJUHlhMmRDbER1U3NIUXZRPT0=,https://webapi.bps.go.id/download.php?f=xn0jnuayo0lRbhrAu2fG+XhVWEQyS21HOEN1NmJJSjRQa2toWlpFblZvUnJkTFpoZU84T2h5NHFFdkZFa1Q2ZjYvbU9WTFlSWWE4bm03MkxxbDBmMk5MV0FFN1NYZGNiSnZCWmFlMCtySVdaTUUyWHRkR05oam9FSjY4Rm1sbm9vVGdqcVU4UUc1dyt0V3ByVEp1TmZ3aUxnNFQvaWdFbDJQZUw3RjhsdXlQRktjN2o0WTBMQ09CSVhRNVVCRDdNSTI1Zys0bG9yMHpwODhQM1ZVV24zWUlNOUkzbnNTWDk4T3NuVmtpMHR2VThvNVNCMG1Cc2hPcDRHR3EweHFQTFhnbGZWc013UXo3ZjZUTlBnNnFhMThycU9JQTlyTHBjSzV1bk0yZEdpaGZTei8wVTZXK0JtOEtjc3lIb2pFdlVlZTI5WU9NcTk1UTBERTFMeGRsZS9rZytRQUdIMnZmQnMzLzRZU0d2U0o5R2sxWXFManFCc0psNnIwb1h1N0JNVzM1ZU1OZnUxQXVYS3lIeA==,2023-03-01 00:00:00+00,brs
f6cac0fe-0d16-4f43-9936-afb5722f6f5d,"Produk Domestik Regional Bruto Kota Malang Tahun Dasar 2000, 2009-2010",view_pdf,https://webapi.bps.go.id/cover.php?f=Alybe7/xZeIOH88sU9ALYThiV1MvNjd6ZFA4UklUQ3NKelNxZUt2dm55OTlRWnQxYlp0MXpLOFhqOUZRUFZseEN3WlpQOFdBamNyY1RTUTM0eHlkT3ZPMXZWZDNtbUxLUWhqNnc4T21tZ2ZrbHQ4RWY3WnN4ZHNKS1REQytKcXI5Vi9GQWtNcVYvRTQ1NXV4,https://webapi.bps.go.id/download.php?f=dwUjW3CW3niianVRPQ1f3kVQNTJ0N0IvNHhuOWVVRWoxVWFRbVlZSHlObGFha1BPOGVJMlBKSGcwWW1yOVFnbEQ1Mjl1Wkd5VzluVnhjcFdsY1RDczlIU29mZUtGdWdnQ3ZWVE8wZkZPQlg2ZDZ4MmEvTWYySHBYS0pIeWc4TXpZaXc2V3pEbDVFdlEzNzl0ZFNvclE0djFpZi9UckZSOWpIZ3JtUHRyVittWlNONXdSOXZ4RzNjNG95Q2p0dVFqeW5iQzhHcmhuRTgvaWhrcjVlWW5wUDFvU0pQVnk3aHpweGZCZVU0blBiWlV0RjBnVmpzUTcrZlR2V3hDVVlqS3pqSzQ1THlzOXo5c2NDSFpZVTF4VVR2TjVrNHVBRzh6UFl1T054eXY4Q3BlYnZCSlRNZmFqTXBQUmZrPQ==,2011-11-16 00:00:00+00,publikasi
f7a5acff-a333-4215-b00d-54a8e3e7d48e,"Perkembangan Inflasi Kota Malang, Februari 2023",download_file,https://webapi.bps.go.id/cover.php?f=FKzMCaQX5Ki4/aQsw77ObGNacnhoT295Ny9GdkNIOFlmcHRFNXNjYlk0enBCeWpldFlTcDNrTVJHcXBNdmdNSlZtV2N5OWxjT1VGZkU4SnlOYmdDSmVxOHp0MzVPL3Y4Z003ZnJxODlqMVZ5ZmU3QnRRWk04dTFEWTloc1daK3d3dmRCcnBGeDVsK3l6RFdlQWdhbXhJT0lEdTdMMktaK2dHdzViZz09,https://webapi.bps.go.id/download.php?f=1SxOBNcrLfaXkDSdfmuhwFVSR3ZISkphbzJmWVFDTkRuYzdOZExKY3E2cy9vQVVmWkVJWWZ4OURsMGlKVjBrc21QWll6TzBob0pYR1dLUEthdTUzRklSSkVJbzlJSDlKTDBhckZsZHZqRS82cWpqR2RPUDRNOGpiMnUyRDlQOUpQM1RyQ1VteW9hL2JlaFpKZi92enZKRUI4dWVXWkhDaHJnSldwa2l5NDVaMGFqQjNtYVRVNXlhUitzTGtwRkNXK0Y4QzYxTUF1Z3RCdlQwZ0tLR0h6L2FrTmtKTWliSUxNeGxlamNXQmZwMlk4Z1hXczZZVFU4aFBUMmNJcHpTRWY2eTJOdmIvaVRSQ1VDNUF3UnZ4bk5qWnBSUSswaU0zMVhvVjF3PT0=,2023-03-01 00:00:00+00,infografis
f95376bd-cf5f-455a-b8d3-06d87e8384be,Produk Domestik Regional Bruto Kota Malang 2011,view_pdf,https://webapi.bps.go.id/cover.php?f=HP+o0lSBtztKts4jSaf0iExMUUpMSjJKb1RmNEtoZXR4bXVDMk1uSk9xck1ET3hIcWl0Sk51OVBIODd0bWxpVXhLYjA2eVYvK0g3ZytnbWo2YS9OVGt1MkZVUjhmZ0lVQzVUM1g1Wmp5b2g2Z2I1ZlcwK2NJYlBEYXFkeXJwTVd4a0JnYTJEaEt1QjA0MnMx,https://webapi.bps.go.id/download.php?f=1aWCiDOiN+THuusxcMwEaEhvTFdOcU9lSXlXTGZ0Ykh4cU41Yk9Cdm5nUjhzcHcyV1pRNElCa3JLNWFmRGNaUzdXTFVDRDRiMmZsL3NraCt5aWUxUkptaytiWmhPYXlWRXRTc0NoYzdnUTNudEtWQ3V4WTRkZVhwd3NNMUtxK1JoTWFIRWpyd0ljSG9QYjdiTHo5ME5RMUZOMDBaWUlQR04xMUhTTHRZTUZMYWVYRFprZ3FaMVJpSllBR0xDUTRlYlZmbTQvcjhnVVpoZFd0VFRqMkFWQnE5U3dlM1ZSamphMzAxaHl4ZVVadzNEZ2swSTAxU0ZzeVBIbi8zcjhMcXN0Z1g5U2F0VnJBekg0WkEveEQ4UUxlTDFEZE1zVWEvMVhtNEh3PT0=,2011-07-11 00:00:00+00,publikasi
f9b4a0e3-af12-46f4-b134-688ad61352ef,Perkembangan Indeks Harga Konsumen/Inflasi Mei 2012,view_pdf,https://webapi.bps.go.id/cover.php?f=LR6McguHEwtVDSd3mmeRb21MamlUUEZXR3F2S0prT2JId0hiNGY4LzNDdkthT1Zyc0lLMmtxUnN5d2NHcTdBQkpEY2puUlhlamNwQ285U2VJdVM2alpJMjVCK1NSK0NVKzc5cVNBPT0=,https://webapi.bps.go.id/download.php?f=Vyi8PzR1pnK8TkEEENZEm2tqR3A2ZXRBbUdrTGFrbFRJYnVvdFF4MXFKYm84TDJ4Zyswd1hPNDk4Qk9MeDNra2hwYnFmb1l0NHlNcGY4NjJGM1dIYXd2TGRFWmdyNFN5Vmg0MG1yejlsVUgzMnYxYzVCekJXREVrZmpIaGk2ZUNrdXFaT1JDcWVibWRSTW9xVnoxR3YxMWVSUVM0QkNEK0UrWjlRL0tldEF0VG94b01pS1Y3U2JhaGFBbUtudUhldDdySytZWE5CeVF3WEgrWDBpMStLZWJCcldnUGRHUzlGZjFNYWpSQ29jaXJyU1dnQ0FhbW5FV0xrejV2ZWZ4bUpnTHdXMFFMdWgwU2pMd3JXeVE5QU93VXV0S2JwcVN2Vkl6SWw1UzMvM2tTVkpGQlRZVUd6anQrUmZHMHBlam9oVnFqaWk5V2diOHpaTUpiNmRqRGFhWkhzbURyTENVN1RaaHRiTU1hVnJNdmFTanpPNU1pU0hsMUw3aDd4VGlzUmlTZUowcXdRWXF1cEpoMQ==,2012-06-01 00:00:00+00,brs
fa1e3d1a-f417-497a-bc85-0535ed97d88e,"Perkembangan Indeks Harga Konsumen Kota Malang, Januari 2024",view_pdf,https://webapi.bps.go.id/cover.php?f=L0I7xsgQrIaB/RckQCmoWUdpT0U3bWF2OHIzcXlJK2tkSU02bXZMMWN3aFBXVFFOYWtZS0ZrRXBRUWxEb3dFSUlSdjhBVmlPSVRKUmo4Rm9MZVNpQWVGLy9JMTlXWkJvTGtpZDNpTTQrdURIUS9KOVVQTmlzVEV5c0krU3RKdmoycHZSdXFpK29OOWdyTTB4akR4L3dkRkwrUzJPdDNLaitGY3kyZz09,https://webapi.bps.go.id/download.php?f=z0a4QyGSjTaz+o110Hdkq0Nuay9Vb2oyRDNneVhmM1hEQ0swWXlTUjRWcjVDRkYxVlVYOVBXbkhwdFJXUTJpQjVNMlZSeStQajhFM2liUzdqdTFMVlA3V0lpWmFmZndnVjJuazAxZXJmOVd5NGJDK0E4Nk9JeFdoNlZ0ZEVCSXRNVVg2UndKNWdRTUtaVU5kRlRnV3pTZUhVYmNyQkU0SVEyL1hPb3pNUjJzdHFnWi81bXZOc1A1UUlWZllZWWxjRklZWFQ5eVNSclh3VnorcGZRbEs5Ymxpd2ZnY0hQS2tBNzZiSXoxZVl3UllETVM5WGl5dTJtbXBRZVhpYzRTejV0SVB2RDN1N0V5WUp3ay9sVjJYTUdNajZvUEl3b0JIaHpldjVzYi9YdTlaZWRYRXo2YTVUczI2emlsdHFxdTlmNnNaVW1Hb3hoSTVyM2tVc3dxbExCcHlUelFUYW1xR3M0Y0xsU240TzMzMFRNeHY2M2Z6ekNHWXlHdFp5Z2tUejJqRDBEOEY0MThoQXhYZnVFcThiYm8relRsS244cllENUFMdFE9PQ==,2024-02-01 00:00:00+00,brs
fa5887a6-36df-4504-acfb-9090004d53ba,Kota Malang Dalam Angka 1990,view_pdf,https://webapi.bps.go.id/cover.php?f=1oGLjnLRoto5sdqx+lDuOWJIWXhBMldsekVVRTN4ZlF6QlZhMjJKNGpqaFk1d1dqSFkrV2wzOUUyNUlIVXVpL09JSStUMERvYnZObmdFU1J1WVJWR0RLMjhHcmI0QS9hQ1VPK1hvb2dxem1jOFlLUU9VUWp0TWo1RHJ3Z1M1c09RcG1YZGZ6cHJzT0tHSHMr,https://webapi.bps.go.id/download.php?f=c5I6pyHStP+bgiMsEwO5hEU0Vzlicis3Um00NW01M282WlgrYVVVNGtlRlZtcUdNcTB1NHVxa3M1ZUxTd0xqenVsMHRXMzNWVTVRb1J1UDByMGhsTUdyakxMcFNCM1NwVzZHU0dQc0VnZVoyM2dobjU2TTNJY3pnUVoremhSdXhrZVBSRExyL2tCN2xDVjBGTTB1T29HcUtYaDBEaEt2YnB0RlZ1R01INnpzK0hoUmhtZGlIbTlPZWkwM2NyRGJuQWVBbjdkZ0ZwaVB2dENodHJuY2MxVTJMNmJwNWtXSlMrNDRpQ3k2U0M3M2xnUVJoT0xFUkRDa29FZUhKSnJBaDZCSVExbHRXcnlzeXNVaHQ=,1991-08-16 00:00:00+00,publikasi
fa5e4844-c54a-49ab-8675-73449bc9636e,Kota Malang Dalam Angka 1983,view_pdf,https://webapi.bps.go.id/cover.php?f=yYrPLpx4nPww6ZKKTN7mwXpHZERVSTgyZUR5amVqWnAvT0hWUlhYTnl0bnAyeWlhWUQ5cm9yY0hnQ29pMlZGS3g4ZmlNR2JicDQwbFZZL0NqK09laXVaclM5b3IwTmpTeDNVeVg4QVp6aVlXSkg4OXkraUQzcHhHQ3hwMGlUSlpqMDVRR3BrREllOUZ0eHdV,https://webapi.bps.go.id/download.php?f=L6ZHh5Z+J5y10LmH7ZwKaWsxeVVha2ZVR0pCc0tlSmgxREJtaStLUVRRQ1oyd0JmbVVwWlE2anRhQXBvS2lIa0t3YXdncDNRMVdFdk5Sdi9SZzlVMHpmMGNJU3dkQ0hVNTBvNTFsaUcrSzVqdFFJcy9seHlScmtCS3lSOWhOVEZ0RGNHNDNoR2RPYXdqWGI3OTkvL3gyR2MrL1NYL281Q2o1WkZWbjdqeUV2L2w5bDlEZ1RUcE1XNFlNYm9CZk5sODNwYUl3NmwzenMvcmlpL1lUTi9HRkNsUWZHU1FqcyswSUpsaXM0WGNLQ0QveDdkZlFYTjJ1V2NsaytwUWxLVGVpVUhsbHlhVEd5aWdwako=,1983-10-05 00:00:00+00,publikasi
fa6f526d-f220-4d87-a30b-8c45fc2bf8ee,PRODUK DOMESTIK REGIONAL BRUTO KOTA MALANG MENURUT LAPANGAN USAHA 2013 - 2017,view_pdf,https://webapi.bps.go.id/cover.php?f=RFu/qNlvlvyH0uX1RbjiaC9ZajJJVnorNUR6cXB2UWRvOFNmTlBTMnRERUVzUkg2QnM4SVp1Rk5lQU43U2RsZWdrZGthb2VBaTRIdyszWjhHMTNJNW5kM01oanFtOGxJZ2l1ZEQvSUk0RFozTXdjVW1wSTBYZFNlTGI0NnhMZlduUkJOdzZER25KM1hzRGVR,https://webapi.bps.go.id/download.php?f=gX7vUzcm83JeD2F+5z3CfXNOcWpnYlM5UGlwU0thNFF3NmFVdkVDNUI1bUUzQWxnU1htMGUyTHltRTQwTzhqZk55MWZ3QjZhZ3RUNUd1Wlkrb2VJWDQ2Nk82MDZNeDhBTHhlQkxuazBPdkl1ZW85RnRpdStucWx3ODNGZC85Z0x5cnR5VlBoRXQ5cWdHcWFzYjVzb1Iya0UxR0oydkRqVVVzWThUaDFNWHRHT3MvVXhycWRVaHFOK0wrNlMrTVd4czNDTE5kcnN5T29VL0g2RXRRRVNHMmZPNE5LaURaTHZoSkphWHRzaUlmQkNnOC9wSlNQNTd4RS9ISzdMbGw2THRXZlJldlRicmhOS3Jpei9EbjVjTW41dTFqcUZ1aGlEU2c3YnRpbWd2UjMwdjNDK2ZGemt5RU9KSEx2aDJEWG1iMmlxWHRIbzNiSVJHa3Zu,2018-08-22 00:00:00+00,publikasi
fb020197-67c9-49a8-b991-496f3fc21c92,Kota Malang Dalam Angka 1982,view_pdf,https://webapi.bps.go.id/cover.php?f=gnMxM3Ecfc4NmArLdj0n6m0vcnNZU1NvNDhJa0Ezbno0N1h0WjIyVGwwQVlLOGdyc1RLcDR2WnJMS2RGZFozZlBDb0NGSGRSSlpMMjN3TnROd1lKSUJhOXM0STVsc05aYVkzcjdmdzB6UVZ2clR5TFpvUGZydVc4WjlTWWo2Qk5UTmNCNEtVNTZhVi96UVAw,https://webapi.bps.go.id/download.php?f=GaIEFxTN4cMCZAYLYlIig1pDbmQzVUg3ZWhKM00ramk4c2luOEdvM01hS0lxQkdBZnJBSEZqWjdRUTlkMDFjc1R4OWRzK2pmVmdUeHZLZEhrMzNjcWx6d0J5Zkl6UUljUTdrUkE4ell1dWt3UWZOL3dGYlFDRGFLVkJKOUcvaUt5M3ZvMGdBNXVaVEdsV09Na1pXenpoRndIOU5tL3EwSi9vNFp4SEdGMTg5T1VXNWh5dGtydU1sWDArUE1DVEt1YU9zVGZINVJZcXFzNHBuVk95aDZGbW1pUjIwZ2puUTU1THc4SnZVcHFQeThUZ2IyVmZRT1kvcmgxWmUwWjRaZEFtZmVnTEE2em1mSHprbVg=,1983-11-30 00:00:00+00,publikasi
fb05265f-5cf4-4da3-88f9-175ce8e20557,TPK Hotel Kota Malang Januari-Februari : Fluktuatif di Awal Tahun 2025,view_pdf,https://webapi.bps.go.id/cover.php?f=LgH8NakdXn6u3E880iPQaUhHWmlCYmhEdHNXTlh6blJjMmZHWmJoQXhEQVpTaDNwY2Z3bkZPVWFVSlV1dE9HdlRTeVhQeFFFRXp4OE1ScUFyUUdEUFB6bHlGcDMvVjMvaDlyNzdRPT0=,https://webapi.bps.go.id/download.php?f=a/yHmxDyuamHGWOD+Pz2HzJBN3JGSkNmMk9GVWtXNFgxOE5rUi8rN1duN2pOWVMxUDFiZ2NVN0JORkU4MlFTUUFzQkhlc2lvN3l6VE9ST1FROXI5MVgyY3V4cGw4TUdOaTZ4TGtycnJLcUJDNVIxMG03L2JYSWQ4ZFFyL2ZPVGNvN21hV1BZdCtwelJFUjdTUzZMWTYzcGUrSU4rVi9Ob25mNHR5aFNGWENVdzFIWkY0MFRwVmVDNEVoSGtUdmZnQXlUeURuN3M1cURLR011bklSdGtCMHpHTENaQU0xZnc2SUw0S1NrdTQ2TUFjZkJaVzdvZ1VwMzd5Sm89,2025-04-08 00:00:00+00,brs
fb0a1ec8-27bd-497b-aa35-888a42be2453,Perkembangan Indeks Harga Konsumen / Inflasi Juni 2020,view_pdf,https://webapi.bps.go.id/cover.php?f=yUbvFMof82lH0JJcZLaTk3kzL0U2ZVR0QVZBcFdjZERkUEZEcWFFQ0FRVng5bFJsNS9xZDNhYlloTERVTzMxL05ZY0JSdjdRdk9welM0bWg2TXFGaXNMdFpPTWZQcVFsVFQ3Nkx3PT0=,https://webapi.bps.go.id/download.php?f=7ia9l68Ws/Dp455+3pwe0mRwdUNCZ3FVYS9hNVBETnRGWlVXcVZ3aEZNMnJ4UllpNUU5SE1UQXU2QmVld1g5YmdjNTEzM1FxR1FkRnNGd0Q3SVFJQjQ5RlVGdFhXNWpBUE1wenFFUUxIc1JJQ24xK01EZ3dvTUVOTHEyQ2hIZFN0RVVBMHZBdlpjRGFMclUwbkYzcGE1MWJiNkZKa1BCZU84VG1QckxnUXlHdlFGK0QyK3ZWNHg4MWtmMUxiRDZxcmxGTjc4YlNDTlhZNFlpbUhrN1RFQndKU09yT0h6bkp0enZ4dHpYd2lOUlV4K056djBJWkg2SXk0OHlvODRCVmw0TFVFdjBTSzZFVEhGNkNNWkViak04eDduRWpOMGdrVzZjQ21wTzFvdjQ4YTZYVlRnKzdZZ0NwejZiZncraHo2V3FCOEpXNzF2VU1Bb1JuS2psaGZnM0wzcEQyWTBGeEtneFJqUzB5UjBtZzB3MERpSkVmaDFjajFTVy9wRUdvMzRVdXpibFkvUWFwTUh0Zg==,2020-07-01 00:00:00+00,brs
fb844c60-a918-4a64-93aa-02e298a4a27b,Hasil Pencacahan Lengkap Sensus Pertanian 2023 - Tahap II: Usaha Pertanian Perorangan (UTP) Hortikultura Kota Malang,view_pdf,https://webapi.bps.go.id/cover.php?f=mA1s6X5FzRcpnm0YZc9tW2NrUDVaTEZwc3dEVGZzWjZDZTAydTZtZXhmSWxUQlZxTXdHZTQ1eUMwS3oxRkgyVXUyTzZWNGFVdW02UTJzbHZCUDkyMGJkdGJFNUJqcVVJRVhvbmpGdkwvbzhoWEpxejBMZ3Q4a0E5UTJQR09oYkFjeFFyKzAwcTlIbzlIckl6,https://webapi.bps.go.id/download.php?f=P3luEPYU/Q/MgKyNRJpv6DFuR2JGc2Qwb2VXOTdQemg1dmVNVVZTbklCbHNuRloxUDI3YUo2NGI2Q0dnZThaMTBtMVJlcGNHSFlFUW1TTzQzRkZKWFpmRVRIZlhydXc0OG9rSEx1YzJjMGd1bytMZXZNSGJ2UjMxRHB6d0lCeGJSSmNFMEJJa21PVURSMGlnaXVVeURtVU5LbW9pVkZ2UVNTdi84VlF4S0ZTcUQ4WUxnUXN6aWYwVjJLeUpraGMxcDdXNDFGNnltazBldlNhNGZRbU0yUU96eHRoS3RiRGdKazl0aVlzbWloMVJTVlVIMkNNQ3pzKy9lNHI4THZub3lRY2ZnRFdkYW1rT05TMEg1N3pzRUpLelhKdG96aWhucjEzMmppemljZEMyN09wcWtsaFREZ3dJYkVjeEk0UzlvdFU1S2VuUG1LRDlDQlZlUzlFUkxidURIc1JReFFsNGZaZDFXSC9obTRNN01lcWxEMVRkTVk3dXBxcz0=,2024-08-16 00:00:00+00,publikasi
fcf8afd2-cd16-4fee-a167-3887ab0818a8,Inflasi Februari 2022,download_file,https://webapi.bps.go.id/cover.php?f=2NQDvn7GRLGR0cHT+PAjP0d3QnNDeW9pV2hZV0M3ME9ZN3gzQUpmbjFWc3FrWFBLSHFXK25DUTExaTYyTmpHbFUwSnplMk53NUlCQXpIa3M5UDZac3VqekY3RGJiU0RiWlQwTHFnaHh1MmU0eXBIY1RMaDc4eDJ6Zm81VTl3clduRjlsU29wVWIvczBuOFQ4,https://webapi.bps.go.id/download.php?f=GVAVr6b7DtAg+f8QBSi6f2VqSmkzRzNkWHR6ZGo0dG85Mkdzd0F1TXo0WGR1ak9YTXNyN05QbzI3OE15eDBBa09KQzJRMG9xTVBwL3dmY0dRcVJzclNjR1A2emtwOGxtbVpyWndwejhhV21BbDcydU1OSno5RUhQcEwvNVIvZEJVNWJjVDczNXNhZFNxMEpnYXlKRm5aeFR2dGZOY0J3WVZORnE2VXMvUjBzc0l2VWlMbjJJcU9VK2tJejlzSlUrWnFJNVZIaDROQVJOdno5cw==,2022-03-01 00:00:00+00,infografis
fd2eed06-14b8-4d13-8bde-080d0b21b048,"Perkembangan IHK Kota Malang, Januari 2025",download_file,https://webapi.bps.go.id/cover.php?f=w07Ul7mobz/iA6MN1iSuezFFcDNEaDZ3K1JidFJWL081U0dyczMwa1JYSDdmbW1SR2x1TFREcDUwc05GVXB5c3c5L3l4d0pnVDIyOXNuaU9jcWhTOFdGekNKaklvdXVteG9aNmRYV1U1akdxM1JDaVpZdHpIaDlDckV1dzJkM0MzZnNRUkgvNmRURU1TcEdDQld3eC9xQ2tMd2M5aGwrV08wcTFzQT09,https://webapi.bps.go.id/download.php?f=owP972LW4rqIxa+4DPynQDUyY1YrS25zNmFSdGw0d0NqSCtTSmZIWXFGQWpWNlZJWGlVM1NJdVVHNVdZVGE3MHNtREFxaHhyN25oNitkODBVdWJLSFk0S3BFclp0eVExMFRkeWpYUHFGL1FMMEs2OXJaVjFWS0tWY1B5ajZ3ZHNHeW5OVnkxaEUyNXpBL0FaNXo1bzdBSnJjVEZXUGZXOU53YU52NVVtUmNmTy9rMEIwWjhsRG0rMFF2RVpyQzQxWThKa3BXbEw3WUh6Z3FjUTdQWFMwOEl4SC83c2pTbEcxMWdyYXJ6Z25xb1o2eVdDdTBOUTU5WU5ubjlEUXdqNzNYOVNjK1V5emEyT2ljNkE=,2025-02-03 00:00:00+00,infografis
fd646a6b-c5ce-42ca-bac2-71e9eb896241,"Indeks Pembangunan Manusia Kota Malang Tahun 2025 mencapai 85,55",view_pdf,https://webapi.bps.go.id/cover.php?f=40/iGqll786qOM+wr5jBFUVyUkkraVF6cGxvSmt6UEFmYUZUR1AzZkd6TVY0SE80WG5Jb2ZvZG9tY1dySStGbk8wd1dPOGVUWTRITm5qYlFZcDBUTTVPbXdtTU1tVFQ5TldJa2FnPT0=,https://webapi.bps.go.id/download.php?f=48OxjZKzV7kEVhjaQ+VPWDg3YW56UGR4SU41L0xKdFhwMFE4UUtUemV2MUtFWVJmVkVSL2tTdlFucm9Qalo4a0trVVNTUHpKMFZvUFRaZDVlTG5BdlVxOGhSYnRwTDdPOWRhZVY3R0hFUGUvT0YrQnlKY3oyWDNDbldzSG1MRnJocjFaYkVIdEdSZ01MU1ZicWVLNit5K3RPbW9tOEtJSzVxeWJyMVNKZkErZTdzdlNiRXUwN2lsT2w4NWxtV0xua2tnclhNOEh5SXA2dHBFSVRKRXpoM2ZuaUtQRzVDYVNYcmEzTWc9PQ==,2025-12-01 00:00:00+00,brs
fdb38ce7-d219-4059-9bc1-9b96ea0db50a,Perkembangan Indeks Harga Konsumen/ Inflasi September 2018,view_pdf,https://webapi.bps.go.id/cover.php?f=BZJVDTrlgbQxgZymF0fHQEo0bGZmTzZOMjZEMWZvam9zR3dZN1pJdGFlcld0K0FVdUNsVGRUMmVJRUFlS1J5OEhIb2htak9nZHA3djJrQXowalV6dG4wMklLeXJmZGdHTUVnWDBRPT0=,https://webapi.bps.go.id/download.php?f=flwTfK+v78scLbJDTjoRPjA2MTJCdDBFb3c3SGc0d1R5dWhEWGdoOUpJR0hSdG9Zc1libkFUbXJjdWlrbG9tSnJMb1RHR0NoSEVoM1ZaVUI5bU9jWTRaSlU5YjB3cWZYWHF4VXEvcy9pMENZbWw0bTBwNyt2MkVUYkw3TnArc29nRHJ3citzNm5Xalo2ZHNBNXNSeHpTc3FCQmFhQWhncUlGQTBNSlNPNlQzVkRmUVdENWhBRDhuNHBWR1NJOGJOS25TUXFOYjNkYlA4OFYrWFBlaWpCU2RhK2NmcCtjRnY2SUR4dUZuOStaVVVKMUs0YjRBc0p3K0l3T1B2WnVYaUF6RmI0anNJWUpwMUo0Mmo3Y3p3RWFJV2N2MTBFNHNlYnp1VGRjcUxNdk9ZcCtYVUhuZWk2cDB3NkRzRkdLeTNlTG05REVBT1loQUwrRlcycXRuSXBUKzNKS1grVHlEK0d0VDN3ZkxGUm92RkxscUZUc25ZcC9XRXU1VXU1MjRmN3lpTmNES1FIdU4rQVhHTW9SSmJxZm1JZlQ4OXRqMEZCamNzQWc9PQ==,2018-10-02 00:00:00+00,brs
fe2193db-57cc-45b3-bdc5-8b55d1e2fd98,Hasil Pencacahan Lengkap Sensus Pertanian 2023 - Tahap II: Usaha Pertanian Perorangan (UTP) Tanaman Perkebunan Kota Malang,view_pdf,https://webapi.bps.go.id/cover.php?f=bkUKlp9MwpsUKNK2XlWFpEdkU1gxMFIxOHZiN3NmOEZKbmJtWnMybC92VTdXelJJTjdNMUp5MDVMV1hLd3JZVm1QWDBpcUx6eDBEb2JPazdrWW83UG5vZzNJMHJoVElUUEVDdlFGM1Y2c3BIRVQ4cDRVS0hvTkNDdzJLY2F1eDEreWhIQkxQei80OVM3SlZE,https://webapi.bps.go.id/download.php?f=KJscSL4Rrt1eO8GKORxAj25PQkNxMit0RXVyci85ZUtrUEVuZHJzYWk5U2xBV0ZHaE5aZUFMNWgwajhYUE5acTVUWExrS09FcDhXRXJGOFk1bXpGRjlrTEUwbGI2TmROYy9XTndxT2dDQTZmK1VyMk1pdVllMkpjTGIzSUdPYzBOb01KMzhsRDI2MFQ1cklFZnhrUCsxYmx1RUZnTXdSdDdrNkF4dC8yZUh3MGFkU1kwS251M0laWUYyQWVpSmdYZDVoQ1V4ZUlva0h3WXZjMHJrZFFlTk5SalA4UXh2TmFxdy81V1BaYTFGdHcyYlQxVEhwWWloUWt0TDVPSW42N3p1TE1lQnNPYnA5dlJLYlE2dWlQQi9aM3VtTXgrTWF6a2g3MmRYMFBFYjJwTW1RaWh0bXdrVjJpcWxJczFOWTRUWjN5T1lRczFRNWdDK01xNkRVdzI1Q0pBOStpOFh2SEFmVFBEMUVyMmp2KzBJc0E3am9nVm1oNnNwTnR0bUxmYkN3NTZKNjg2bFViUElyZw==,2024-08-23 00:00:00+00,publikasi
fe6b55f3-549a-460c-ac31-3022304f844e,Perkembangan Inflasi/Indeks Harga Konsumen Bulan Juni 2022,view_pdf,https://webapi.bps.go.id/cover.php?f=TR1n4jNhY/orefF9l+Guk2pncVVNd05uMEtZT2JnMEdEUlBGMXdoTlFJT2xkRjZoRGM3WVhYckJKZlRrOXVGZUpraWk2eTk0Vy96eHBPVmp6YW5hZk02UzlaUmtHaDVKcEpJdVk3SHRKVkRsb1hQUUpET0R5SWVmY3VJPQ==,https://webapi.bps.go.id/download.php?f=ZJsk7hw86MZ20LQ3pvIyFVo2TzUyMnlaTWhjOUg5Sk1HYUh1V0hCNy81eTJoZm9pV0prRi94UUw4VGpzOFFZeHdBS2dCcFRaWTJ6cnQyaFJxTDFWbXIrYTNxMXZzWS8wc1BnU2xGUnpkRUkrd05PaHlUS1AwVXFxUWQxaHpZemxnNjgxeUMyZkNvZkxPRFgwUmdYZ3FYQysxRXNuVm1wSkd4RFVLaFpWdUZEV0NYL2dYcGVBYjArQ0pjTU1hMlFzRUZDZTVqS05jZDhkdmoxQnlrU2V3dWxJRWVSbDFyVUJPTkRCUWhmNnJKb0ZvdC9rb3lFV0ZuVndpU1h3QzljWDk3WFRWRU1zSmxUQjBXU2kxNzRobUZDNzdRRDM1NmF2aEhXOHBaWlNuenpNVFo2b2plVVM3U000QXNiVXhYdWhWNERwWC9mazd0Y3l4WFE3Nlp2MVlDK1ptOC9oTHd1VVJZcS94aVRNV2VXVVFIOXllZFJTbU5EdzVCTzVVRVM1ME44TU4yeUJrenVuWjQ5UA==,2022-07-01 00:00:00+00,brs
feeb16ed-fa9d-444d-8a84-dbac425270ab,"Perkembangan Inflasi Kota Malang, Desember 2023",download_file,https://webapi.bps.go.id/cover.php?f=nG77TsKvY/kmmBxqM0mLhis1VW5vdVVkNzlXdzFJZUhDVzJrYk4vb1ZQWEZBR3hId1VwSzdpaTNXQUl0WXUzNDlTZ1FCUk9nZ2FJYWpod29XU1Z5YUdFTUh3Vk5SeGpZU09OTFI3UXVaVThZMG9nZ1ZrT29BTWFWaTMyNS9qUGN4czRWdGNLSWFtdVBlbkF4T1Y5RDB0eEhsQlpVTHkrTW44azNOUT09,https://webapi.bps.go.id/download.php?f=VCH3p4PNDbiARrxMebOUm05IRTBaYVpPaThSeU5CY0dGYjV5VFUxbnM2OENCaStncjRobThzbHkrcmFpSW56WnRXQzc4MmZhbFNWWkd3TnEvNlFYVlVQMWh4TG1EVWNUejBMNG9xZldDQVdNTTdHUDZsWUx5SmZ0YUZRNXpnS3VaUEZmd0xBakxndVlMTDlaTWFjR2xwK3VscXJkQmlVc1NpM1FUM1RwQ3hLeVhiMUhVSlhRbWtzUnlIczRpenV3Ync0YTJCUitIUjlZWmN4OHE0bUE1VzRGWVpGODdzdW4rOTFhZ3hEQ21CNkhxY2xZYlcyeU9BcmdUNTJteTlNNGhQRGR3MThQSWNHSVc1d3N3ZTVqT2FWTk8rT2w1MjFOK0FWakVBPT0=,2024-01-02 00:00:00+00,infografis
ff09ae06-0d8b-4da9-bc7b-df53ff05b61b,Perkembangan Indeks Harga Konsumen/Inflasi Nopember  2014,view_pdf,https://webapi.bps.go.id/cover.php?f=pgmO7tXP0z+YWgQ/4efdd2l0RGZvYXdON1k5aU0xNjExUjFGWlJSeklkcVl2MGFXV2pKWVVFeE15eUFRSlZXUTVyZ3pyNWJnQzlhYmxXR0h0cENwV1JPVUJOeDJRZ2Z6eXIwRlJBPT0=,https://webapi.bps.go.id/download.php?f=+Yftt9mp63i4hcQ565Ahk0UwcGlqU0UyNEtPRERicTdMdTc4cEg0TU85NEEzS0NxeWxYQm01TUZiZzd2VVlaSFBuU2J4MVYxYlVoMTVZS3RMNk1jZzJvdkpOSXM1cEZUYktXdkpINU1Ydjdhc0hxZ1pFcUVkUmo0VXlpK2Ryd0c1eXJSMXVKSjV2RWtoRWsxOWxqS0kxZko1cjJ2QkJ3Q2NhRjF3dktJRWtMTFY1UEhBNVFoek1VYStNTy9SREJhN3VjSWpnWWVnMENyMk5UUjZpaWw0ckxiUGNsOUFzQXpWd1AzTDlDekM0WCtSajRPWTFyS3pWZ3VCdEFidHJzblJLOUwwYUVDOTRvcmZuQ1lmZzR1QUpFSHBDdUc0c1RmaUttQUYzeXVwTi9NT1E3SjFtOXBzSVpiUE9lcXZlSTdtOGdEMmlXbm1pOW9tTXBVdDFhT0JHS3oxZ0F5WEZ4ZUNZdXhxUGMxYmk2WWJjeEN0dkdoV0t0SDEvUll5dGY0NURFYU1qNGFlRE0xOGdGNA==,2014-12-01 00:00:00+00,brs
ff272ea0-1fc1-42b1-bfbf-b858c6040ebf,Perkembangan Indeks Harga Konsumen/Inflasi Januari 2018,view_pdf,https://webapi.bps.go.id/cover.php?f=JsLuhXz79mxuSRhwcxoZBDFvWFVnaGw0RSs5Z0IxL0p3YmFRZDRMZTlaOEV3b2pNdHJENXhJc2wzQW4rK3F4ZVNJVU4zQ1NDRHozUDhkREpKbk9xU2VXbHFUOGtDN1JuSXB0SU9BPT0=,https://webapi.bps.go.id/download.php?f=9SwvZ+zTHrhCclgZrKCqC1Z4U2dibXdqcWRWNmUwZlFQaXBnL3ZTM2pMU1h0OHBUc0h0cVU1M0pZOEFuaXBqQ2w2Q1BXTzF1TklTTTJqZ1BpaFJNckJQYlRaekIvakJhQ0tEZUdESmlZamNJN2lVcU5WRkJjTTBRTkFNbmpCUTZpNnBjazdEMlpyWHJoVk0zL2J0Mng0Q2FVdDRvTFB5aHZLdlRvZnhSYVMrV1ByUlZxWkNRcUNKc2F3V0I0amp4a0FVU0xTcmVwb28zR0dSK0I3YWE1T1lWZXdtM1hheDM0bXdXNnE0VU1iNnRDNldndXJJSk9zbGxSeXkzNTQxOGNWK0hEQWJWWGhuaHBnQWRpODVpV2lWWnVacG51UU1jT05vbUUySGJDL2N3SEFOcm1nQk4reERMSHhDTFFSRnkxeWhsMko2T1JBelZwMXRxV1RHOUFvbXZWT29zWWM2KzZmbDI1aEc3dENKWnVoWXB3dkFIVWdjTW9NU1FtQkxIQ2lnQzlocDJqQXcveS9mZg==,2018-02-03 00:00:00+00,brs
ff938cba-7ebf-4970-b2cb-38d94bec62c0,Direktori Perusahaan Industri Besar dan Sedang Kota Malang 2022,view_pdf,https://webapi.bps.go.id/cover.php?f=lbVphmxBm9a6CA/zrSossDZiazJ5UENCaExqQWo3Wi9VR3NGT1dENVhRbXBBbzQyb1cvOFRPNWk4STcrMzJDRjF1WmhVUEJhMFc5Z0Q2amZET0U1cXo3MHdTN3FKaC9xVzZodk1IbHNjQXR0d280d2lYdlBYd1p2RU9LY0hjM3NZbWszUTFDZnRXZzUwSnpj,https://webapi.bps.go.id/download.php?f=FTOzbMhKs+N1Qs/W/TqP3UJRdjJHTndOYyt5UjdQRkJSL3d0VEdGNXE4QVpaYitMY2pIZkJCQ2Z3RzNjczJrRittenR2K1orSHphWnBDd3Fia1ZrRFJpNlo3ZUdaSGFmREp6YW11ZWVSUFp0YWdxcDNzYnB5N2hYV29EY0xKekY5TExQTXJvUTQxdGRFV2lud1VYenNZNzcwT1JvR0Z4TUZvMnQ1ZG1TaHNGVjBxU2RWWUJHYktST0ZuZHFYWGkyWnhzYXFjUEJqa0FHR0p4bmpkQ2xiczZ3TW1QVTZrOHBqQ09xU0thT3lDS0tybTV4NzlDSUY3eVpTNnpJL1d4SmVWNDhITzFLY1FxbzRoUDYxd0w5VU42ZmVOK3p3TkppOVJBWlA4Z2hwWmQrbUpxUlpLQmhvTzdhMDN3PQ==,2023-01-10 00:00:00+00,publikasi